{
    "type": "FeatureCollection",
    "features": [
        {"type":"Feature","properties":{"id":"ad_06"},"geometry":{"type":"Polygon","coordinates":[[[1.707,42.503],[1.717,42.54],[1.761,42.568],[1.597,42.622],[1.451,42.602],[1.429,42.595],[1.45,42.504],[1.448,42.435],[1.573,42.453],[1.657,42.498],[1.707,42.503]]]}},
        {"type":"Feature","properties":{"id":"al_06"},"geometry":{"type":"Polygon","coordinates":[[[20.478,41.322],[20.449,41.388],[20.236,41.344],[20.108,41.403],[20.051,41.391],[19.911,41.51],[19.836,41.567],[19.686,41.558],[19.556,41.583],[19.414,41.383],[19.432,41.314],[19.516,41.26],[19.469,41.188],[19.448,41.009],[19.525,40.945],[19.414,40.869],[19.352,40.694],[19.305,40.653],[19.419,40.492],[19.479,40.454],[19.475,40.348],[19.381,40.295],[19.476,40.214],[19.749,40.085],[19.855,40.05],[19.906,39.913],[20.016,39.845],[20,39.694],[20.2,39.64],[20.299,39.728],[20.3,39.805],[20.393,39.835],[20.318,39.918],[20.433,40.064],[20.615,40.081],[20.74,40.309],[20.769,40.413],[20.912,40.46],[21.019,40.559],[21.037,40.64],[20.964,40.736],[20.965,40.849],[20.94,40.907],[20.837,40.924],[20.703,40.936],[20.664,41.059],[20.654,41.075],[20.597,41.086],[20.513,41.21],[20.495,41.25],[20.478,41.322]]]}},
        {"type":"Feature","properties":{"id":"al_10"},"geometry":{"type":"Polygon","coordinates":[[[20.567,41.873],[20.599,41.948],[20.552,42.074],[20.474,42.237],[20.333,42.318],[20.25,42.319],[20.153,42.493],[20.065,42.547],[19.829,42.469],[19.752,42.493],[19.747,42.589],[19.658,42.635],[19.518,42.458],[19.283,42.198],[19.37,42.107],[19.346,41.962],[19.365,41.852],[19.53,41.836],[19.605,41.632],[19.556,41.583],[19.686,41.558],[19.836,41.567],[19.911,41.51],[20.051,41.391],[20.108,41.403],[20.236,41.344],[20.449,41.388],[20.478,41.322],[20.539,41.403],[20.482,41.468],[20.444,41.55],[20.535,41.587],[20.5,41.734],[20.55,41.8],[20.541,41.845],[20.567,41.873]]]}},
        {"type":"Feature","properties":{"id":"am_gr"},"geometry":{"type":"Polygon","coordinates":[[[44.381,40.01],[44.522,39.934],[44.775,39.703],[44.953,39.736],[45.075,39.75],[45.141,39.684],[45.168,39.566],[45.266,39.593],[45.313,39.534],[45.424,39.494],[45.709,39.568],[45.788,39.549],[45.803,39.448],[45.764,39.359],[45.902,39.294],[45.986,39.235],[45.958,39.152],[46.136,38.864],[46.392,38.922],[46.514,38.882],[46.476,38.976],[46.479,39.115],[46.514,39.184],[46.599,39.222],[46.495,39.324],[46.375,39.379],[46.479,39.462],[46.527,39.538],[46.344,39.619],[46.206,39.588],[46.045,39.688],[45.979,39.768],[45.883,39.796],[45.809,39.851],[45.715,39.951],[45.578,39.984],[45.64,40.025],[45.874,40.01],[45.951,40.117],[45.979,40.224],[45.889,40.262],[45.819,40.297],[45.526,40.441],[45.374,40.651],[45.174,40.732],[45.065,40.654],[44.915,40.669],[44.797,40.65],[44.772,40.665],[44.527,40.7],[44.418,40.682],[44.429,40.613],[44.553,40.564],[44.505,40.38],[44.409,40.291],[44.426,40.201],[44.418,40.189],[44.44,40.153],[44.351,40.083],[44.381,40.01]]]}},
        {"type":"Feature","properties":{"id":"am_lo"},"geometry":{"type":"Polygon","coordinates":[[[45.002,41.29],[44.854,41.224],[44.613,41.223],[44.552,41.177],[44.191,41.23],[44.104,41.175],[43.978,41.165],[43.863,41.159],[43.73,41.107],[43.567,41.124],[43.44,41.107],[43.46,41.023],[43.605,40.963],[43.711,40.782],[43.729,40.677],[43.653,40.529],[43.564,40.465],[43.624,40.411],[43.594,40.345],[43.69,40.24],[43.721,40.169],[43.665,40.11],[43.912,40.024],[44.032,40.009],[44.255,40.043],[44.381,40.01],[44.351,40.083],[44.44,40.153],[44.418,40.189],[44.426,40.201],[44.409,40.291],[44.505,40.38],[44.553,40.564],[44.429,40.613],[44.418,40.682],[44.527,40.7],[44.772,40.665],[44.797,40.65],[44.915,40.669],[45.065,40.654],[45.174,40.732],[45.374,40.651],[45.478,40.748],[45.582,40.799],[45.443,40.948],[45.382,41.011],[45.222,41.014],[45.167,41.108],[45.187,41.157],[45.052,41.192],[45.002,41.29]]]}},
        {"type":"Feature","properties":{"id":"at_3"},"geometry":{"type":"Polygon","coordinates":[[[14.691,48.587],[14.906,48.527],[14.975,48.334],[14.969,48.247],[14.675,48.182],[14.565,48.244],[14.485,48.218],[14.445,48.043],[14.751,47.902],[14.699,47.769],[14.883,47.725],[15.187,47.78],[15.339,47.825],[15.726,47.69],[15.743,47.637],[15.917,47.533],[16.08,47.517],[16.148,47.443],[16.02,47.372],[16.136,47.025],[16.019,46.923],[16.028,46.837],[16.053,46.846],[16.094,46.863],[16.275,47.004],[16.437,47.032],[16.51,47.138],[16.413,47.187],[16.469,47.293],[16.425,47.351],[16.627,47.446],[16.688,47.523],[16.63,47.622],[16.558,47.63],[16.408,47.661],[16.61,47.751],[16.717,47.697],[16.797,47.675],[17.055,47.702],[17.04,47.837],[17.148,48.005],[17.07,48.036],[17.062,48.113],[16.982,48.161],[16.951,48.277],[16.844,48.366],[16.861,48.444],[16.949,48.545],[16.945,48.604],[16.873,48.719],[16.662,48.74],[16.643,48.778],[16.436,48.795],[16.358,48.727],[16.032,48.758],[15.818,48.872],[15.681,48.858],[15.544,48.903],[15.263,48.983],[14.982,49.008],[14.919,48.762],[14.8,48.777],[14.704,48.673],[14.691,48.587]]]}},
        {"type":"Feature","properties":{"id":"at_4"},"geometry":{"type":"Polygon","coordinates":[[[12.563,47.642],[12.658,47.571],[12.679,47.499],[12.614,47.42],[12.457,47.333],[12.315,47.333],[12.096,47.28],[12.084,47.176],[12.133,47.079],[12.204,47.067],[12.38,47.144],[12.578,47.144],[12.634,47.112],[12.914,47.076],[13.059,47.029],[13.308,47.087],[13.606,47.044],[13.782,46.954],[13.937,47.151],[13.797,47.302],[13.631,47.306],[13.565,47.445],[13.582,47.486],[13.674,47.474],[13.73,47.546],[13.687,47.664],[13.823,47.72],[13.997,47.699],[14.06,47.626],[14.195,47.658],[14.347,47.626],[14.699,47.769],[14.751,47.902],[14.445,48.043],[14.485,48.218],[14.565,48.244],[14.675,48.182],[14.969,48.247],[14.975,48.334],[14.906,48.527],[14.691,48.587],[14.444,48.637],[14.316,48.558],[14.075,48.592],[13.982,48.706],[13.816,48.766],[13.802,48.612],[13.714,48.523],[13.521,48.585],[13.406,48.377],[13.274,48.307],[13.033,48.264],[12.745,48.121],[12.848,47.982],[12.991,47.847],[12.892,47.724],[13.045,47.697],[13.075,47.647],[13.037,47.493],[12.943,47.47],[12.779,47.555],[12.745,47.665],[12.563,47.642]]]}},
        {"type":"Feature","properties":{"id":"at_6"},"geometry":{"type":"Polygon","coordinates":[[[14.699,47.769],[14.347,47.626],[14.195,47.658],[14.06,47.626],[13.997,47.699],[13.823,47.72],[13.687,47.664],[13.73,47.546],[13.674,47.474],[13.582,47.486],[13.565,47.445],[13.631,47.306],[13.797,47.302],[13.937,47.151],[13.782,46.954],[13.606,47.044],[13.308,47.087],[13.059,47.029],[12.914,47.076],[12.634,47.112],[12.744,47.058],[12.735,47.004],[12.829,46.876],[12.945,46.775],[12.724,46.749],[12.671,46.652],[12.748,46.641],[12.83,46.61],[13.065,46.598],[13.231,46.552],[13.478,46.564],[13.701,46.52],[13.891,46.512],[14.015,46.483],[14.148,46.44],[14.242,46.438],[14.437,46.419],[14.562,46.392],[14.673,46.46],[14.797,46.519],[14.815,46.551],[14.894,46.605],[14.92,46.615],[15.086,46.648],[15.106,46.646],[15.173,46.641],[15.333,46.644],[15.435,46.627],[15.514,46.633],[15.52,46.648],[15.622,46.678],[15.785,46.712],[15.968,46.695],[16.017,46.671],[15.971,46.775],[16.028,46.837],[16.019,46.923],[16.136,47.025],[16.02,47.372],[16.148,47.443],[16.08,47.517],[15.917,47.533],[15.743,47.637],[15.726,47.69],[15.339,47.825],[15.187,47.78],[14.883,47.725],[14.699,47.769]]]}},
        {"type":"Feature","properties":{"id":"at_7"},"geometry":{"type":"MultiPolygon","coordinates":[[[[9.554,47.533],[9.547,47.535],[9.553,47.517],[9.65,47.41],[9.521,47.263],[9.534,47.251],[9.543,47.235],[9.554,47.212],[9.562,47.191],[9.552,47.176],[9.552,47.167],[9.567,47.161],[9.61,47.122],[9.614,47.111],[9.605,47.078],[9.588,47.063],[9.581,47.057],[9.858,47.015],[9.862,46.94],[10.125,46.847],[10.368,46.996],[10.458,46.937],[10.454,46.864],[10.662,46.861],[10.755,46.791],[10.997,46.769],[11.092,46.912],[11.157,46.957],[11.314,46.987],[11.596,47],[11.746,46.972],[12.133,47.079],[12.084,47.176],[12.096,47.28],[12.315,47.333],[12.457,47.333],[12.614,47.42],[12.679,47.499],[12.658,47.571],[12.563,47.642],[12.424,47.692],[12.202,47.678],[12.166,47.604],[11.936,47.611],[11.82,47.575],[11.62,47.59],[11.551,47.514],[11.413,47.506],[11.259,47.401],[11.084,47.39],[10.79,47.516],[10.608,47.562],[10.431,47.542],[10.452,47.439],[10.306,47.302],[10.175,47.272],[10.191,47.379],[10.073,47.365],[10.072,47.439],[9.949,47.524],[9.813,47.542],[9.554,47.533]]],[[[12.47,46.676],[12.671,46.652],[12.724,46.749],[12.945,46.775],[12.829,46.876],[12.735,47.004],[12.744,47.058],[12.634,47.112],[12.578,47.144],[12.38,47.144],[12.204,47.067],[12.111,46.993],[12.269,46.789],[12.47,46.676]]]]}},
        {"type":"Feature","properties":{"id":"az_bab"},"geometry":{"type":"Polygon","coordinates":[[[44.775,39.703],[44.807,39.64],[44.824,39.631],[44.886,39.606],[44.957,39.434],[45.051,39.387],[45.114,39.309],[45.153,39.214],[45.283,39.193],[45.439,39.004],[45.536,38.968],[45.768,38.939],[46.136,38.864],[45.958,39.152],[45.986,39.235],[45.902,39.294],[45.764,39.359],[45.803,39.448],[45.788,39.549],[45.709,39.568],[45.424,39.494],[45.313,39.534],[45.266,39.593],[45.168,39.566],[45.141,39.684],[45.075,39.75],[44.953,39.736],[44.775,39.703]]]}},
        {"type":"Feature","properties":{"id":"az_hac"},"geometry":{"type":"Polygon","coordinates":[[[48.328,39.376],[48.125,39.298],[48.142,39.181],[48.271,39.108],[48.302,39.018],[48.243,38.974],[48.059,38.948],[47.991,38.891],[48.013,38.822],[48.226,38.713],[48.31,38.6],[48.415,38.618],[48.536,38.469],[48.608,38.396],[48.778,38.445],[48.874,38.434],[48.869,38.602],[48.863,38.748],[48.847,38.788],[48.896,38.891],[48.918,38.929],[48.968,39.184],[49.059,39.173],[49.194,39.016],[49.234,39.156],[49.237,39.279],[49.306,39.347],[49.409,39.386],[49.285,39.508],[49.359,39.667],[49.357,39.812],[49.292,39.953],[49.169,40.145],[49.004,40.16],[48.851,40.328],[48.747,40.345],[48.672,40.268],[48.474,40.331],[48.44,40.278],[48.458,40.138],[48.317,40.04],[48.25,39.98],[48.241,39.785],[48.349,39.737],[48.379,39.622],[48.434,39.662],[48.582,39.652],[48.767,39.606],[48.74,39.502],[48.764,39.409],[48.682,39.42],[48.641,39.325],[48.508,39.382],[48.378,39.301],[48.328,39.376]]]}},
        {"type":"Feature","properties":{"id":"az_imi"},"geometry":{"type":"Polygon","coordinates":[[[46.616,41.109],[46.73,41.072],[46.76,40.966],[46.731,40.765],[46.828,40.714],[46.772,40.651],[46.89,40.624],[46.924,40.48],[46.969,40.416],[47.078,40.302],[47.086,40.167],[47.229,40.17],[47.102,40.044],[47.094,39.926],[47.263,39.929],[47.249,39.857],[47.339,39.75],[47.312,39.708],[47.466,39.738],[47.625,39.612],[47.625,39.571],[47.788,39.658],[47.958,39.707],[48.052,39.65],[48.317,39.415],[48.328,39.376],[48.378,39.301],[48.508,39.382],[48.641,39.325],[48.682,39.42],[48.764,39.409],[48.74,39.502],[48.767,39.606],[48.582,39.652],[48.434,39.662],[48.379,39.622],[48.349,39.737],[48.241,39.785],[48.25,39.98],[48.317,40.04],[48.458,40.138],[48.44,40.278],[48.326,40.353],[48.322,40.43],[48.181,40.406],[48.08,40.448],[48.108,40.532],[48.027,40.513],[48.006,40.626],[47.732,40.675],[47.805,40.756],[47.919,40.814],[47.98,40.884],[47.949,40.979],[48.031,41.063],[47.926,41.158],[47.813,41.197],[47.695,41.207],[47.568,41.205],[47.501,41.246],[47.367,41.262],[47.268,41.303],[47.179,41.492],[47.107,41.57],[47.028,41.557],[46.907,41.707],[46.835,41.73],[46.71,41.835],[46.587,41.787],[46.526,41.882],[46.431,41.89],[46.298,41.751],[46.208,41.756],[46.193,41.61],[46.28,41.571],[46.297,41.51],[46.63,41.346],[46.688,41.284],[46.616,41.109]]]}},
        {"type":"Feature","properties":{"id":"az_kal"},"geometry":{"type":"Polygon","coordinates":[[[45.333,41.444],[45.25,41.445],[45.098,41.35],[45.002,41.29],[45.052,41.192],[45.187,41.157],[45.167,41.108],[45.222,41.014],[45.382,41.011],[45.443,40.948],[45.582,40.799],[45.478,40.748],[45.374,40.651],[45.526,40.441],[45.819,40.297],[45.889,40.262],[45.979,40.224],[45.951,40.117],[45.874,40.01],[45.64,40.025],[45.578,39.984],[45.715,39.951],[45.809,39.851],[45.883,39.796],[45.979,39.768],[46.045,39.688],[46.206,39.588],[46.344,39.619],[46.527,39.538],[46.479,39.462],[46.375,39.379],[46.495,39.324],[46.599,39.222],[46.514,39.184],[46.479,39.115],[46.476,38.976],[46.514,38.882],[46.745,39.04],[46.866,39.165],[47.02,39.19],[47.102,39.308],[47.261,39.366],[47.374,39.456],[47.554,39.522],[47.625,39.571],[47.625,39.612],[47.466,39.738],[47.312,39.708],[47.339,39.75],[47.249,39.857],[47.263,39.929],[47.094,39.926],[47.102,40.044],[47.229,40.17],[47.086,40.167],[47.078,40.302],[46.969,40.416],[46.924,40.48],[46.89,40.624],[46.772,40.651],[46.828,40.714],[46.731,40.765],[46.76,40.966],[46.73,41.072],[46.616,41.109],[46.497,41.045],[46.332,41.116],[46.229,41.195],[46.088,41.184],[45.969,41.168],[45.77,41.232],[45.686,41.296],[45.721,41.342],[45.333,41.444]]]}},
        {"type":"Feature","properties":{"id":"az_qba"},"geometry":{"type":"Polygon","coordinates":[[[47.813,41.197],[47.926,41.158],[48.031,41.063],[47.949,40.979],[47.98,40.884],[47.919,40.814],[47.805,40.756],[47.732,40.675],[48.006,40.626],[48.027,40.513],[48.108,40.532],[48.08,40.448],[48.181,40.406],[48.322,40.43],[48.326,40.353],[48.44,40.278],[48.474,40.331],[48.672,40.268],[48.747,40.345],[48.851,40.328],[49.004,40.16],[49.169,40.145],[49.292,39.953],[49.357,39.812],[49.359,39.667],[49.424,39.71],[49.395,39.782],[49.484,39.989],[49.443,40.078],[49.577,40.217],[49.778,40.276],[49.893,40.369],[50.004,40.324],[50.055,40.352],[50.23,40.343],[50.371,40.283],[50.336,40.406],[50.238,40.496],[50.13,40.518],[50.052,40.584],[49.817,40.565],[49.71,40.586],[49.532,40.663],[49.539,40.788],[49.371,40.885],[49.195,41.057],[49.172,41.14],[49.136,41.275],[49.079,41.357],[48.904,41.523],[48.866,41.585],[48.655,41.801],[48.579,41.845],[48.462,41.721],[48.37,41.58],[48.202,41.493],[48.054,41.461],[48.002,41.362],[47.813,41.197]]]}},
        {"type":"Feature","properties":{"id":"ba_x02"},"geometry":{"type":"Polygon","coordinates":[[[19.031,44.568],[19.18,44.538],[19.328,44.734],[19.357,44.896],[19.174,44.925],[19.016,44.866],[18.975,44.863],[18.842,44.876],[18.805,44.974],[18.689,45.08],[18.535,45.088],[18.482,45.067],[18.452,45.085],[18.238,45.157],[18.144,45.098],[17.988,45.144],[17.836,45.064],[17.766,45.111],[17.685,45.164],[17.572,45.12],[17.125,45.169],[16.933,45.279],[16.786,45.179],[16.587,45.221],[16.482,45.2],[16.382,45.108],[16.346,45.02],[16.213,45.031],[15.998,45.219],[15.803,45.196],[15.734,44.934],[15.773,44.845],[15.717,44.786],[15.806,44.697],[15.896,44.719],[16.116,44.521],[16.206,44.351],[16.216,44.208],[16.327,44.082],[16.527,43.968],[16.679,43.841],[16.713,43.772],[16.824,43.707],[17.062,43.528],[17.254,43.559],[17.299,43.538],[17.499,43.587],[17.531,43.65],[17.391,43.745],[17.393,43.857],[17.459,43.86],[17.328,43.945],[17.249,44.068],[17.263,44.182],[17.153,44.325],[17.151,44.458],[17.408,44.442],[17.502,44.366],[17.733,44.375],[17.917,44.47],[17.915,44.546],[17.835,44.639],[17.888,44.72],[18.016,44.72],[18.137,44.58],[18.287,44.575],[18.357,44.654],[18.136,44.713],[18.086,44.787],[18.287,44.801],[18.347,44.899],[18.495,44.909],[18.748,44.845],[18.804,44.745],[18.739,44.625],[18.848,44.542],[18.951,44.633],[19.031,44.568]]]}},
        {"type":"Feature","properties":{"id":"ba_x07"},"geometry":{"type":"Polygon","coordinates":[[[18.437,42.559],[18.507,42.598],[18.543,42.626],[18.54,42.695],[18.467,42.769],[18.453,42.993],[18.639,43.02],[18.621,43.125],[18.664,43.233],[18.899,43.352],[18.99,43.272],[19.023,43.297],[19.01,43.411],[18.911,43.507],[19.195,43.533],[19.253,43.589],[19.363,43.602],[19.482,43.561],[19.506,43.674],[19.462,43.762],[19.241,43.952],[19.552,43.983],[19.619,44.036],[19.516,44.091],[19.362,44.191],[19.324,44.264],[19.177,44.287],[19.107,44.383],[19.13,44.518],[19.18,44.538],[19.031,44.568],[19.02,44.476],[18.838,44.416],[18.754,44.358],[18.792,44.215],[18.763,44.149],[18.737,44.12],[18.587,44.049],[18.509,43.992],[18.506,43.856],[18.383,43.838],[18.416,43.738],[18.609,43.684],[18.674,43.678],[18.739,43.766],[18.95,43.742],[19.057,43.673],[18.885,43.592],[18.694,43.583],[18.583,43.637],[18.413,43.69],[18.39,43.594],[18.383,43.588],[18.356,43.438],[18.03,43.445],[18.056,43.109],[18.014,42.967],[18.04,42.885],[18.346,42.649],[18.37,42.574],[18.437,42.559]]]}},
        {"type":"Feature","properties":{"id":"be_vwv"},"geometry":{"type":"Polygon","coordinates":[[[2.867,50.7],[2.842,50.751],[3.024,50.768],[3.163,50.75],[3.458,50.769],[3.635,50.722],[3.675,50.772],[3.895,50.734],[3.907,50.695],[4.1,50.707],[4.24,50.692],[4.458,50.755],[4.635,50.744],[4.75,50.809],[4.833,50.765],[5.019,50.752],[5.101,50.71],[5.431,50.721],[5.657,50.808],[5.622,50.853],[5.722,50.959],[5.841,51.139],[5.551,51.217],[5.472,51.288],[5.239,51.257],[5.123,51.313],[5.012,51.474],[4.91,51.392],[4.731,51.486],[4.654,51.426],[4.525,51.476],[4.377,51.443],[4.281,51.369],[4.261,51.369],[4.299,51.27],[4.221,51.368],[4.119,51.272],[3.927,51.206],[3.635,51.288],[3.399,51.245],[3.349,51.375],[3.125,51.33],[2.522,51.088],[2.608,50.961],[2.62,50.816],[2.867,50.7]]]}},
        {"type":"Feature","properties":{"id":"be_wlx"},"geometry":{"type":"MultiPolygon","coordinates":[[[[6.373,50.323],[6.319,50.482],[6.199,50.49],[6.233,50.587],[6.081,50.713],[5.995,50.75],[5.891,50.751],[5.733,50.759],[5.657,50.808],[5.431,50.721],[5.101,50.71],[5.019,50.752],[4.833,50.765],[4.75,50.809],[4.635,50.744],[4.458,50.755],[4.24,50.692],[4.1,50.707],[3.907,50.695],[3.895,50.734],[3.675,50.772],[3.635,50.722],[3.458,50.769],[3.163,50.75],[3.224,50.705],[3.271,50.527],[3.344,50.493],[3.463,50.519],[3.644,50.446],[3.662,50.319],[3.755,50.346],[4.023,50.338],[4.157,50.213],[4.128,50.146],[4.21,50.06],[4.132,49.975],[4.216,49.954],[4.428,49.934],[4.657,49.989],[4.682,50.084],[4.789,50.153],[4.863,50.084],[4.788,49.974],[4.845,49.932],[4.849,49.794],[4.968,49.797],[5.192,49.683],[5.259,49.691],[5.391,49.609],[5.478,49.495],[5.645,49.544],[5.791,49.538],[5.885,49.644],[5.856,49.706],[5.738,49.789],[5.715,49.882],[5.813,49.978],[5.872,50.097],[6.023,50.151],[6.117,50.12],[6.147,50.214],[6.373,50.323]]],[[[3.024,50.768],[2.842,50.751],[2.867,50.7],[3.024,50.768]]]]}},
        {"type":"Feature","properties":{"id":"bg_02"},"geometry":{"type":"Polygon","coordinates":[[[27.048,42.083],[27.174,42.057],[27.273,42.092],[27.533,41.908],[27.609,41.953],[27.808,41.993],[28.017,41.973],[27.987,42.072],[27.904,42.12],[27.751,42.277],[27.692,42.428],[27.629,42.459],[27.473,42.462],[27.511,42.553],[27.634,42.564],[27.628,42.629],[27.743,42.716],[27.892,42.711],[27.884,42.848],[27.885,43.009],[27.944,43.157],[28.087,43.355],[28.157,43.408],[28.322,43.428],[28.459,43.381],[28.56,43.454],[28.604,43.538],[28.573,43.606],[28.578,43.741],[28.435,43.735],[28.221,43.762],[27.981,43.849],[27.936,43.964],[27.856,43.989],[27.722,43.949],[27.683,43.987],[27.656,44.024],[27.384,44.015],[27.253,44.122],[27.027,44.177],[26.789,44.116],[26.416,44.064],[26.332,44.055],[26.396,43.95],[26.546,43.945],[26.617,43.869],[26.86,43.806],[27.001,43.7],[26.723,43.485],[26.723,43.411],[26.781,43.368],[26.766,43.252],[26.657,43.121],[26.63,43.006],[26.574,42.987],[26.572,42.924],[26.593,42.676],[26.661,42.696],[26.719,42.689],[26.87,42.471],[27.09,42.337],[27.02,42.184],[27.048,42.083]]]}},
        {"type":"Feature","properties":{"id":"bg_04"},"geometry":{"type":"Polygon","coordinates":[[[26.332,44.055],[26.151,44.012],[25.934,43.87],[25.781,43.732],[25.733,43.719],[25.482,43.67],[25.36,43.654],[25.285,43.69],[25.187,43.589],[25.19,43.442],[25.226,43.337],[25.112,43.28],[25.073,43.181],[24.985,43.196],[24.867,42.987],[24.895,42.889],[24.978,42.853],[25.011,42.759],[25.012,42.748],[25.216,42.773],[25.394,42.736],[25.62,42.767],[25.811,42.783],[25.883,42.568],[25.873,42.45],[25.979,42.271],[26.025,42.153],[26.13,42.157],[26.143,42.046],[26.462,41.949],[26.553,41.882],[26.624,41.969],[26.838,41.975],[26.939,41.996],[27.048,42.083],[27.02,42.184],[27.09,42.337],[26.87,42.471],[26.719,42.689],[26.661,42.696],[26.593,42.676],[26.572,42.924],[26.574,42.987],[26.63,43.006],[26.657,43.121],[26.766,43.252],[26.781,43.368],[26.723,43.411],[26.723,43.485],[27.001,43.7],[26.86,43.806],[26.617,43.869],[26.546,43.945],[26.396,43.95],[26.332,44.055]]]}},
        {"type":"Feature","properties":{"id":"bg_15"},"geometry":{"type":"Polygon","coordinates":[[[22.692,44.228],[22.606,44.175],[22.605,44.079],[22.466,44.018],[22.4,43.993],[22.349,43.808],[22.39,43.712],[22.473,43.636],[22.519,43.474],[22.659,43.401],[22.724,43.386],[22.833,43.275],[22.983,43.187],[23.127,43.117],[23.363,43.134],[23.399,43.163],[23.553,43.009],[23.634,43.053],[23.977,43.06],[24.151,42.909],[24.159,42.781],[24.397,42.755],[24.5,42.792],[24.631,42.775],[24.704,42.717],[24.925,42.714],[25.011,42.759],[24.978,42.853],[24.895,42.889],[24.867,42.987],[24.985,43.196],[25.073,43.181],[25.112,43.28],[25.226,43.337],[25.19,43.442],[25.187,43.589],[25.285,43.69],[24.964,43.75],[24.753,43.739],[24.662,43.756],[24.5,43.799],[24.337,43.759],[24.15,43.755],[23.8,43.818],[23.621,43.834],[23.485,43.881],[23.325,43.887],[23.053,43.843],[22.92,43.834],[22.851,43.897],[22.886,43.995],[23.023,44.032],[23.008,44.1],[22.906,44.123],[22.692,44.228]]]}},
        {"type":"Feature","properties":{"id":"bg_16"},"geometry":{"type":"Polygon","coordinates":[[[25.011,42.759],[24.925,42.714],[24.704,42.717],[24.631,42.775],[24.5,42.792],[24.397,42.755],[24.373,42.662],[24.408,42.562],[24.394,42.464],[24.489,42.241],[24.441,42.071],[24.451,41.949],[24.424,41.89],[24.214,41.741],[24.15,41.791],[24.073,41.686],[24.078,41.624],[24.198,41.548],[24.287,41.518],[24.531,41.548],[24.596,41.43],[24.719,41.396],[24.886,41.401],[25.154,41.308],[25.286,41.239],[25.551,41.316],[25.691,41.298],[25.811,41.341],[25.882,41.304],[26.121,41.358],[26.174,41.446],[26.107,41.624],[26.059,41.644],[26.108,41.728],[26.234,41.746],[26.333,41.713],[26.376,41.817],[26.526,41.824],[26.553,41.882],[26.462,41.949],[26.143,42.046],[26.13,42.157],[26.025,42.153],[25.979,42.271],[25.873,42.45],[25.883,42.568],[25.811,42.783],[25.62,42.767],[25.394,42.736],[25.216,42.773],[25.012,42.748],[25.011,42.759]]]}},
        {"type":"Feature","properties":{"id":"bg_23"},"geometry":{"type":"Polygon","coordinates":[[[23.625,41.377],[23.754,41.401],[23.903,41.464],[24.053,41.471],[24.047,41.526],[24.198,41.548],[24.078,41.624],[24.073,41.686],[24.15,41.791],[24.214,41.741],[24.424,41.89],[24.451,41.949],[24.441,42.071],[24.489,42.241],[24.394,42.464],[24.408,42.562],[24.373,42.662],[24.397,42.755],[24.159,42.781],[24.151,42.909],[23.977,43.06],[23.634,43.053],[23.553,43.009],[23.399,43.163],[23.363,43.134],[23.127,43.117],[22.983,43.187],[22.935,43.086],[22.74,42.899],[22.545,42.872],[22.43,42.817],[22.481,42.74],[22.441,42.633],[22.43,42.571],[22.525,42.508],[22.509,42.405],[22.424,42.326],[22.345,42.313],[22.507,42.149],[22.627,42.079],[22.846,42.007],[22.882,41.872],[22.985,41.677],[22.941,41.638],[22.944,41.523],[22.917,41.336],[23.115,41.313],[23.288,41.398],[23.625,41.377]]]}},
        {"type":"Feature","properties":{"id":"bih_2228"},"geometry":{"type":"Polygon","coordinates":[[[18.37,42.574],[18.346,42.649],[18.04,42.885],[18.014,42.967],[18.056,43.109],[18.03,43.445],[18.356,43.438],[18.383,43.588],[18.39,43.594],[18.413,43.69],[18.583,43.637],[18.694,43.583],[18.885,43.592],[19.057,43.673],[18.95,43.742],[18.739,43.766],[18.674,43.678],[18.609,43.684],[18.416,43.738],[18.383,43.838],[18.506,43.856],[18.509,43.992],[18.587,44.049],[18.737,44.12],[18.763,44.149],[18.792,44.215],[18.754,44.358],[18.838,44.416],[19.02,44.476],[19.031,44.568],[18.951,44.633],[18.848,44.542],[18.739,44.625],[18.804,44.745],[18.748,44.845],[18.495,44.909],[18.347,44.899],[18.287,44.801],[18.086,44.787],[18.136,44.713],[18.357,44.654],[18.287,44.575],[18.137,44.58],[18.016,44.72],[17.888,44.72],[17.835,44.639],[17.915,44.546],[17.917,44.47],[17.733,44.375],[17.502,44.366],[17.408,44.442],[17.151,44.458],[17.153,44.325],[17.263,44.182],[17.249,44.068],[17.328,43.945],[17.459,43.86],[17.393,43.857],[17.391,43.745],[17.531,43.65],[17.499,43.587],[17.299,43.538],[17.254,43.559],[17.062,43.528],[17.239,43.478],[17.268,43.353],[17.329,43.26],[17.451,43.148],[17.598,43.073],[17.663,42.966],[17.581,42.942],[17.653,42.891],[17.826,42.889],[17.858,42.817],[18.224,42.628],[18.37,42.574]]]}},
        {"type":"Feature","properties":{"id":"by_br"},"geometry":{"type":"Polygon","coordinates":[[[27.271,52.361],[27.128,52.416],[27.06,52.52],[27.021,52.745],[26.8,52.773],[26.739,52.83],[26.578,52.886],[26.442,52.889],[26.383,52.968],[26.463,53.113],[26.382,53.118],[26.294,53.225],[26.399,53.265],[26.377,53.365],[26.273,53.351],[25.72,53.395],[25.569,53.244],[25.599,53.127],[25.525,53.025],[25.259,52.865],[25.053,52.841],[24.929,52.96],[24.801,52.933],[24.686,52.96],[24.571,52.865],[24.553,52.748],[24.388,52.775],[23.92,52.773],[23.909,52.7],[23.736,52.615],[23.569,52.586],[23.392,52.51],[23.212,52.348],[23.176,52.285],[23.212,52.232],[23.396,52.2],[23.637,52.084],[23.676,51.994],[23.56,51.755],[23.54,51.607],[23.606,51.517],[23.594,51.605],[23.75,51.644],[23.981,51.586],[24.244,51.718],[24.391,51.88],[24.722,51.882],[25.003,51.91],[25.183,51.95],[25.352,51.921],[25.547,51.919],[25.768,51.929],[26.081,51.901],[26.175,51.857],[26.408,51.851],[26.446,51.806],[26.666,51.801],[26.855,51.749],[27.022,51.765],[27.178,51.747],[27.254,51.595],[27.512,51.623],[27.555,51.75],[27.503,51.844],[27.59,52.026],[27.527,52.073],[27.523,52.237],[27.271,52.361]]]}},
        {"type":"Feature","properties":{"id":"by_ho"},"geometry":{"type":"Polygon","coordinates":[[[31.764,52.101],[31.683,52.257],[31.567,52.311],[31.608,52.372],[31.579,52.578],[31.481,52.683],[31.57,52.725],[31.505,52.849],[31.388,52.888],[31.247,53.014],[31.362,53.12],[31.109,53.13],[31.102,53.202],[30.991,53.304],[30.873,53.281],[30.64,53.279],[30.488,53.318],[30.379,53.262],[30.173,53.239],[30.146,53.286],[29.982,53.343],[29.818,53.352],[29.751,53.299],[29.762,53.171],[29.632,53.102],[29.691,52.942],[29.544,52.956],[29.392,52.921],[29.17,52.942],[29.083,52.876],[28.969,52.866],[28.96,52.798],[28.83,52.722],[28.469,52.68],[28.406,52.632],[28.404,52.515],[28.341,52.481],[28.134,52.466],[27.988,52.519],[27.929,52.441],[27.706,52.438],[27.519,52.537],[27.344,52.478],[27.271,52.361],[27.523,52.237],[27.527,52.073],[27.59,52.026],[27.503,51.844],[27.555,51.75],[27.512,51.623],[27.705,51.568],[27.666,51.49],[27.787,51.511],[27.813,51.602],[28.071,51.558],[28.21,51.652],[28.347,51.525],[28.488,51.572],[28.604,51.554],[28.631,51.464],[28.704,51.443],[28.8,51.533],[28.955,51.563],[29.044,51.626],[29.16,51.603],[29.221,51.467],[29.353,51.377],[29.466,51.385],[29.618,51.486],[29.829,51.43],[29.886,51.465],[30.149,51.484],[30.329,51.389],[30.355,51.305],[30.555,51.243],[30.638,51.336],[30.534,51.553],[30.57,51.7],[30.662,51.819],[30.941,52.02],[30.959,52.075],[31.135,52.077],[31.252,52.044],[31.304,52.097],[31.475,52.118],[31.764,52.101]]]}},
        {"type":"Feature","properties":{"id":"by_hr"},"geometry":{"type":"Polygon","coordinates":[[[26.377,53.365],[26.559,53.401],[26.462,53.631],[26.357,53.656],[26.253,53.734],[26.303,53.803],[26.218,53.866],[26.419,53.952],[26.334,54.057],[26.203,54.035],[26.113,54.199],[26.406,54.241],[26.5,54.314],[26.682,54.579],[26.595,54.636],[26.542,54.747],[26.338,54.863],[26.348,54.943],[26.17,54.993],[26.103,54.957],[25.908,54.948],[25.783,54.87],[25.71,54.676],[25.74,54.569],[25.646,54.52],[25.613,54.422],[25.53,54.346],[25.696,54.321],[25.787,54.232],[25.74,54.146],[25.493,54.158],[25.554,54.231],[25.472,54.297],[25.37,54.248],[25.194,54.244],[25.072,54.132],[24.851,54.145],[24.782,54.093],[24.821,54.02],[24.529,53.958],[24.378,53.887],[24.257,53.894],[24.201,53.952],[23.92,53.948],[23.643,53.899],[23.486,53.939],[23.591,53.611],[23.783,53.271],[23.894,53.152],[23.861,53.087],[23.91,53.013],[23.92,52.773],[24.388,52.775],[24.553,52.748],[24.571,52.865],[24.686,52.96],[24.801,52.933],[24.929,52.96],[25.053,52.841],[25.259,52.865],[25.525,53.025],[25.599,53.127],[25.569,53.244],[25.72,53.395],[26.273,53.351],[26.377,53.365]]]}},
        {"type":"Feature","properties":{"id":"by_ma"},"geometry":{"type":"Polygon","coordinates":[[[31.362,53.12],[31.416,53.2],[31.739,53.193],[31.78,53.128],[31.907,53.092],[32.206,53.1],[32.406,53.193],[32.58,53.324],[32.717,53.335],[32.718,53.431],[32.65,53.488],[32.453,53.546],[32.399,53.635],[32.481,53.662],[32.29,53.761],[32.084,53.81],[31.873,53.777],[31.754,53.82],[31.847,53.992],[31.748,54.086],[31.506,54.144],[31.325,54.229],[31.285,54.347],[31.179,54.453],[30.708,54.422],[30.589,54.379],[30.509,54.289],[30.425,54.34],[30.108,54.359],[30.034,54.274],[29.826,54.315],[29.597,54.316],[29.415,54.231],[29.421,54.059],[29.351,54.015],[29.354,53.891],[29.433,53.733],[29.21,53.654],[29.123,53.671],[29.046,53.584],[28.631,53.615],[28.564,53.527],[28.402,53.468],[28.367,53.366],[28.438,53.29],[28.118,53.238],[28.421,53.138],[28.509,53.154],[28.533,53.015],[28.409,52.838],[28.292,52.766],[28.469,52.68],[28.83,52.722],[28.96,52.798],[28.969,52.866],[29.083,52.876],[29.17,52.942],[29.392,52.921],[29.544,52.956],[29.691,52.942],[29.632,53.102],[29.762,53.171],[29.751,53.299],[29.818,53.352],[29.982,53.343],[30.146,53.286],[30.173,53.239],[30.379,53.262],[30.488,53.318],[30.64,53.279],[30.873,53.281],[30.991,53.304],[31.102,53.202],[31.109,53.13],[31.362,53.12]]]}},
        {"type":"Feature","properties":{"id":"by_mi"},"geometry":{"type":"Polygon","coordinates":[[[28.469,52.68],[28.292,52.766],[28.409,52.838],[28.533,53.015],[28.509,53.154],[28.421,53.138],[28.118,53.238],[28.438,53.29],[28.367,53.366],[28.402,53.468],[28.564,53.527],[28.631,53.615],[29.046,53.584],[29.123,53.671],[29.21,53.654],[29.433,53.733],[29.354,53.891],[29.351,54.015],[29.421,54.059],[29.415,54.231],[29.439,54.547],[29.219,54.631],[29.014,54.61],[28.885,54.624],[28.824,54.577],[28.665,54.582],[28.566,54.661],[28.348,54.566],[28.227,54.65],[27.925,54.615],[27.756,54.639],[27.624,54.766],[27.414,54.871],[27.316,54.877],[27.252,54.948],[27.106,55.002],[27.059,54.951],[26.897,54.975],[26.73,54.944],[26.37,54.98],[26.348,54.943],[26.338,54.863],[26.542,54.747],[26.595,54.636],[26.682,54.579],[26.5,54.314],[26.406,54.241],[26.113,54.199],[26.203,54.035],[26.334,54.057],[26.419,53.952],[26.218,53.866],[26.303,53.803],[26.253,53.734],[26.357,53.656],[26.462,53.631],[26.559,53.401],[26.377,53.365],[26.399,53.265],[26.294,53.225],[26.382,53.118],[26.463,53.113],[26.383,52.968],[26.442,52.889],[26.578,52.886],[26.739,52.83],[26.8,52.773],[27.021,52.745],[27.06,52.52],[27.128,52.416],[27.271,52.361],[27.344,52.478],[27.519,52.537],[27.706,52.438],[27.929,52.441],[27.988,52.519],[28.134,52.466],[28.341,52.481],[28.404,52.515],[28.406,52.632],[28.469,52.68]]]}},
        {"type":"Feature","properties":{"id":"by_vi"},"geometry":{"type":"Polygon","coordinates":[[[26.595,55.667],[26.596,55.568],[26.532,55.516],[26.445,55.338],[26.769,55.3],[26.74,55.243],[26.579,55.119],[26.309,55.145],[26.233,55.112],[26.17,54.993],[26.348,54.943],[26.37,54.98],[26.73,54.944],[26.897,54.975],[27.059,54.951],[27.106,55.002],[27.252,54.948],[27.316,54.877],[27.414,54.871],[27.624,54.766],[27.756,54.639],[27.925,54.615],[28.227,54.65],[28.348,54.566],[28.566,54.661],[28.665,54.582],[28.824,54.577],[28.885,54.624],[29.014,54.61],[29.219,54.631],[29.439,54.547],[29.415,54.231],[29.597,54.316],[29.826,54.315],[30.034,54.274],[30.108,54.359],[30.425,54.34],[30.509,54.289],[30.589,54.379],[30.708,54.422],[31.179,54.453],[31.065,54.492],[31.168,54.622],[31.105,54.668],[30.771,54.786],[30.815,54.928],[31.006,55.042],[30.96,55.163],[30.794,55.286],[30.919,55.408],[30.907,55.578],[30.742,55.594],[30.596,55.665],[30.469,55.794],[30.218,55.855],[30.106,55.822],[29.869,55.831],[29.806,55.771],[29.684,55.771],[29.461,55.687],[29.344,55.787],[29.377,55.954],[29.031,56.024],[28.706,55.96],[28.621,56.083],[28.39,56.089],[28.29,56.047],[28.149,56.142],[28.051,56.141],[27.911,56.1],[27.76,55.975],[27.645,55.923],[27.593,55.794],[27.282,55.792],[27.111,55.836],[26.979,55.826],[26.823,55.706],[26.595,55.667]]]}},
        {"type":"Feature","properties":{"id":"ch_be"},"geometry":{"type":"Polygon","coordinates":[[[8.386,46.45],[8.477,46.532],[8.409,46.656],[8.446,46.769],[8.473,46.856],[8.459,46.901],[8.562,46.988],[8.465,46.993],[8.388,47.071],[8.442,47.113],[8.406,47.142],[8.407,47.246],[8.404,47.41],[8.353,47.488],[8.421,47.581],[8.179,47.616],[8.087,47.567],[7.912,47.561],[7.82,47.595],[7.727,47.55],[7.647,47.551],[7.586,47.585],[7.521,47.563],[7.486,47.499],[7.446,47.487],[7.421,47.451],[7.388,47.433],[7.337,47.432],[7.245,47.418],[7.142,47.488],[6.973,47.489],[6.939,47.427],[6.986,47.362],[6.956,47.245],[6.838,47.168],[6.699,47.085],[6.665,47.021],[6.443,46.944],[6.443,46.851],[6.429,46.761],[6.132,46.596],[6.138,46.558],[6.059,46.417],[6.119,46.332],[6.09,46.246],[5.959,46.212],[5.959,46.13],[6.108,46.139],[6.281,46.24],[6.217,46.31],[6.302,46.394],[6.483,46.449],[6.614,46.456],[6.788,46.405],[6.75,46.346],[6.828,46.269],[6.774,46.135],[6.854,46.123],[7.022,45.925],[7.184,45.88],[7.362,45.908],[7.541,45.984],[7.694,45.929],[7.85,45.94],[7.986,45.999],[8.018,46.081],[8.111,46.127],[8.077,46.262],[8.193,46.309],[8.386,46.45]]]}},
        {"type":"Feature","properties":{"id":"ch_gr"},"geometry":{"type":"Polygon","coordinates":[[[8.386,46.45],[8.442,46.435],[8.427,46.251],[8.602,46.123],[8.729,46.108],[8.834,46.066],[8.768,45.983],[8.871,45.947],[8.909,45.828],[9.002,45.821],[9.059,45.882],[9.002,45.936],[9.002,46.039],[9.164,46.173],[9.225,46.231],[9.269,46.309],[9.263,46.485],[9.438,46.492],[9.452,46.37],[9.56,46.293],[9.674,46.292],[9.899,46.372],[9.964,46.356],[10.043,46.22],[10.159,46.262],[10.092,46.329],[10.133,46.414],[10.026,46.446],[10.033,46.533],[10.097,46.608],[10.192,46.627],[10.295,46.551],[10.452,46.547],[10.459,46.624],[10.369,46.672],[10.454,46.864],[10.458,46.937],[10.368,46.996],[10.125,46.847],[9.862,46.94],[9.858,47.015],[9.581,47.057],[9.533,47.056],[9.477,47.064],[9.503,47.095],[9.512,47.129],[9.496,47.156],[9.486,47.197],[9.497,47.229],[9.521,47.263],[9.65,47.41],[9.553,47.517],[9.547,47.535],[9.273,47.65],[9.017,47.679],[8.852,47.671],[8.635,47.785],[8.464,47.764],[8.391,47.692],[8.458,47.64],[8.594,47.658],[8.576,47.595],[8.552,47.597],[8.421,47.581],[8.353,47.488],[8.404,47.41],[8.407,47.246],[8.406,47.142],[8.442,47.113],[8.388,47.071],[8.465,46.993],[8.562,46.988],[8.459,46.901],[8.473,46.856],[8.446,46.769],[8.409,46.656],[8.477,46.532],[8.386,46.45]]]}},
        {"type":"Feature","properties":{"id":"cy_01"},"geometry":{"type":"Polygon","coordinates":[[[33.781,34.976],[33.782,34.976],[33.892,34.958],[33.896,34.962],[34.012,34.988],[34.012,35.064],[33.9,35.164],[33.907,35.243],[33.971,35.321],[34.059,35.324],[34.138,35.415],[34.573,35.644],[34.578,35.69],[34.32,35.586],[34.182,35.554],[34.036,35.471],[33.66,35.359],[33.428,35.329],[32.92,35.398],[32.929,35.233],[32.865,35.157],[32.711,35.182],[32.641,35.187],[32.602,35.179],[32.566,35.173],[32.45,35.059],[32.372,35.041],[32.287,35.097],[32.329,34.886],[32.413,34.753],[32.642,34.661],[32.761,34.653],[33.016,34.634],[33.072,34.687],[33.273,34.707],[33.606,34.822],[33.654,34.945],[33.702,34.973],[33.781,34.976]]]}},
        {"type":"Feature","properties":{"id":"cz_jc"},"geometry":{"type":"Polygon","coordinates":[[[13.816,48.766],[13.982,48.706],[14.075,48.592],[14.316,48.558],[14.444,48.637],[14.691,48.587],[14.704,48.673],[14.8,48.777],[14.919,48.762],[14.982,49.008],[15.263,48.983],[15.544,48.903],[15.681,48.858],[15.818,48.872],[16.032,48.758],[16.358,48.727],[16.436,48.795],[16.643,48.778],[16.662,48.74],[16.873,48.719],[16.945,48.604],[17.025,48.746],[17.167,48.86],[17.411,48.83],[17.535,48.813],[17.646,48.842],[17.523,48.948],[17.417,48.948],[17.222,49.042],[17.148,49.272],[17.035,49.365],[16.898,49.417],[16.789,49.414],[16.789,49.608],[16.564,49.634],[16.392,49.597],[16.163,49.69],[15.995,49.732],[15.859,49.7],[15.756,49.779],[15.59,49.806],[15.485,49.876],[15.436,49.799],[15.218,49.744],[15.157,49.591],[14.982,49.598],[14.923,49.544],[14.771,49.613],[14.634,49.52],[14.284,49.548],[14.012,49.536],[13.917,49.493],[13.756,49.489],[13.782,49.344],[13.705,49.264],[13.685,49.178],[13.609,49.125],[13.522,48.969],[13.725,48.867],[13.816,48.766]]]}},
        {"type":"Feature","properties":{"id":"cz_mo"},"geometry":{"type":"Polygon","coordinates":[[[15.485,49.876],[15.59,49.806],[15.756,49.779],[15.859,49.7],[15.995,49.732],[16.163,49.69],[16.392,49.597],[16.564,49.634],[16.789,49.608],[16.789,49.414],[16.898,49.417],[17.035,49.365],[17.148,49.272],[17.222,49.042],[17.417,48.948],[17.523,48.948],[17.646,48.842],[17.914,49.01],[18.013,49.019],[18.103,49.092],[18.118,49.203],[18.19,49.277],[18.362,49.33],[18.387,49.378],[18.536,49.482],[18.733,49.48],[18.833,49.51],[18.773,49.676],[18.637,49.7],[18.482,49.897],[18.256,49.946],[18.019,50.044],[18.032,50.003],[17.839,49.974],[17.719,50.081],[17.584,50.146],[17.738,50.202],[17.734,50.289],[17.606,50.258],[17.388,50.273],[17.185,50.376],[16.944,50.42],[16.866,50.408],[16.96,50.232],[16.87,50.19],[16.701,50.095],[16.584,50.127],[16.535,50.208],[16.334,50.372],[16.19,50.424],[16.383,50.514],[16.417,50.587],[16.332,50.644],[16.086,50.647],[15.848,50.675],[15.767,50.744],[15.684,50.731],[15.522,50.782],[15.35,50.784],[15.227,50.977],[14.997,51.008],[14.982,50.859],[14.81,50.858],[14.775,50.813],[14.608,50.853],[14.461,50.821],[14.34,50.667],[14.396,50.555],[14.475,50.494],[14.704,50.488],[14.909,50.602],[15.076,50.577],[15.131,50.515],[15.123,50.343],[15.203,50.289],[15.347,50.279],[15.41,50.103],[15.359,50.017],[15.506,49.951],[15.485,49.876]]]}},
        {"type":"Feature","properties":{"id":"cz_pl"},"geometry":{"type":"Polygon","coordinates":[[[12.961,50.409],[12.826,50.441],[12.679,50.394],[12.51,50.389],[12.336,50.259],[12.233,50.259],[12.101,50.314],[12.08,50.243],[12.183,50.171],[12.247,50.045],[12.468,49.97],[12.524,49.905],[12.453,49.78],[12.384,49.743],[12.623,49.51],[12.644,49.429],[12.798,49.328],[13,49.295],[13.179,49.118],[13.3,49.094],[13.384,48.993],[13.522,48.969],[13.609,49.125],[13.685,49.178],[13.705,49.264],[13.782,49.344],[13.756,49.489],[13.689,49.682],[13.782,49.757],[13.812,49.924],[13.563,50],[13.406,50.087],[13.29,50.108],[13.232,50.218],[13.225,50.327],[12.961,50.409]]]}},
        {"type":"Feature","properties":{"id":"cz_st"},"geometry":{"type":"Polygon","coordinates":[[[14.608,50.853],[14.574,50.975],[14.494,51.017],[14.288,51.037],[14.25,50.978],[14.382,50.921],[14.035,50.803],[13.893,50.78],[13.835,50.724],[13.602,50.712],[13.448,50.597],[13.381,50.625],[13.232,50.582],[13.16,50.497],[13.01,50.493],[12.961,50.409],[13.225,50.327],[13.232,50.218],[13.29,50.108],[13.406,50.087],[13.563,50],[13.812,49.924],[13.782,49.757],[13.689,49.682],[13.756,49.489],[13.917,49.493],[14.012,49.536],[14.284,49.548],[14.634,49.52],[14.771,49.613],[14.923,49.544],[14.982,49.598],[15.157,49.591],[15.218,49.744],[15.436,49.799],[15.485,49.876],[15.506,49.951],[15.359,50.017],[15.41,50.103],[15.347,50.279],[15.203,50.289],[15.123,50.343],[15.131,50.515],[15.076,50.577],[14.909,50.602],[14.704,50.488],[14.475,50.494],[14.396,50.555],[14.34,50.667],[14.461,50.821],[14.608,50.853]]]}},
        {"type":"Feature","properties":{"id":"de_bb"},"geometry":{"type":"Polygon","coordinates":[[[14.707,51.541],[14.72,51.676],[14.586,51.804],[14.696,51.931],[14.761,52.077],[14.686,52.121],[14.697,52.253],[14.607,52.276],[14.54,52.422],[14.632,52.497],[14.608,52.596],[14.216,52.818],[14.144,52.96],[14.343,53.049],[14.378,53.177],[14.442,53.252],[14.391,53.334],[14.249,53.259],[14.103,53.273],[14.24,53.382],[14.243,53.427],[13.921,53.427],[13.869,53.508],[13.709,53.475],[13.539,53.397],[13.406,53.275],[13.154,53.259],[13.001,53.168],[12.512,53.273],[12.43,53.268],[12.187,53.369],[12.064,53.356],[12.012,53.3],[11.839,53.226],[11.7,53.248],[11.536,53.205],[11.555,53.146],[11.394,53.108],[11.274,53.118],[11.581,53.043],[11.763,52.995],[11.832,52.928],[11.966,52.885],[12.203,52.866],[12.15,52.52],[12.247,52.442],[12.199,52.194],[12.421,52.012],[12.562,51.972],[12.667,51.994],[13.066,51.853],[13.163,51.789],[13.182,51.709],[13.062,51.615],[13.172,51.566],[13.198,51.433],[13.252,51.385],[13.411,51.421],[13.522,51.367],[13.766,51.348],[13.97,51.359],[14.067,51.474],[14.159,51.527],[14.339,51.51],[14.509,51.557],[14.707,51.541]]]}},
        {"type":"Feature","properties":{"id":"de_bw"},"geometry":{"type":"Polygon","coordinates":[[[9.111,49.575],[9.035,49.501],[8.817,49.402],[8.828,49.503],[8.718,49.542],[8.672,49.623],[8.498,49.573],[8.417,49.579],[8.494,49.443],[8.48,49.297],[8.381,49.215],[8.357,49.11],[8.2,48.958],[8.103,48.821],[7.97,48.757],[7.81,48.615],[7.738,48.407],[7.752,48.355],[7.582,48.121],[7.619,48.003],[7.526,47.783],[7.522,47.67],[7.586,47.585],[7.647,47.551],[7.727,47.55],[7.82,47.595],[7.912,47.561],[8.087,47.567],[8.179,47.616],[8.421,47.581],[8.552,47.597],[8.576,47.595],[8.594,47.658],[8.458,47.64],[8.391,47.692],[8.464,47.764],[8.635,47.785],[8.852,47.671],[9.017,47.679],[9.273,47.65],[9.547,47.535],[9.554,47.533],[9.612,47.588],[9.76,47.62],[9.865,47.675],[9.953,47.659],[10.131,47.688],[10.13,47.817],[10.087,47.96],[10.136,48.107],[10.054,48.305],[9.981,48.381],[10.068,48.472],[10.153,48.466],[10.315,48.531],[10.313,48.608],[10.424,48.702],[10.467,48.915],[10.354,49.033],[10.274,49.05],[10.147,49.205],[10.171,49.384],[10.128,49.511],[9.936,49.482],[9.93,49.55],[9.793,49.722],[9.631,49.699],[9.653,49.772],[9.352,49.786],[9.427,49.708],[9.253,49.578],[9.111,49.575]]]}},
        {"type":"Feature","properties":{"id":"de_by"},"geometry":{"type":"Polygon","coordinates":[[[11.905,50.415],[11.532,50.378],[11.347,50.519],[11.249,50.473],[11.28,50.359],[11.255,50.275],[11.135,50.309],[11.116,50.364],[10.789,50.386],[10.715,50.322],[10.838,50.272],[10.617,50.224],[10.592,50.323],[10.238,50.51],[10.11,50.555],[10.055,50.517],[10.001,50.448],[9.767,50.402],[9.749,50.306],[9.661,50.234],[9.511,50.236],[9.507,50.108],[9.407,50.092],[9.229,50.144],[9.01,50.097],[9.027,49.907],[9.147,49.746],[9.111,49.575],[9.253,49.578],[9.427,49.708],[9.352,49.786],[9.653,49.772],[9.631,49.699],[9.793,49.722],[9.93,49.55],[9.936,49.482],[10.128,49.511],[10.171,49.384],[10.147,49.205],[10.274,49.05],[10.354,49.033],[10.467,48.915],[10.424,48.702],[10.313,48.608],[10.315,48.531],[10.153,48.466],[10.068,48.472],[9.981,48.381],[10.054,48.305],[10.136,48.107],[10.087,47.96],[10.13,47.817],[10.131,47.688],[9.953,47.659],[9.865,47.675],[9.76,47.62],[9.612,47.588],[9.554,47.533],[9.813,47.542],[9.949,47.524],[10.072,47.439],[10.073,47.365],[10.191,47.379],[10.175,47.272],[10.306,47.302],[10.452,47.439],[10.431,47.542],[10.608,47.562],[10.79,47.516],[11.084,47.39],[11.259,47.401],[11.413,47.506],[11.551,47.514],[11.62,47.59],[11.82,47.575],[11.936,47.611],[12.166,47.604],[12.202,47.678],[12.424,47.692],[12.563,47.642],[12.745,47.665],[12.779,47.555],[12.943,47.47],[13.037,47.493],[13.075,47.647],[13.045,47.697],[12.892,47.724],[12.991,47.847],[12.848,47.982],[12.745,48.121],[13.033,48.264],[13.274,48.307],[13.406,48.377],[13.521,48.585],[13.714,48.523],[13.802,48.612],[13.816,48.766],[13.725,48.867],[13.522,48.969],[13.384,48.993],[13.3,49.094],[13.179,49.118],[13,49.295],[12.798,49.328],[12.644,49.429],[12.623,49.51],[12.384,49.743],[12.453,49.78],[12.524,49.905],[12.468,49.97],[12.247,50.045],[12.183,50.171],[12.08,50.243],[12.101,50.314],[11.905,50.415]]]}},
        {"type":"Feature","properties":{"id":"de_he"},"geometry":{"type":"Polygon","coordinates":[[[10.055,50.517],[10.052,50.67],[9.913,50.693],[9.949,50.815],[10.056,50.883],[10.051,51.007],[10.142,51.055],[10.23,51.184],[10.081,51.223],[9.947,51.304],[9.949,51.382],[9.808,51.407],[9.683,51.315],[9.597,51.512],[9.671,51.559],[9.623,51.629],[9.44,51.649],[9.336,51.554],[9.109,51.443],[9.015,51.509],[8.906,51.481],[8.935,51.391],[8.685,51.363],[8.578,51.276],[8.724,51.266],[8.75,51.173],[8.545,51.021],[8.364,50.862],[8.268,50.868],[8.139,50.785],[8.134,50.684],[8.164,50.586],[8,50.509],[8.022,50.389],[8.123,50.278],[7.922,50.2],[7.896,50.121],[7.771,50.053],[7.919,49.974],[8.174,50.046],[8.335,49.96],[8.34,49.891],[8.439,49.727],[8.361,49.664],[8.417,49.579],[8.498,49.573],[8.672,49.623],[8.718,49.542],[8.828,49.503],[8.817,49.402],[9.035,49.501],[9.111,49.575],[9.147,49.746],[9.027,49.907],[9.01,50.097],[9.229,50.144],[9.407,50.092],[9.507,50.108],[9.511,50.236],[9.661,50.234],[9.749,50.306],[9.767,50.402],[10.001,50.448],[10.055,50.517]]]}},
        {"type":"Feature","properties":{"id":"de_mv"},"geometry":{"type":"MultiPolygon","coordinates":[[[[10.601,53.372],[11.089,53.144],[11.274,53.118],[11.394,53.108],[11.555,53.146],[11.536,53.205],[11.7,53.248],[11.839,53.226],[12.012,53.3],[12.064,53.356],[12.187,53.369],[12.43,53.268],[12.512,53.273],[13.001,53.168],[13.154,53.259],[13.406,53.275],[13.539,53.397],[13.709,53.475],[13.869,53.508],[13.921,53.427],[14.243,53.427],[14.24,53.382],[14.103,53.273],[14.249,53.259],[14.391,53.334],[14.304,53.509],[14.264,53.7],[13.984,53.774],[13.819,53.878],[13.89,53.913],[13.758,54.031],[13.808,54.105],[13.683,54.168],[13.479,54.125],[13.289,54.234],[13.115,54.28],[13.009,54.438],[12.876,54.365],[12.695,54.434],[12.502,54.474],[12.342,54.304],[12.109,54.183],[11.658,54.142],[11.492,54.002],[11.459,53.917],[11.243,53.945],[11.175,54.018],[10.906,53.961],[10.763,53.865],[10.761,53.747],[10.938,53.685],[10.954,53.566],[10.635,53.445],[10.601,53.372]]],[[[14.21,53.938],[14.051,54.005],[13.902,53.97],[13.932,53.899],[13.875,53.844],[14.201,53.878],[14.21,53.938]]],[[[13.698,54.392],[13.575,54.472],[13.677,54.54],[13.64,54.586],[13.466,54.577],[13.375,54.526],[13.166,54.549],[13.182,54.453],[13.251,54.387],[13.115,54.338],[13.347,54.237],[13.5,54.345],[13.698,54.392]]]]}},
        {"type":"Feature","properties":{"id":"de_ni"},"geometry":{"type":"Polygon","coordinates":[[[9.764,53.548],[9.567,53.6],[9.275,53.865],[9.115,53.865],[8.861,53.831],[8.685,53.888],[8.573,53.858],[8.492,53.715],[8.513,53.617],[8.557,53.52],[8.513,53.555],[8.249,53.59],[8.32,53.509],[8.205,53.411],[8.059,53.502],[8.168,53.553],[7.951,53.722],[7.504,53.679],[7.226,53.666],[7.087,53.587],[7.023,53.451],[7.075,53.338],[7.255,53.32],[7.195,53.245],[7.184,52.966],[7.072,52.841],[7.037,52.647],[6.719,52.627],[6.695,52.476],[6.9,52.432],[7.048,52.365],[7.027,52.239],[7.301,52.272],[7.562,52.372],[7.609,52.476],[7.829,52.363],[7.974,52.312],[7.904,52.2],[8.017,52.174],[8.023,52.066],[8.181,52.083],[8.267,52.134],[8.394,52.111],[8.486,52.17],[8.428,52.367],[8.334,52.398],[8.497,52.507],[8.632,52.524],[8.707,52.407],[8.961,52.409],[9.081,52.498],[9.128,52.408],[9.018,52.341],[8.983,52.265],[9.004,52.133],[9.135,52.132],[9.21,51.972],[9.461,51.832],[9.39,51.729],[9.44,51.649],[9.623,51.629],[9.671,51.559],[9.597,51.512],[9.683,51.315],[9.808,51.407],[9.949,51.382],[10.15,51.432],[10.365,51.542],[10.654,51.578],[10.698,51.637],[10.585,51.778],[10.64,51.884],[10.59,51.976],[10.661,52.045],[10.946,52.058],[11.038,52.132],[11.083,52.225],[10.999,52.342],[11.073,52.372],[10.939,52.462],[11.002,52.498],[10.953,52.593],[10.757,52.786],[10.762,52.838],[10.961,52.865],[11.015,52.912],[11.264,52.878],[11.502,52.944],[11.581,53.043],[11.274,53.118],[11.089,53.144],[10.601,53.372],[10.328,53.433],[10.187,53.404],[10.083,53.451],[9.909,53.418],[9.811,53.462],[9.764,53.548]]]}},
        {"type":"Feature","properties":{"id":"de_nw"},"geometry":{"type":"Polygon","coordinates":[[[8.134,50.684],[8.139,50.785],[8.268,50.868],[8.364,50.862],[8.545,51.021],[8.75,51.173],[8.724,51.266],[8.578,51.276],[8.685,51.363],[8.935,51.391],[8.906,51.481],[9.015,51.509],[9.109,51.443],[9.336,51.554],[9.44,51.649],[9.39,51.729],[9.461,51.832],[9.21,51.972],[9.135,52.132],[9.004,52.133],[8.983,52.265],[9.018,52.341],[9.128,52.408],[9.081,52.498],[8.961,52.409],[8.707,52.407],[8.632,52.524],[8.497,52.507],[8.334,52.398],[8.428,52.367],[8.486,52.17],[8.394,52.111],[8.267,52.134],[8.181,52.083],[8.023,52.066],[8.017,52.174],[7.904,52.2],[7.974,52.312],[7.829,52.363],[7.609,52.476],[7.562,52.372],[7.301,52.272],[7.027,52.239],[6.831,52.113],[6.772,52.109],[6.675,52.035],[6.804,51.984],[6.717,51.899],[6.529,51.876],[6.382,51.828],[6.225,51.863],[6.043,51.847],[5.928,51.807],[5.946,51.746],[6.099,51.644],[6.086,51.596],[6.193,51.509],[6.184,51.336],[6.065,51.232],[6.132,51.14],[5.983,51.075],[6.064,50.908],[5.995,50.75],[6.081,50.713],[6.233,50.587],[6.199,50.49],[6.319,50.482],[6.373,50.323],[6.586,50.377],[6.795,50.356],[6.76,50.471],[6.939,50.555],[7.186,50.619],[7.372,50.643],[7.387,50.704],[7.599,50.733],[7.77,50.855],[7.943,50.832],[8.056,50.691],[8.134,50.684]]]}},
        {"type":"Feature","properties":{"id":"de_rp"},"geometry":{"type":"Polygon","coordinates":[[[6.117,50.12],[6.096,50.049],[6.154,49.951],[6.296,49.849],[6.5,49.794],[6.492,49.701],[6.351,49.567],[6.349,49.525],[6.345,49.455],[6.495,49.436],[6.574,49.362],[6.726,49.156],[6.843,49.211],[7.009,49.182],[7.155,49.114],[7.268,49.106],[7.372,49.166],[7.476,49.152],[7.521,49.084],[7.645,49.036],[7.932,49.035],[8.2,48.958],[8.357,49.11],[8.381,49.215],[8.48,49.297],[8.494,49.443],[8.417,49.579],[8.361,49.664],[8.439,49.727],[8.34,49.891],[8.335,49.96],[8.174,50.046],[7.919,49.974],[7.771,50.053],[7.896,50.121],[7.922,50.2],[8.123,50.278],[8.022,50.389],[8,50.509],[8.164,50.586],[8.134,50.684],[8.056,50.691],[7.943,50.832],[7.77,50.855],[7.599,50.733],[7.387,50.704],[7.372,50.643],[7.186,50.619],[6.939,50.555],[6.76,50.471],[6.795,50.356],[6.586,50.377],[6.373,50.323],[6.147,50.214],[6.117,50.12]]]}},
        {"type":"Feature","properties":{"id":"de_sh"},"geometry":{"type":"MultiPolygon","coordinates":[[[[9.438,54.81],[9.226,54.806],[9.195,54.85],[8.824,54.906],[8.661,54.896],[8.689,54.735],[9.012,54.506],[8.861,54.414],[8.629,54.388],[8.652,54.275],[8.888,54.304],[8.813,54.18],[9.018,54.098],[8.997,54.03],[8.833,54.036],[9.008,53.892],[9.22,53.891],[9.395,53.831],[9.436,53.749],[9.532,53.711],[9.551,53.635],[9.741,53.573],[9.764,53.548],[9.811,53.462],[9.909,53.418],[10.083,53.451],[10.187,53.404],[10.328,53.433],[10.601,53.372],[10.635,53.445],[10.954,53.566],[10.938,53.685],[10.761,53.747],[10.763,53.865],[10.906,53.961],[10.753,54.044],[11.067,54.184],[11.077,54.342],[10.935,54.38],[10.777,54.315],[10.204,54.461],[10.02,54.546],[10.032,54.653],[9.97,54.763],[9.802,54.783],[9.554,54.847],[9.438,54.81]]],[[[11.256,54.479],[11.121,54.536],[11.006,54.468],[11.188,54.426],[11.256,54.479]]]]}},
        {"type":"Feature","properties":{"id":"de_sn"},"geometry":{"type":"Polygon","coordinates":[[[14.608,50.853],[14.775,50.813],[14.81,50.858],[14.955,51.064],[15.019,51.272],[14.951,51.397],[14.911,51.469],[14.707,51.541],[14.509,51.557],[14.339,51.51],[14.159,51.527],[14.067,51.474],[13.97,51.359],[13.766,51.348],[13.522,51.367],[13.411,51.421],[13.252,51.385],[13.198,51.433],[13.172,51.566],[13.062,51.615],[12.915,51.65],[12.662,51.601],[12.443,51.601],[12.235,51.562],[12.157,51.449],[12.182,51.325],[12.132,51.292],[12.223,51.089],[12.265,51.084],[12.484,51.058],[12.647,50.9],[12.424,50.824],[12.258,50.793],[12.279,50.68],[12.145,50.563],[11.989,50.546],[11.905,50.415],[12.101,50.314],[12.233,50.259],[12.336,50.259],[12.51,50.389],[12.679,50.394],[12.826,50.441],[12.961,50.409],[13.01,50.493],[13.16,50.497],[13.232,50.582],[13.381,50.625],[13.448,50.597],[13.602,50.712],[13.835,50.724],[13.893,50.78],[14.035,50.803],[14.382,50.921],[14.25,50.978],[14.288,51.037],[14.494,51.017],[14.574,50.975],[14.608,50.853]]]}},
        {"type":"Feature","properties":{"id":"de_st"},"geometry":{"type":"Polygon","coordinates":[[[13.062,51.615],[13.182,51.709],[13.163,51.789],[13.066,51.853],[12.667,51.994],[12.562,51.972],[12.421,52.012],[12.199,52.194],[12.247,52.442],[12.15,52.52],[12.203,52.866],[11.966,52.885],[11.832,52.928],[11.763,52.995],[11.581,53.043],[11.502,52.944],[11.264,52.878],[11.015,52.912],[10.961,52.865],[10.762,52.838],[10.757,52.786],[10.953,52.593],[11.002,52.498],[10.939,52.462],[11.073,52.372],[10.999,52.342],[11.083,52.225],[11.038,52.132],[10.946,52.058],[10.661,52.045],[10.59,51.976],[10.64,51.884],[10.585,51.778],[10.698,51.637],[10.803,51.633],[10.911,51.571],[10.999,51.409],[11.315,51.383],[11.452,51.271],[11.345,51.204],[11.427,51.099],[11.689,51.092],[11.733,51.017],[11.861,51.023],[12.005,50.949],[12.159,50.952],[12.275,51.01],[12.265,51.084],[12.223,51.089],[12.132,51.292],[12.182,51.325],[12.157,51.449],[12.235,51.562],[12.443,51.601],[12.662,51.601],[12.915,51.65],[13.062,51.615]]]}},
        {"type":"Feature","properties":{"id":"de_th"},"geometry":{"type":"Polygon","coordinates":[[[12.265,51.084],[12.275,51.01],[12.159,50.952],[12.005,50.949],[11.861,51.023],[11.733,51.017],[11.689,51.092],[11.427,51.099],[11.345,51.204],[11.452,51.271],[11.315,51.383],[10.999,51.409],[10.911,51.571],[10.803,51.633],[10.698,51.637],[10.654,51.578],[10.365,51.542],[10.15,51.432],[9.949,51.382],[9.947,51.304],[10.081,51.223],[10.23,51.184],[10.142,51.055],[10.051,51.007],[10.056,50.883],[9.949,50.815],[9.913,50.693],[10.052,50.67],[10.055,50.517],[10.11,50.555],[10.238,50.51],[10.592,50.323],[10.617,50.224],[10.838,50.272],[10.715,50.322],[10.789,50.386],[11.116,50.364],[11.135,50.309],[11.255,50.275],[11.28,50.359],[11.249,50.473],[11.347,50.519],[11.532,50.378],[11.905,50.415],[11.989,50.546],[12.145,50.563],[12.279,50.68],[12.258,50.793],[12.424,50.824],[12.647,50.9],[12.484,51.058],[12.265,51.084]]]}},
        {"type":"Feature","properties":{"id":"dk_82"},"geometry":{"type":"MultiPolygon","coordinates":[[[[9.676,55.709],[9.792,55.674],[9.982,55.709],[10.036,55.818],[10.151,55.838],[10.245,55.915],[10.259,56.099],[10.22,56.148],[10.377,56.203],[10.549,56.178],[10.629,56.238],[10.75,56.216],[10.912,56.334],[10.964,56.448],[10.789,56.536],[10.552,56.516],[10.361,56.562],[10.334,56.704],[10.193,56.694],[10.319,56.708],[10.266,56.908],[10.447,57.185],[10.539,57.237],[10.547,57.435],[10.43,57.571],[10.542,57.699],[10.473,57.717],[10.198,57.601],[9.967,57.591],[9.788,57.459],[9.573,57.243],[9.412,57.165],[9.231,57.141],[8.98,57.161],[8.784,57.105],[8.586,57.106],[8.27,56.843],[8.373,56.68],[8.539,56.593],[8.589,56.681],[8.491,56.731],[8.68,56.953],[8.873,57.005],[9.113,57.039],[9.265,57.003],[9.675,57.079],[9.587,56.997],[9.437,57.024],[9.289,56.997],[9.163,56.894],[9.184,56.784],[9.326,56.669],[9.149,56.639],[9.163,56.73],[9.106,56.8],[8.877,56.764],[8.709,56.589],[8.727,56.483],[8.601,56.501],[8.437,56.58],[8.312,56.579],[8.202,56.64],[8.122,56.552],[8.134,56.205],[8.106,56.119],[8.282,56.076],[8.387,55.927],[8.348,55.869],[8.176,55.801],[8.368,55.803],[8.49,55.771],[8.579,55.835],[8.823,55.81],[8.929,55.88],[9.071,55.836],[9.212,55.938],[9.4,55.902],[9.53,55.788],[9.676,55.709]]],[[[8.826,56.744],[8.836,56.869],[8.648,56.891],[8.553,56.768],[8.648,56.681],[8.826,56.744]]],[[[11.142,57.332],[10.855,57.265],[11.029,57.202],[11.142,57.332]]]]}},
        {"type":"Feature","properties":{"id":"dk_83"},"geometry":{"type":"MultiPolygon","coordinates":[[[[9.438,54.81],[9.546,54.879],[9.744,54.866],[9.739,54.981],[9.569,55.049],[9.494,55.161],[9.69,55.205],[9.71,55.249],[9.587,55.427],[9.707,55.537],[9.738,55.63],[9.676,55.709],[9.53,55.788],[9.4,55.902],[9.212,55.938],[9.071,55.836],[8.929,55.88],[8.823,55.81],[8.579,55.835],[8.49,55.771],[8.368,55.803],[8.176,55.801],[8.182,55.729],[8.094,55.564],[8.194,55.526],[8.29,55.584],[8.442,55.464],[8.618,55.438],[8.689,55.142],[8.641,55.023],[8.661,54.896],[8.824,54.906],[9.195,54.85],[9.226,54.806],[9.438,54.81]]],[[[10.011,54.976],[9.799,55.017],[9.781,54.917],[9.968,54.86],[10.065,54.891],[10.011,54.976]]],[[[10.855,55.044],[10.697,54.931],[10.641,54.843],[10.741,54.752],[10.838,54.937],[10.855,55.044]]],[[[10.666,55.064],[10.734,55.072],[10.815,55.214],[10.828,55.307],[10.698,55.44],[10.502,55.464],[10.489,55.545],[10.308,55.618],[9.888,55.509],[9.827,55.548],[9.684,55.506],[9.812,55.441],[9.885,55.349],[9.884,55.253],[10.113,55.184],[10.313,55.064],[10.538,55.03],[10.666,55.064]]]]}},
        {"type":"Feature","properties":{"id":"dk_85"},"geometry":{"type":"MultiPolygon","coordinates":[[[[11.845,54.732],[11.726,54.873],[11.573,54.848],[11.369,54.881],[11.232,54.961],[11.019,54.903],[11.078,54.841],[11.031,54.761],[11.188,54.732],[11.452,54.628],[11.611,54.666],[11.811,54.655],[11.845,54.732]]],[[[12.417,55.03],[12.294,55.023],[12.129,54.954],[12.227,54.893],[12.314,54.951],[12.503,54.948],[12.417,55.03]]],[[[12.359,55.605],[12.465,55.606],[12.602,55.709],[12.602,55.797],[12.513,55.921],[12.622,56.044],[12.486,56.099],[12.245,56.129],[11.866,55.973],[12.026,55.941],[12.076,55.779],[12.095,55.729],[11.973,55.721],[12.052,55.737],[11.998,55.903],[11.869,55.805],[11.854,55.732],[11.763,55.749],[11.641,55.943],[11.252,55.729],[11.122,55.737],[11.071,55.677],[11.213,55.416],[11.162,55.319],[11.245,55.215],[11.423,55.222],[11.649,55.181],[11.805,55.074],[11.883,54.976],[11.75,54.873],[11.961,54.694],[12.17,54.838],[11.958,54.948],[12.149,54.994],[12.047,55.14],[12.183,55.227],[12.392,55.255],[12.445,55.349],[12.225,55.435],[12.198,55.487],[12.359,55.605]]],[[[15.151,55.133],[14.752,55.299],[14.706,55.226],[14.7,55.089],[14.781,55.051],[15.073,54.992],[15.151,55.133]]]]}},
        {"type":"Feature","properties":{"id":"ee_37"},"geometry":{"type":"Polygon","coordinates":[[[27.446,58.819],[27.478,58.875],[27.696,58.977],[27.842,59.161],[27.904,59.29],[28.077,59.305],[28.186,59.375],[28.019,59.482],[27.873,59.408],[27.409,59.452],[26.938,59.45],[26.781,59.503],[26.665,59.552],[26.458,59.546],[26.28,59.587],[26.091,59.586],[26.002,59.633],[25.837,59.576],[25.497,59.571],[25.408,59.491],[25.194,59.523],[24.698,59.491],[24.625,59.439],[24.4,59.479],[24.306,59.419],[24.081,59.395],[24.092,59.313],[23.936,59.281],[23.757,59.284],[23.718,59.231],[23.642,59.257],[23.471,59.212],[23.519,59.125],[23.435,59.004],[23.422,58.909],[23.58,58.792],[23.493,58.673],[23.586,58.544],[23.825,58.559],[23.864,58.617],[24.133,58.701],[24.364,58.67],[24.525,58.736],[24.691,58.751],[25.2,58.726],[25.259,58.633],[25.438,58.614],[25.777,58.69],[25.965,58.811],[26.154,58.887],[26.295,58.916],[26.41,58.886],[26.505,58.939],[26.703,58.956],[26.746,58.887],[27.446,58.819]]]}},
        {"type":"Feature","properties":{"id":"ee_67"},"geometry":{"type":"Polygon","coordinates":[[[25.094,58.067],[25.202,57.992],[25.318,58.041],[25.42,58.008],[25.552,57.95],[25.704,57.921],[25.793,57.856],[26.003,57.846],[26.025,57.774],[26.351,57.58],[26.431,57.562],[26.5,57.516],[26.796,57.571],[26.947,57.615],[27.062,57.556],[27.353,57.528],[27.408,57.689],[27.508,57.715],[27.556,57.813],[27.799,57.861],[27.673,57.913],[27.63,58.088],[27.52,58.195],[27.483,58.269],[27.555,58.395],[27.429,58.709],[27.446,58.819],[26.746,58.887],[26.703,58.956],[26.505,58.939],[26.41,58.886],[26.295,58.916],[26.154,58.887],[25.965,58.811],[25.777,58.69],[25.438,58.614],[25.259,58.633],[25.2,58.726],[24.691,58.751],[24.525,58.736],[24.364,58.67],[24.133,58.701],[23.864,58.617],[23.825,58.559],[23.586,58.544],[23.664,58.536],[23.741,58.343],[23.98,58.318],[24.112,58.241],[24.287,58.319],[24.362,58.397],[24.529,58.351],[24.471,58.251],[24.464,58.072],[24.306,57.868],[24.582,57.946],[24.827,57.982],[25.035,58.049],[25.094,58.067]]]}},
        {"type":"Feature","properties":{"id":"ee_74"},"geometry":{"type":"MultiPolygon","coordinates":[[[[23.231,58.505],[22.9,58.62],[22.641,58.589],[22.322,58.585],[22.114,58.498],[21.901,58.468],[21.99,58.387],[21.868,58.265],[22.017,58.234],[22.086,58.083],[22.005,57.991],[22.19,57.984],[22.323,58.207],[22.535,58.254],[22.757,58.242],[22.969,58.36],[23.087,58.395],[23.231,58.505]]],[[[23.382,58.58],[23.288,58.666],[23.155,58.676],[23.059,58.603],[23.224,58.535],[23.382,58.58]]],[[[22.292,58.895],[22.382,58.882],[22.556,58.687],[22.655,58.703],[22.737,58.806],[23.041,58.841],[22.934,58.984],[22.737,59.005],[22.598,59.09],[22.463,58.971],[22.168,58.95],[22.292,58.895]]]]}},
        {"type":"Feature","properties":{"id":"es_ab"},"geometry":{"type":"Polygon","coordinates":[[[-1.501,39.422],[-1.739,39.321],[-2.049,39.267],[-2.168,39.281],[-2.289,39.227],[-2.374,39.233],[-2.511,39.342],[-2.742,39.318],[-2.722,39.269],[-2.843,39.134],[-2.807,39.054],[-2.88,38.946],[-2.762,38.881],[-2.749,38.811],[-2.645,38.707],[-2.728,38.625],[-2.756,38.533],[-2.572,38.501],[-2.574,38.435],[-2.489,38.399],[-2.445,38.188],[-2.547,38.081],[-2.339,38.026],[-2.21,37.916],[-1.983,37.871],[-2.001,37.654],[-1.838,37.455],[-1.732,37.438],[-1.642,37.381],[-1.488,37.433],[-1.471,37.482],[-1.324,37.562],[-1.167,37.544],[-1.07,37.583],[-0.925,37.556],[-0.705,37.62],[-0.853,37.724],[-0.761,37.846],[-0.917,37.934],[-1.033,38.117],[-0.969,38.271],[-1.077,38.35],[-1.082,38.431],[-1.024,38.483],[-1.022,38.655],[-0.903,38.689],[-0.931,38.786],[-0.921,38.886],[-0.959,38.94],[-1.121,38.933],[-1.262,39.074],[-1.179,39.221],[-1.178,39.304],[-1.34,39.342],[-1.501,39.422]]]}},
        {"type":"Feature","properties":{"id":"es_b"},"geometry":{"type":"Polygon","coordinates":[[[1.624,41.192],[2.06,41.275],[2.131,41.304],[2.297,41.465],[2.449,41.535],[2.778,41.646],[3.15,41.845],[3.236,41.966],[3.214,42.068],[3.122,42.14],[3.152,42.257],[3.263,42.24],[3.318,42.323],[3.174,42.364],[3.181,42.431],[3.066,42.432],[2.934,42.47],[2.64,42.373],[2.465,42.341],[2.277,42.429],[2.137,42.416],[2.052,42.352],[1.964,42.367],[1.927,42.437],[1.712,42.494],[1.807,42.419],[1.843,42.306],[1.716,42.288],[1.707,42.131],[1.63,41.829],[1.56,41.768],[1.409,41.783],[1.439,41.644],[1.393,41.575],[1.483,41.477],[1.485,41.408],[1.56,41.366],[1.624,41.192]]]}},
        {"type":"Feature","properties":{"id":"es_ba"},"geometry":{"type":"Polygon","coordinates":[[[-7.226,38.766],[-7.284,38.713],[-7.276,38.604],[-7.359,38.446],[-7.167,38.272],[-7.117,38.184],[-6.951,38.198],[-6.798,38.173],[-6.81,38.113],[-6.645,38.094],[-6.572,38.024],[-6.45,38.051],[-6.183,37.939],[-6.114,37.979],[-5.976,37.999],[-5.915,38.114],[-5.837,38.174],[-5.728,38.188],[-5.581,38.135],[-5.521,38.267],[-5.569,38.425],[-5.42,38.516],[-5.362,38.584],[-5.181,38.666],[-5.159,38.718],[-5.037,38.728],[-4.972,38.769],[-4.913,38.882],[-4.944,39.01],[-4.835,39.048],[-4.867,39.106],[-4.807,39.199],[-4.711,39.225],[-4.757,39.317],[-4.693,39.45],[-4.753,39.418],[-4.88,39.367],[-4.944,39.392],[-5.179,39.31],[-5.34,39.324],[-5.347,39.229],[-5.444,39.159],[-5.517,39.209],[-5.613,39.189],[-5.59,39.117],[-5.69,39.083],[-5.81,39.145],[-5.986,39.066],[-6.021,39.128],[-6.142,39.031],[-6.371,39.163],[-6.66,39.199],[-6.77,39.191],[-6.752,39.303],[-6.799,39.377],[-7.049,39.437],[-7.073,39.381],[-7.251,39.271],[-7.244,39.196],[-7.167,39.113],[-7.039,39.109],[-6.973,39.014],[-7.066,38.905],[-7.056,38.855],[-7.226,38.766]]]}},
        {"type":"Feature","properties":{"id":"es_bu"},"geometry":{"type":"Polygon","coordinates":[[[-1.794,43.386],[-2.099,43.304],[-2.285,43.303],[-2.407,43.329],[-2.484,43.371],[-2.756,43.45],[-2.93,43.438],[-3.029,43.372],[-3.151,43.36],[-3.47,43.454],[-3.554,43.517],[-3.718,43.483],[-3.827,43.497],[-4.189,43.405],[-4.386,43.384],[-4.514,43.403],[-4.593,43.298],[-4.716,43.265],[-4.743,43.192],[-4.832,43.189],[-4.828,43.108],[-4.727,43.016],[-4.463,43.051],[-4.254,42.958],[-4.221,42.85],[-4.086,42.763],[-4.285,42.676],[-4.297,42.567],[-4.244,42.455],[-4.277,42.383],[-4.235,42.229],[-4.12,42.128],[-4.08,42.04],[-3.973,42.031],[-3.914,41.943],[-4.089,41.87],[-4.041,41.768],[-4.03,41.631],[-3.981,41.583],[-3.77,41.46],[-3.673,41.559],[-3.542,41.578],[-3.46,41.589],[-3.354,41.737],[-3.171,41.793],[-3.075,41.883],[-3.017,41.887],[-2.91,42.023],[-3.026,42.088],[-3.12,42.196],[-3.108,42.349],[-3.049,42.452],[-3.114,42.548],[-3.014,42.641],[-2.837,42.644],[-2.686,42.582],[-2.618,42.508],[-2.406,42.497],[-2.409,42.66],[-2.293,42.663],[-2.242,42.839],[-2.253,42.9],[-2.043,42.994],[-2.015,43.067],[-1.927,43.114],[-1.919,43.192],[-1.75,43.295],[-1.794,43.386]]]}},
        {"type":"Feature","properties":{"id":"es_ca"},"geometry":{"type":"Polygon","coordinates":[[[-5.339,36.141],[-5.254,36.297],[-5.187,36.411],[-4.994,36.457],[-4.903,36.507],[-4.723,36.493],[-4.525,36.581],[-4.433,36.711],[-4.225,36.712],[-4.057,36.748],[-3.961,36.727],[-3.777,36.736],[-3.768,36.802],[-4.148,36.948],[-4.261,37.024],[-4.32,37.187],[-4.445,37.278],[-4.539,37.211],[-4.653,37.256],[-4.738,37.181],[-4.84,37.192],[-4.917,37.113],[-5.142,37.004],[-5.219,36.95],[-5.315,37.016],[-5.489,37.04],[-5.524,36.939],[-5.642,36.958],[-5.717,36.92],[-5.866,36.897],[-5.891,36.842],[-6.105,36.857],[-6.232,36.903],[-6.338,36.884],[-6.335,36.818],[-6.433,36.751],[-6.395,36.637],[-6.235,36.576],[-6.218,36.402],[-6.159,36.304],[-6.037,36.19],[-5.917,36.184],[-5.796,36.086],[-5.612,36.006],[-5.446,36.057],[-5.438,36.161],[-5.358,36.141],[-5.339,36.141]]]}},
        {"type":"Feature","properties":{"id":"es_cc"},"geometry":{"type":"Polygon","coordinates":[[[-4.944,39.392],[-5.198,39.6],[-5.142,39.72],[-5.168,39.793],[-5.317,39.772],[-5.289,39.862],[-5.391,39.92],[-5.358,40.105],[-5.328,40.116],[-5.373,40.254],[-5.478,40.204],[-5.604,40.219],[-5.728,40.294],[-5.868,40.325],[-5.904,40.284],[-6.08,40.348],[-6.069,40.396],[-6.207,40.478],[-6.516,40.352],[-6.585,40.272],[-6.825,40.246],[-6.875,40.279],[-6.942,40.255],[-7.025,40.216],[-7.016,40.119],[-6.88,40.009],[-6.924,39.872],[-7,39.803],[-7.036,39.689],[-7.183,39.675],[-7.556,39.677],[-7.516,39.594],[-7.399,39.494],[-7.314,39.457],[-7.327,39.341],[-7.251,39.271],[-7.073,39.381],[-7.049,39.437],[-6.799,39.377],[-6.752,39.303],[-6.77,39.191],[-6.66,39.199],[-6.371,39.163],[-6.142,39.031],[-6.021,39.128],[-5.986,39.066],[-5.81,39.145],[-5.69,39.083],[-5.59,39.117],[-5.613,39.189],[-5.517,39.209],[-5.444,39.159],[-5.347,39.229],[-5.34,39.324],[-5.179,39.31],[-4.944,39.392]]]}},
        {"type":"Feature","properties":{"id":"es_co"},"geometry":{"type":"Polygon","coordinates":[[[-5.581,38.135],[-5.496,38.043],[-5.413,37.885],[-5.31,37.773],[-5.344,37.61],[-5.027,37.711],[-4.928,37.584],[-4.944,37.52],[-4.822,37.358],[-4.677,37.341],[-4.653,37.256],[-4.539,37.211],[-4.445,37.278],[-4.32,37.187],[-4.209,37.352],[-4.001,37.402],[-4.11,37.538],[-4.213,37.626],[-4.172,37.697],[-4.284,37.82],[-4.261,37.964],[-4.284,38.004],[-4.168,38.181],[-4.275,38.351],[-4.45,38.396],[-4.728,38.58],[-4.828,38.604],[-4.883,38.685],[-5.037,38.728],[-5.159,38.718],[-5.181,38.666],[-5.362,38.584],[-5.42,38.516],[-5.569,38.425],[-5.521,38.267],[-5.581,38.135]]]}},
        {"type":"Feature","properties":{"id":"es_cr"},"geometry":{"type":"MultiPolygon","coordinates":[[[[-4.753,39.418],[-4.775,39.519],[-4.863,39.556],[-4.944,39.392],[-4.88,39.367],[-4.753,39.418]]],[[[-5.037,38.728],[-4.883,38.685],[-4.828,38.604],[-4.728,38.58],[-4.45,38.396],[-4.275,38.351],[-4.265,38.401],[-3.894,38.382],[-3.794,38.426],[-3.62,38.401],[-3.577,38.443],[-3.445,38.406],[-3.362,38.473],[-3.114,38.458],[-3.009,38.434],[-2.879,38.461],[-2.756,38.533],[-2.728,38.625],[-2.645,38.707],[-2.749,38.811],[-2.762,38.881],[-2.88,38.946],[-2.807,39.054],[-2.843,39.134],[-2.722,39.269],[-2.742,39.318],[-2.831,39.355],[-2.931,39.471],[-3.07,39.45],[-3.143,39.495],[-3.294,39.471],[-3.556,39.299],[-3.78,39.294],[-3.842,39.26],[-3.967,39.298],[-3.972,39.352],[-4.14,39.359],[-4.118,39.457],[-4.042,39.575],[-4.159,39.577],[-4.242,39.478],[-4.427,39.509],[-4.512,39.549],[-4.618,39.454],[-4.693,39.45],[-4.757,39.317],[-4.711,39.225],[-4.807,39.199],[-4.867,39.106],[-4.835,39.048],[-4.944,39.01],[-4.913,38.882],[-4.972,38.769],[-5.037,38.728]]]]}},
        {"type":"Feature","properties":{"id":"es_cu"},"geometry":{"type":"Polygon","coordinates":[[[-1.145,39.972],[-1.163,40.011],[-1.37,40.016],[-1.449,40.15],[-1.555,40.205],[-1.808,40.402],[-1.856,40.429],[-1.93,40.593],[-2.031,40.599],[-2.157,40.659],[-2.488,40.513],[-2.513,40.42],[-2.627,40.453],[-2.723,40.397],[-2.808,40.407],[-2.816,40.21],[-2.913,40.158],[-2.998,40.209],[-3.073,40.158],[-3.094,40.073],[-3.164,40.066],[-3,39.722],[-2.908,39.642],[-2.931,39.471],[-2.831,39.355],[-2.742,39.318],[-2.511,39.342],[-2.374,39.233],[-2.289,39.227],[-2.168,39.281],[-2.049,39.267],[-1.739,39.321],[-1.501,39.422],[-1.494,39.567],[-1.372,39.684],[-1.292,39.673],[-1.226,39.796],[-1.196,39.951],[-1.145,39.972]]]}},
        {"type":"Feature","properties":{"id":"es_gr"},"geometry":{"type":"Polygon","coordinates":[[[-2.21,37.916],[-2.339,38.026],[-2.547,38.081],[-2.598,38.006],[-2.786,37.912],[-2.89,37.774],[-2.902,37.666],[-3.091,37.596],[-3.252,37.633],[-3.315,37.578],[-3.424,37.569],[-3.507,37.613],[-3.627,37.529],[-3.792,37.466],[-3.841,37.386],[-4.001,37.402],[-4.209,37.352],[-4.32,37.187],[-4.261,37.024],[-4.148,36.948],[-3.768,36.802],[-3.777,36.736],[-3.601,36.743],[-3.415,36.696],[-3.33,36.745],[-3.128,36.746],[-2.933,36.752],[-2.757,36.68],[-2.659,36.695],[-2.577,36.811],[-2.362,36.837],[-2.204,36.737],[-2.071,36.775],[-2.003,36.887],[-1.899,36.95],[-1.813,37.207],[-1.642,37.381],[-1.732,37.438],[-1.838,37.455],[-2.001,37.654],[-1.983,37.871],[-2.21,37.916]]]}},
        {"type":"Feature","properties":{"id":"es_hu"},"geometry":{"type":"Polygon","coordinates":[[[-0.745,42.919],[-0.806,42.904],[-0.904,42.743],[-0.898,42.433],[-0.839,42.369],[-0.922,42.272],[-0.757,42.258],[-0.745,42.101],[-0.854,41.997],[-0.668,41.955],[-0.525,41.84],[-0.489,41.736],[-0.381,41.685],[-0.258,41.578],[-0.175,41.582],[-0.07,41.373],[0.106,41.351],[0.241,41.428],[0.338,41.406],[0.349,41.472],[0.441,41.546],[0.329,41.677],[0.406,41.753],[0.598,41.874],[0.576,41.951],[0.642,41.992],[0.703,42.12],[0.751,42.348],[0.701,42.484],[0.761,42.569],[0.663,42.696],[0.467,42.69],[0.354,42.717],[0.275,42.669],[0.169,42.726],[-0.039,42.685],[-0.164,42.778],[-0.305,42.831],[-0.561,42.774],[-0.745,42.919]]]}},
        {"type":"Feature","properties":{"id":"es_j"},"geometry":{"type":"Polygon","coordinates":[[[-2.547,38.081],[-2.445,38.188],[-2.489,38.399],[-2.574,38.435],[-2.572,38.501],[-2.756,38.533],[-2.879,38.461],[-3.009,38.434],[-3.114,38.458],[-3.362,38.473],[-3.445,38.406],[-3.577,38.443],[-3.62,38.401],[-3.794,38.426],[-3.894,38.382],[-4.265,38.401],[-4.275,38.351],[-4.168,38.181],[-4.284,38.004],[-4.261,37.964],[-4.284,37.82],[-4.172,37.697],[-4.213,37.626],[-4.11,37.538],[-4.001,37.402],[-3.841,37.386],[-3.792,37.466],[-3.627,37.529],[-3.507,37.613],[-3.424,37.569],[-3.315,37.578],[-3.252,37.633],[-3.091,37.596],[-2.902,37.666],[-2.89,37.774],[-2.786,37.912],[-2.598,38.006],[-2.547,38.081]]]}},
        {"type":"Feature","properties":{"id":"es_l"},"geometry":{"type":"Polygon","coordinates":[[[0.338,41.406],[0.377,41.321],[0.36,41.233],[0.209,41.12],[0.217,41.071],[0.29,40.982],[0.25,40.889],[0.272,40.829],[0.173,40.731],[0.288,40.684],[0.293,40.632],[0.524,40.526],[0.6,40.614],[0.784,40.661],[0.872,40.707],[0.714,40.815],[0.99,41.04],[1.184,41.063],[1.218,41.105],[1.539,41.187],[1.624,41.192],[1.56,41.366],[1.485,41.408],[1.483,41.477],[1.393,41.575],[1.439,41.644],[1.409,41.783],[1.56,41.768],[1.63,41.829],[1.707,42.131],[1.716,42.288],[1.843,42.306],[1.807,42.419],[1.712,42.494],[1.707,42.503],[1.657,42.498],[1.573,42.453],[1.448,42.435],[1.45,42.504],[1.429,42.595],[1.319,42.713],[1.134,42.716],[1.068,42.776],[0.856,42.813],[0.656,42.838],[0.663,42.696],[0.761,42.569],[0.701,42.484],[0.751,42.348],[0.703,42.12],[0.642,41.992],[0.576,41.951],[0.598,41.874],[0.406,41.753],[0.329,41.677],[0.441,41.546],[0.349,41.472],[0.338,41.406]]]}},
        {"type":"Feature","properties":{"id":"es_le"},"geometry":{"type":"Polygon","coordinates":[[[-6.983,41.963],[-6.657,41.933],[-6.524,41.867],[-6.577,41.74],[-6.555,41.675],[-6.366,41.664],[-6.206,41.57],[-6.321,41.42],[-6.482,41.303],[-6.322,41.28],[-6.129,41.197],[-5.947,41.141],[-5.889,41.235],[-5.811,41.217],[-5.66,41.244],[-5.611,41.209],[-5.301,41.12],[-5.289,41.182],[-5.329,41.357],[-5.331,41.481],[-5.29,41.563],[-5.391,41.761],[-5.28,41.813],[-5.308,41.871],[-5.281,41.979],[-5.376,42.041],[-5.387,42.195],[-5.265,42.218],[-5.094,42.309],[-5.002,42.289],[-4.911,42.381],[-4.914,42.545],[-4.882,42.698],[-4.93,42.747],[-4.902,42.848],[-4.727,43.016],[-4.828,43.108],[-4.832,43.189],[-4.908,43.237],[-5.072,43.172],[-5.118,43.109],[-5.307,43.085],[-5.541,43.022],[-5.73,43.041],[-5.845,42.972],[-5.971,43.051],[-6.079,43.065],[-6.234,43.014],[-6.365,43.051],[-6.449,42.951],[-6.562,42.917],[-6.828,42.915],[-6.863,42.808],[-7.033,42.706],[-7.014,42.641],[-7.071,42.503],[-6.92,42.513],[-6.821,42.485],[-6.839,42.41],[-6.755,42.363],[-6.783,42.253],[-6.933,42.174],[-7.025,42.076],[-6.983,41.963]]]}},
        {"type":"Feature","properties":{"id":"es_lu"},"geometry":{"type":"Polygon","coordinates":[[[-7.071,42.503],[-7.014,42.641],[-7.033,42.706],[-6.863,42.808],[-6.828,42.915],[-6.869,42.989],[-6.988,43.019],[-6.945,43.077],[-6.832,43.12],[-6.866,43.175],[-7.051,43.237],[-7.167,43.386],[-7.047,43.484],[-7.032,43.553],[-7.23,43.569],[-7.367,43.68],[-7.541,43.732],[-7.607,43.691],[-7.696,43.732],[-7.953,43.73],[-8.308,43.546],[-8.333,43.472],[-8.213,43.425],[-8.443,43.375],[-8.506,43.332],[-8.693,43.293],[-8.841,43.339],[-8.971,43.287],[-9.052,43.196],[-9.218,43.155],[-9.251,43.017],[-9.224,42.94],[-9.141,42.921],[-9.113,42.766],[-8.977,42.792],[-9.071,42.596],[-8.981,42.551],[-8.903,42.625],[-8.731,42.688],[-8.578,42.746],[-8.174,42.853],[-8,42.849],[-7.979,42.781],[-7.88,42.722],[-7.931,42.578],[-7.862,42.504],[-7.617,42.402],[-7.418,42.433],[-7.256,42.406],[-7.151,42.427],[-7.071,42.503]]]}},
        {"type":"Feature","properties":{"id":"es_o"},"geometry":{"type":"Polygon","coordinates":[[[-6.828,42.915],[-6.562,42.917],[-6.449,42.951],[-6.365,43.051],[-6.234,43.014],[-6.079,43.065],[-5.971,43.051],[-5.845,42.972],[-5.73,43.041],[-5.541,43.022],[-5.307,43.085],[-5.118,43.109],[-5.072,43.172],[-4.908,43.237],[-4.832,43.189],[-4.743,43.192],[-4.716,43.265],[-4.593,43.298],[-4.514,43.403],[-4.735,43.417],[-4.837,43.45],[-5.178,43.489],[-5.424,43.561],[-5.709,43.569],[-5.852,43.663],[-5.907,43.588],[-6.069,43.57],[-6.223,43.596],[-6.51,43.547],[-6.649,43.579],[-7.001,43.557],[-7.047,43.484],[-7.167,43.386],[-7.051,43.237],[-6.866,43.175],[-6.832,43.12],[-6.945,43.077],[-6.988,43.019],[-6.869,42.989],[-6.828,42.915]]]}},
        {"type":"Feature","properties":{"id":"es_or"},"geometry":{"type":"Polygon","coordinates":[[[-7.931,42.578],[-7.88,42.722],[-7.979,42.781],[-8,42.849],[-8.174,42.853],[-8.578,42.746],[-8.731,42.688],[-8.823,42.57],[-8.813,42.503],[-8.868,42.415],[-8.796,42.258],[-8.899,42.102],[-8.879,41.907],[-8.751,41.969],[-8.627,42.051],[-8.347,42.102],[-8.222,42.154],[-8.191,42.062],[-8.108,42.011],[-8.232,41.886],[-8.179,41.813],[-8.05,41.816],[-7.994,41.864],[-7.897,41.858],[-7.722,41.899],[-7.607,41.873],[-7.588,41.824],[-7.405,41.835],[-7.209,41.889],[-7.145,41.987],[-7.051,41.942],[-6.983,41.963],[-7.025,42.076],[-6.933,42.174],[-6.783,42.253],[-6.755,42.363],[-6.839,42.41],[-6.821,42.485],[-6.92,42.513],[-7.071,42.503],[-7.151,42.427],[-7.256,42.406],[-7.418,42.433],[-7.617,42.402],[-7.862,42.504],[-7.931,42.578]]]}},
        {"type":"Feature","properties":{"id":"es_pm"},"geometry":{"type":"MultiPolygon","coordinates":[[[[1.606,39.091],[1.537,39.118],[1.357,39.078],[1.293,39.033],[1.212,38.903],[1.344,38.862],[1.51,38.93],[1.623,39.029],[1.606,39.091]]],[[[3.355,39.784],[3.292,39.75],[3.163,39.769],[3.125,39.811],[3.141,39.928],[2.933,39.914],[2.704,39.814],[2.57,39.713],[2.358,39.612],[2.382,39.529],[2.493,39.47],[2.655,39.565],[2.755,39.503],[2.762,39.4],[2.825,39.364],[2.959,39.363],[3.061,39.269],[3.221,39.36],[3.323,39.524],[3.406,39.592],[3.469,39.739],[3.355,39.784]]],[[[4.303,39.926],[4.255,39.997],[4.108,40.068],[3.822,40.048],[3.869,39.926],[4.015,39.926],[4.248,39.816],[4.303,39.926]]]]}},
        {"type":"Feature","properties":{"id":"es_sa"},"geometry":{"type":"Polygon","coordinates":[[[-5.328,40.116],[-5.141,40.095],[-5.058,40.149],[-4.989,40.114],[-4.815,40.23],[-4.572,40.212],[-4.53,40.297],[-4.458,40.326],[-4.407,40.408],[-4.325,40.413],[-4.319,40.544],[-4.171,40.63],[-4.161,40.687],[-4.276,40.693],[-4.322,40.658],[-4.42,40.633],[-4.483,40.816],[-4.561,40.841],[-4.564,40.946],[-4.714,41.091],[-4.702,41.155],[-4.885,41.106],[-4.975,41.155],[-5.125,41.132],[-5.289,41.182],[-5.301,41.12],[-5.611,41.209],[-5.66,41.244],[-5.811,41.217],[-5.889,41.235],[-5.947,41.141],[-6.129,41.197],[-6.322,41.28],[-6.482,41.303],[-6.647,41.268],[-6.818,41.054],[-6.927,41.048],[-6.837,40.84],[-6.814,40.647],[-6.857,40.442],[-6.794,40.356],[-6.875,40.279],[-6.825,40.246],[-6.585,40.272],[-6.516,40.352],[-6.207,40.478],[-6.069,40.396],[-6.08,40.348],[-5.904,40.284],[-5.868,40.325],[-5.728,40.294],[-5.604,40.219],[-5.478,40.204],[-5.373,40.254],[-5.328,40.116]]]}},
        {"type":"Feature","properties":{"id":"es_se"},"geometry":{"type":"Polygon","coordinates":[[[-6.951,38.198],[-7.024,38.023],[-7.123,38.04],[-7.269,37.949],[-7.334,37.812],[-7.426,37.751],[-7.515,37.528],[-7.476,37.494],[-7.414,37.193],[-7.029,37.206],[-6.745,37.101],[-6.5,36.96],[-6.388,36.808],[-6.339,36.905],[-6.232,36.903],[-6.105,36.857],[-5.891,36.842],[-5.866,36.897],[-5.717,36.92],[-5.642,36.958],[-5.524,36.939],[-5.489,37.04],[-5.315,37.016],[-5.219,36.95],[-5.142,37.004],[-4.917,37.113],[-4.84,37.192],[-4.738,37.181],[-4.653,37.256],[-4.677,37.341],[-4.822,37.358],[-4.944,37.52],[-4.928,37.584],[-5.027,37.711],[-5.344,37.61],[-5.31,37.773],[-5.413,37.885],[-5.496,38.043],[-5.581,38.135],[-5.728,38.188],[-5.837,38.174],[-5.915,38.114],[-5.976,37.999],[-6.114,37.979],[-6.183,37.939],[-6.45,38.051],[-6.572,38.024],[-6.645,38.094],[-6.81,38.113],[-6.798,38.173],[-6.951,38.198]]]}},
        {"type":"Feature","properties":{"id":"es_so"},"geometry":{"type":"Polygon","coordinates":[[[-1.75,43.295],[-1.919,43.192],[-1.927,43.114],[-2.015,43.067],[-2.043,42.994],[-2.253,42.9],[-2.242,42.839],[-2.293,42.663],[-2.409,42.66],[-2.406,42.497],[-2.618,42.508],[-2.686,42.582],[-2.837,42.644],[-3.014,42.641],[-3.114,42.548],[-3.049,42.452],[-3.108,42.349],[-3.12,42.196],[-3.026,42.088],[-2.91,42.023],[-3.017,41.887],[-3.075,41.883],[-3.171,41.793],[-3.354,41.737],[-3.46,41.589],[-3.542,41.578],[-3.337,41.448],[-3.333,41.377],[-3.199,41.301],[-2.982,41.287],[-2.91,41.322],[-2.844,41.268],[-2.592,41.222],[-2.468,41.086],[-2.288,41.068],[-2.053,41.15],[-2.149,41.194],[-2.166,41.346],[-2.1,41.443],[-2.014,41.388],[-1.946,41.416],[-1.988,41.595],[-1.807,41.67],[-1.846,41.791],[-1.818,41.836],[-1.858,41.955],[-1.852,42.001],[-1.657,41.962],[-1.556,41.912],[-1.419,41.909],[-1.316,42.037],[-1.394,42.128],[-1.416,42.221],[-1.334,42.35],[-1.342,42.415],[-1.145,42.641],[-0.904,42.743],[-0.806,42.904],[-0.745,42.919],[-0.786,42.953],[-0.981,42.957],[-1.275,43.047],[-1.435,43.036],[-1.404,43.243],[-1.559,43.284],[-1.639,43.256],[-1.75,43.295]]]}},
        {"type":"Feature","properties":{"id":"es_te"},"geometry":{"type":"Polygon","coordinates":[[[0.217,41.071],[0.072,41.077],[-0.036,41.134],[-0.406,41.272],[-0.493,41.354],[-0.631,41.31],[-0.61,41.192],[-0.694,41.113],[-0.938,41.082],[-1.086,41.159],[-1.255,41.128],[-1.27,41.054],[-1.393,41.07],[-1.464,40.951],[-1.622,40.947],[-1.767,41.065],[-1.945,41.164],[-2.053,41.15],[-2.288,41.068],[-2.468,41.086],[-2.592,41.222],[-2.844,41.268],[-2.91,41.322],[-2.982,41.287],[-3.199,41.301],[-3.39,41.256],[-3.546,41.162],[-3.436,41.077],[-3.412,40.989],[-3.498,40.796],[-3.318,40.646],[-3.295,40.539],[-3.205,40.513],[-3.139,40.395],[-3.188,40.274],[-3.087,40.239],[-3.073,40.158],[-2.998,40.209],[-2.913,40.158],[-2.816,40.21],[-2.808,40.407],[-2.723,40.397],[-2.627,40.453],[-2.513,40.42],[-2.488,40.513],[-2.157,40.659],[-2.031,40.599],[-1.93,40.593],[-1.856,40.429],[-1.808,40.402],[-1.555,40.205],[-1.449,40.15],[-1.325,40.149],[-1.151,40.11],[-1.163,40.011],[-1.145,39.972],[-1,39.979],[-0.905,39.935],[-0.902,39.865],[-0.791,39.878],[-0.839,39.946],[-0.758,40.035],[-0.614,40.072],[-0.534,40.24],[-0.442,40.238],[-0.289,40.389],[-0.294,40.606],[-0.166,40.78],[-0.074,40.731],[0.173,40.731],[0.272,40.829],[0.25,40.889],[0.29,40.982],[0.217,41.071]]]}},
        {"type":"Feature","properties":{"id":"es_to"},"geometry":{"type":"Polygon","coordinates":[[[-4.693,39.45],[-4.618,39.454],[-4.512,39.549],[-4.427,39.509],[-4.242,39.478],[-4.159,39.577],[-4.042,39.575],[-4.118,39.457],[-4.14,39.359],[-3.972,39.352],[-3.967,39.298],[-3.842,39.26],[-3.78,39.294],[-3.556,39.299],[-3.294,39.471],[-3.143,39.495],[-3.07,39.45],[-2.931,39.471],[-2.908,39.642],[-3,39.722],[-3.164,40.066],[-3.094,40.073],[-3.073,40.158],[-3.087,40.239],[-3.188,40.274],[-3.139,40.395],[-3.205,40.513],[-3.295,40.539],[-3.318,40.646],[-3.498,40.796],[-3.412,40.989],[-3.436,41.077],[-3.546,41.162],[-3.624,41.139],[-3.787,40.997],[-3.935,40.926],[-3.984,40.789],[-4.09,40.769],[-4.161,40.687],[-4.171,40.63],[-4.319,40.544],[-4.325,40.413],[-4.407,40.408],[-4.458,40.326],[-4.53,40.297],[-4.572,40.212],[-4.815,40.23],[-4.989,40.114],[-5.058,40.149],[-5.141,40.095],[-5.328,40.116],[-5.358,40.105],[-5.391,39.92],[-5.289,39.862],[-5.317,39.772],[-5.168,39.793],[-5.142,39.72],[-5.198,39.6],[-4.944,39.392],[-4.863,39.556],[-4.775,39.519],[-4.753,39.418],[-4.693,39.45]]]}},
        {"type":"Feature","properties":{"id":"es_v"},"geometry":{"type":"MultiPolygon","coordinates":[[[[0.173,40.731],[-0.074,40.731],[-0.166,40.78],[-0.294,40.606],[-0.289,40.389],[-0.442,40.238],[-0.534,40.24],[-0.614,40.072],[-0.758,40.035],[-0.839,39.946],[-0.791,39.878],[-0.902,39.865],[-0.905,39.935],[-1,39.979],[-1.145,39.972],[-1.196,39.951],[-1.226,39.796],[-1.292,39.673],[-1.372,39.684],[-1.494,39.567],[-1.501,39.422],[-1.34,39.342],[-1.178,39.304],[-1.179,39.221],[-1.262,39.074],[-1.121,38.933],[-0.959,38.94],[-0.921,38.886],[-0.931,38.786],[-0.903,38.689],[-1.022,38.655],[-1.024,38.483],[-1.082,38.431],[-1.077,38.35],[-0.969,38.271],[-1.033,38.117],[-0.917,37.934],[-0.761,37.846],[-0.718,37.943],[-0.655,37.989],[-0.609,38.178],[-0.504,38.207],[-0.519,38.299],[-0.414,38.365],[-0.329,38.47],[-0.09,38.535],[-0.015,38.624],[0.083,38.661],[0.234,38.758],[0.154,38.831],[-0.031,38.883],[-0.121,38.951],[-0.21,39.079],[-0.215,39.182],[-0.301,39.322],[-0.323,39.516],[-0.194,39.715],[-0.003,39.932],[0.066,40.032],[0.145,40.079],[0.205,40.172],[0.351,40.285],[0.524,40.526],[0.293,40.632],[0.288,40.684],[0.173,40.731]]],[[[-1.163,40.011],[-1.151,40.11],[-1.325,40.149],[-1.449,40.15],[-1.37,40.016],[-1.163,40.011]]]]}},
        {"type":"Feature","properties":{"id":"es_va"},"geometry":{"type":"Polygon","coordinates":[[[-4.161,40.687],[-4.09,40.769],[-3.984,40.789],[-3.935,40.926],[-3.787,40.997],[-3.624,41.139],[-3.546,41.162],[-3.39,41.256],[-3.199,41.301],[-3.333,41.377],[-3.337,41.448],[-3.542,41.578],[-3.673,41.559],[-3.77,41.46],[-3.981,41.583],[-4.03,41.631],[-4.041,41.768],[-4.089,41.87],[-3.914,41.943],[-3.973,42.031],[-4.08,42.04],[-4.12,42.128],[-4.235,42.229],[-4.277,42.383],[-4.244,42.455],[-4.297,42.567],[-4.285,42.676],[-4.086,42.763],[-4.221,42.85],[-4.254,42.958],[-4.463,43.051],[-4.727,43.016],[-4.902,42.848],[-4.93,42.747],[-4.882,42.698],[-4.914,42.545],[-4.911,42.381],[-5.002,42.289],[-5.094,42.309],[-5.265,42.218],[-5.387,42.195],[-5.376,42.041],[-5.281,41.979],[-5.308,41.871],[-5.28,41.813],[-5.391,41.761],[-5.29,41.563],[-5.331,41.481],[-5.329,41.357],[-5.289,41.182],[-5.125,41.132],[-4.975,41.155],[-4.885,41.106],[-4.702,41.155],[-4.714,41.091],[-4.564,40.946],[-4.561,40.841],[-4.483,40.816],[-4.42,40.633],[-4.322,40.658],[-4.276,40.693],[-4.161,40.687]]]}},
        {"type":"Feature","properties":{"id":"es_z"},"geometry":{"type":"Polygon","coordinates":[[[-2.053,41.15],[-1.945,41.164],[-1.767,41.065],[-1.622,40.947],[-1.464,40.951],[-1.393,41.07],[-1.27,41.054],[-1.255,41.128],[-1.086,41.159],[-0.938,41.082],[-0.694,41.113],[-0.61,41.192],[-0.631,41.31],[-0.493,41.354],[-0.406,41.272],[-0.036,41.134],[0.072,41.077],[0.217,41.071],[0.209,41.12],[0.36,41.233],[0.377,41.321],[0.338,41.406],[0.241,41.428],[0.106,41.351],[-0.07,41.373],[-0.175,41.582],[-0.258,41.578],[-0.381,41.685],[-0.489,41.736],[-0.525,41.84],[-0.668,41.955],[-0.854,41.997],[-0.745,42.101],[-0.757,42.258],[-0.922,42.272],[-0.839,42.369],[-0.898,42.433],[-0.904,42.743],[-1.145,42.641],[-1.342,42.415],[-1.334,42.35],[-1.416,42.221],[-1.394,42.128],[-1.316,42.037],[-1.419,41.909],[-1.556,41.912],[-1.657,41.962],[-1.852,42.001],[-1.858,41.955],[-1.818,41.836],[-1.846,41.791],[-1.807,41.67],[-1.988,41.595],[-1.946,41.416],[-2.014,41.388],[-2.1,41.443],[-2.166,41.346],[-2.149,41.194],[-2.053,41.15]]]}},
        {"type":"Feature","properties":{"id":"fi_02"},"geometry":{"type":"Polygon","coordinates":[[[30.146,61.85],[30.057,61.849],[29.564,61.724],[29.272,61.572],[29.053,61.534],[28.815,61.531],[28.653,61.47],[28.469,61.509],[28.342,61.419],[28.181,61.373],[27.54,61.36],[27.202,61.4],[27.226,61.316],[27.331,61.253],[27.213,61.162],[26.944,61.171],[26.872,61.283],[26.699,61.214],[26.515,61.274],[26.395,61.2],[26.052,61.108],[26.137,61.025],[26.043,60.955],[26.215,60.755],[26.348,60.671],[26.553,60.592],[26.527,60.44],[26.687,60.418],[26.998,60.488],[27.054,60.547],[27.369,60.498],[27.457,60.464],[27.705,60.485],[27.808,60.553],[28.004,60.664],[28.481,60.933],[28.615,60.962],[28.798,61.097],[29.203,61.246],[29.277,61.305],[29.54,61.485],[29.779,61.593],[30.146,61.85]]]}},
        {"type":"Feature","properties":{"id":"fi_03"},"geometry":{"type":"Polygon","coordinates":[[[23.706,64.168],[23.605,64.028],[23.382,64.048],[23.371,63.947],[23.275,63.889],[23.075,63.857],[22.991,63.788],[22.829,63.646],[22.675,63.702],[22.497,63.623],[22.428,63.489],[22.271,63.514],[22.196,63.431],[22.374,63.321],[22.203,63.239],[21.906,63.175],[21.87,63.259],[21.615,63.204],[21.441,63.038],[21.463,62.951],[21.383,62.875],[21.227,62.858],[21.114,62.781],[21.194,62.601],[21.116,62.496],[21.205,62.36],[21.339,62.356],[21.316,62.248],[21.39,62.208],[21.289,62.122],[21.237,61.985],[21.317,61.939],[21.426,62.009],[21.647,62.021],[21.933,61.985],[22.339,62.124],[22.546,62.236],[22.587,62.302],[22.838,62.271],[23.167,62.318],[23.289,62.407],[23.421,62.38],[23.817,62.47],[24.02,62.364],[24.198,62.469],[24.514,62.504],[24.571,62.661],[24.365,62.843],[24.364,62.918],[24.266,63.06],[24.363,63.119],[24.528,63.159],[24.736,63.137],[24.8,63.276],[24.783,63.352],[25.029,63.458],[24.63,63.659],[24.408,63.834],[24.272,63.868],[24.094,64.048],[23.706,64.168]]]}},
        {"type":"Feature","properties":{"id":"fi_04"},"geometry":{"type":"Polygon","coordinates":[[[28.658,62.653],[28.596,62.591],[28.415,62.566],[28.395,62.474],[28.255,62.43],[28.21,62.354],[28.068,62.286],[27.838,62.279],[27.669,62.394],[27.381,62.517],[27.203,62.464],[26.88,62.474],[26.712,62.451],[26.636,62.246],[26.499,62.251],[26.334,62.197],[26.248,62.101],[26.39,61.99],[26.334,61.884],[26.529,61.686],[26.319,61.608],[26.257,61.439],[26.294,61.371],[26.515,61.274],[26.699,61.214],[26.872,61.283],[26.944,61.171],[27.213,61.162],[27.331,61.253],[27.226,61.316],[27.202,61.4],[27.54,61.36],[28.181,61.373],[28.342,61.419],[28.469,61.509],[28.653,61.47],[28.815,61.531],[29.053,61.534],[29.272,61.572],[29.564,61.724],[29.694,61.825],[29.617,61.924],[29.656,61.973],[29.459,62.099],[29.413,62.245],[29.281,62.383],[29.084,62.421],[29.107,62.491],[28.81,62.631],[28.658,62.653]]]}},
        {"type":"Feature","properties":{"id":"fi_05"},"geometry":{"type":"Polygon","coordinates":[[[29.732,65.497],[29.489,65.492],[29.282,65.524],[29.116,65.455],[28.682,65.396],[28.553,65.285],[28.076,65.241],[27.903,65.107],[27.363,65.086],[27.281,65.016],[27.405,64.932],[27.36,64.818],[27.115,64.827],[26.907,64.752],[26.809,64.659],[26.646,64.647],[26.536,64.559],[26.296,64.48],[26.531,64.326],[26.69,64.308],[26.773,64.245],[26.803,64.059],[26.872,64.033],[27.55,63.953],[27.745,63.908],[28.152,63.722],[28.358,63.753],[28.465,63.871],[28.572,63.883],[28.935,63.842],[29.656,63.873],[29.736,63.732],[29.998,63.747],[30.202,63.793],[30.509,63.991],[30.586,64.085],[30.558,64.22],[30.321,64.318],[30.093,64.361],[30.07,64.472],[29.966,64.579],[30.136,64.615],[30.171,64.682],[30.063,64.784],[29.78,64.796],[29.698,64.839],[29.588,64.991],[29.668,65.078],[29.82,65.094],[29.833,65.205],[29.58,65.235],[29.72,65.329],[29.732,65.497]]]}},
        {"type":"Feature","properties":{"id":"fi_08"},"geometry":{"type":"Polygon","coordinates":[[[25.029,63.458],[24.783,63.352],[24.8,63.276],[24.736,63.137],[24.528,63.159],[24.363,63.119],[24.266,63.06],[24.364,62.918],[24.365,62.843],[24.571,62.661],[24.514,62.504],[24.198,62.469],[24.02,62.364],[24.054,62.296],[24.246,62.255],[24.333,62.175],[24.565,62.181],[24.743,62.034],[24.869,62.056],[24.947,61.918],[24.907,61.58],[24.958,61.456],[25.403,61.484],[25.516,61.678],[25.78,61.701],[25.862,61.798],[26.082,61.705],[26.146,61.626],[26.319,61.608],[26.529,61.686],[26.334,61.884],[26.39,61.99],[26.248,62.101],[26.334,62.197],[26.499,62.251],[26.636,62.246],[26.712,62.451],[26.482,62.525],[26.597,62.625],[26.521,62.736],[26.36,62.758],[26.174,62.832],[26.064,62.938],[26.28,62.945],[26.272,63.064],[26.161,63.151],[26.184,63.228],[26.087,63.368],[26.138,63.456],[25.912,63.439],[25.736,63.518],[25.491,63.532],[25.232,63.601],[25.029,63.458]]]}},
        {"type":"Feature","properties":{"id":"fi_10"},"geometry":{"type":"Polygon","coordinates":[[[20.623,69.036],[20.935,68.967],[20.906,68.895],[21.072,68.869],[21.464,68.687],[21.919,68.568],[22.072,68.477],[22.303,68.476],[22.608,68.425],[23.052,68.298],[23.155,68.217],[23.152,68.13],[23.331,68.128],[23.383,68.051],[23.661,67.933],[23.499,67.882],[23.485,67.737],[23.554,67.587],[23.431,67.486],[23.765,67.42],[23.735,67.29],[23.622,67.269],[23.581,67.153],[23.684,67.05],[23.933,66.889],[24.001,66.812],[23.892,66.751],[23.882,66.564],[23.642,66.436],[23.724,66.207],[23.889,66.161],[24.02,66.049],[24.163,65.823],[24.405,65.769],[24.519,65.796],[24.671,65.645],[24.82,65.662],[25.093,65.592],[25.388,65.736],[25.762,65.746],[26.128,65.814],[26.188,65.719],[26.842,65.705],[27.102,65.751],[27.4,65.942],[27.638,65.954],[27.765,65.829],[28.194,65.805],[28.47,65.839],[28.414,65.99],[28.722,65.998],[28.609,66.118],[28.711,66.137],[28.764,66.239],[28.574,66.286],[28.571,66.386],[28.735,66.484],[29.169,66.419],[29.546,66.432],[29.362,66.627],[29.089,66.838],[29.1,66.991],[29.52,67.298],[29.916,67.508],[30.009,67.686],[29.651,67.824],[29.299,68.082],[28.727,68.173],[28.664,68.204],[28.447,68.515],[28.716,68.728],[28.801,68.835],[28.456,68.9],[28.954,69.027],[28.827,69.107],[28.865,69.217],[29.229,69.377],[29.345,69.464],[29.131,69.674],[28.405,69.802],[28.167,69.894],[27.867,70.075],[27.613,70.062],[27.312,69.929],[27.1,69.902],[26.865,69.938],[26.501,69.918],[26.198,69.715],[26.032,69.697],[25.887,69.521],[25.877,69.371],[25.734,69.191],[25.801,69.013],[25.652,68.883],[25.387,68.875],[25.201,68.813],[25.118,68.638],[24.861,68.563],[24.663,68.666],[24.332,68.709],[23.929,68.816],[23.787,68.8],[23.735,68.715],[23.198,68.618],[23.019,68.687],[22.852,68.676],[22.596,68.725],[22.429,68.71],[22.371,68.823],[21.946,69.066],[21.663,69.263],[21.314,69.291],[21.034,69.181],[21.156,69.088],[21.033,69.041],[20.744,69.104],[20.623,69.036]]]}},
        {"type":"Feature","properties":{"id":"fi_11"},"geometry":{"type":"Polygon","coordinates":[[[23.197,61],[23.437,60.969],[23.707,61.007],[23.798,61.075],[24.228,61.158],[24.38,61.244],[24.584,61.295],[24.804,61.267],[24.918,61.322],[24.958,61.456],[24.907,61.58],[24.947,61.918],[24.869,62.056],[24.743,62.034],[24.565,62.181],[24.333,62.175],[24.246,62.255],[24.054,62.296],[24.02,62.364],[23.817,62.47],[23.421,62.38],[23.289,62.407],[23.167,62.318],[22.838,62.271],[22.587,62.302],[22.546,62.236],[22.339,62.124],[21.933,61.985],[21.647,62.021],[21.426,62.009],[21.317,61.939],[21.486,61.811],[21.47,61.76],[21.623,61.546],[21.51,61.519],[21.543,61.225],[21.443,61.156],[21.408,61.048],[21.493,61.004],[21.906,60.985],[22.006,60.899],[22.562,60.944],[22.57,60.986],[22.801,60.997],[22.97,61.046],[23.197,61]]]}},
        {"type":"Feature","properties":{"id":"fi_13"},"geometry":{"type":"Polygon","coordinates":[[[29.998,63.747],[29.736,63.732],[29.656,63.873],[28.935,63.842],[28.572,63.883],[28.465,63.871],[28.358,63.753],[28.55,63.693],[28.661,63.437],[28.753,63.335],[28.618,63.209],[28.877,63.06],[29.052,62.999],[28.987,62.898],[29.081,62.838],[28.924,62.782],[28.796,62.828],[28.646,62.744],[28.658,62.653],[28.81,62.631],[29.107,62.491],[29.084,62.421],[29.281,62.383],[29.413,62.245],[29.459,62.099],[29.656,61.973],[29.617,61.924],[29.694,61.825],[29.564,61.724],[30.057,61.849],[30.146,61.85],[30.635,62.184],[30.908,62.293],[31.222,62.492],[31.363,62.652],[31.441,62.789],[31.57,62.906],[31.251,63.115],[31.226,63.196],[30.975,63.289],[30.821,63.376],[30.489,63.462],[30.001,63.715],[29.998,63.747]]]}},
        {"type":"Feature","properties":{"id":"fi_14"},"geometry":{"type":"MultiPolygon","coordinates":[[[[25.093,65.592],[25.352,65.484],[25.282,65.191],[25.444,64.967],[25.26,64.816],[25.074,64.916],[24.773,64.866],[24.544,64.765],[24.423,64.676],[24.344,64.531],[23.996,64.38],[23.834,64.227],[23.706,64.168],[24.094,64.048],[24.272,63.868],[24.408,63.834],[24.63,63.659],[25.029,63.458],[25.232,63.601],[25.491,63.532],[25.736,63.518],[25.912,63.439],[26.138,63.456],[26.286,63.589],[26.238,63.807],[26.299,63.854],[26.694,64.005],[26.872,64.033],[26.803,64.059],[26.773,64.245],[26.69,64.308],[26.531,64.326],[26.296,64.48],[26.536,64.559],[26.646,64.647],[26.809,64.659],[26.907,64.752],[27.115,64.827],[27.36,64.818],[27.405,64.932],[27.281,65.016],[27.363,65.086],[27.903,65.107],[28.076,65.241],[28.553,65.285],[28.682,65.396],[29.116,65.455],[29.282,65.524],[29.489,65.492],[29.732,65.497],[29.839,65.565],[29.703,65.629],[30.112,65.712],[30.075,65.823],[29.9,66.108],[29.651,66.288],[29.546,66.432],[29.169,66.419],[28.735,66.484],[28.571,66.386],[28.574,66.286],[28.764,66.239],[28.711,66.137],[28.609,66.118],[28.722,65.998],[28.414,65.99],[28.47,65.839],[28.194,65.805],[27.765,65.829],[27.638,65.954],[27.4,65.942],[27.102,65.751],[26.842,65.705],[26.188,65.719],[26.128,65.814],[25.762,65.746],[25.388,65.736],[25.093,65.592]]],[[[24.993,65.055],[24.835,65.095],[24.563,65.037],[24.632,64.968],[24.82,65.043],[24.993,65.055]]]]}},
        {"type":"Feature","properties":{"id":"fi_15"},"geometry":{"type":"Polygon","coordinates":[[[26.138,63.456],[26.087,63.368],[26.184,63.228],[26.161,63.151],[26.272,63.064],[26.28,62.945],[26.064,62.938],[26.174,62.832],[26.36,62.758],[26.521,62.736],[26.597,62.625],[26.482,62.525],[26.712,62.451],[26.88,62.474],[27.203,62.464],[27.381,62.517],[27.669,62.394],[27.838,62.279],[28.068,62.286],[28.21,62.354],[28.255,62.43],[28.395,62.474],[28.415,62.566],[28.596,62.591],[28.658,62.653],[28.646,62.744],[28.796,62.828],[28.924,62.782],[29.081,62.838],[28.987,62.898],[29.052,62.999],[28.877,63.06],[28.618,63.209],[28.753,63.335],[28.661,63.437],[28.55,63.693],[28.358,63.753],[28.152,63.722],[27.745,63.908],[27.55,63.953],[26.872,64.033],[26.694,64.005],[26.299,63.854],[26.238,63.807],[26.286,63.589],[26.138,63.456]]]}},
        {"type":"Feature","properties":{"id":"fi_18"},"geometry":{"type":"Polygon","coordinates":[[[26.515,61.274],[26.294,61.371],[26.257,61.439],[26.319,61.608],[26.146,61.626],[26.082,61.705],[25.862,61.798],[25.78,61.701],[25.516,61.678],[25.403,61.484],[24.958,61.456],[24.918,61.322],[24.804,61.267],[24.584,61.295],[24.38,61.244],[24.228,61.158],[23.798,61.075],[23.707,61.007],[23.437,60.969],[23.197,61],[23.296,60.947],[23.162,60.78],[23.267,60.728],[23.477,60.747],[23.705,60.661],[23.897,60.649],[23.851,60.502],[23.744,60.486],[23.786,60.393],[23.626,60.262],[23.651,60.213],[23.439,60.164],[23.296,60.182],[23.193,60.123],[23.021,60.107],[23.059,60.04],[23.205,60.05],[23.237,59.898],[23.562,59.978],[23.771,59.968],[24.296,60.072],[24.468,59.996],[24.608,60.101],[24.773,60.142],[24.951,60.143],[25.177,60.183],[25.198,60.245],[25.503,60.246],[25.526,60.327],[25.736,60.247],[26.095,60.423],[26.324,60.383],[26.486,60.444],[26.466,60.508],[26.553,60.592],[26.348,60.671],[26.215,60.755],[26.043,60.955],[26.137,61.025],[26.052,61.108],[26.395,61.2],[26.515,61.274]]]}},
        {"type":"Feature","properties":{"id":"fi_19"},"geometry":{"type":"MultiPolygon","coordinates":[[[[23.197,61],[22.97,61.046],[22.801,60.997],[22.57,60.986],[22.562,60.944],[22.006,60.899],[21.906,60.985],[21.493,61.004],[21.408,61.048],[21.326,60.835],[21.422,60.759],[21.47,60.608],[21.662,60.567],[21.774,60.604],[22.064,60.436],[22.292,60.383],[22.628,60.375],[22.449,60.245],[22.736,60.238],[22.941,60.316],[23.008,60.277],[22.867,60.184],[23.021,60.107],[23.193,60.123],[23.296,60.182],[23.439,60.164],[23.651,60.213],[23.626,60.262],[23.786,60.393],[23.744,60.486],[23.851,60.502],[23.897,60.649],[23.705,60.661],[23.477,60.747],[23.267,60.728],[23.162,60.78],[23.296,60.947],[23.197,61]]],[[[22.844,60.242],[22.466,60.184],[22.47,59.998],[22.73,60.047],[22.847,60.111],[22.844,60.242]]]]}},
        {"type":"Feature","properties":{"id":"fo_x00"},"geometry":{"type":"MultiPolygon","coordinates":[[[[-6.655,61.396],[-6.737,61.579],[-6.923,61.566],[-6.827,61.472],[-6.655,61.396]]],[[[-7.384,62.095],[-7.185,62.027],[-7.038,62.089],[-7.286,62.155],[-7.384,62.095]]],[[[-7.223,62.171],[-7.031,62.117],[-6.857,61.995],[-6.716,62.034],[-6.856,62.148],[-6.997,62.184],[-7.073,62.29],[-7.19,62.31],[-7.223,62.171]]],[[[-7.055,62.29],[-6.958,62.19],[-6.86,62.164],[-6.691,62.073],[-6.592,62.117],[-6.609,62.202],[-6.941,62.337],[-7.055,62.29]]]]}},
        {"type":"Feature","properties":{"id":"fr_01"},"geometry":{"type":"Polygon","coordinates":[[[5.959,46.13],[5.959,46.212],[6.09,46.246],[6.119,46.332],[6.059,46.417],[5.881,46.275],[5.731,46.271],[5.648,46.344],[5.51,46.261],[5.392,46.347],[5.311,46.455],[5.179,46.505],[4.937,46.501],[4.798,46.172],[4.704,46.247],[4.408,46.29],[4.384,46.225],[4.289,46.173],[3.898,46.213],[3.886,46.276],[3.772,46.234],[3.818,46.009],[3.68,45.957],[3.73,45.892],[3.697,45.789],[3.804,45.649],[3.921,45.577],[3.969,45.482],[3.886,45.359],[3.607,45.354],[3.505,45.416],[3.344,45.422],[3.201,45.36],[3.104,45.354],[3.112,45.285],[3.227,45.268],[3.296,45.039],[3.37,44.954],[3.46,44.837],[3.738,44.816],[3.872,44.751],[3.922,44.58],[3.994,44.458],[4.131,44.332],[4.251,44.282],[4.373,44.34],[4.521,44.337],[4.658,44.282],[4.658,44.327],[4.721,44.573],[4.789,44.658],[4.778,44.795],[4.893,44.95],[4.823,45.111],[4.811,45.296],[4.77,45.366],[4.76,45.444],[4.87,45.55],[5.014,45.612],[5.146,45.725],[5.102,45.826],[5.239,45.786],[5.333,45.868],[5.45,45.793],[5.6,45.656],[5.759,45.721],[5.84,45.939],[5.825,46.095],[5.959,46.13]]]}},
        {"type":"Feature","properties":{"id":"fr_02"},"geometry":{"type":"Polygon","coordinates":[[[1.595,50.373],[1.521,50.215],[1.373,50.066],[1.516,50.001],[1.681,49.888],[1.755,49.766],[1.681,49.645],[1.737,49.465],[1.718,49.411],[1.75,49.311],[1.698,49.231],[1.886,49.168],[2.081,49.211],[2.238,49.163],[2.335,49.176],[2.583,49.085],[2.979,49.078],[3.08,49.106],[3.176,49.004],[3.419,48.853],[3.478,48.85],[3.666,49.009],[3.587,49.037],[3.636,49.147],[3.703,49.146],[3.65,49.303],[3.85,49.346],[4.032,49.36],[4.055,49.407],[4.073,49.567],[4.046,49.626],[4.231,49.727],[4.248,49.855],[4.216,49.954],[4.132,49.975],[3.986,50.031],[3.683,50.059],[3.449,50.015],[3.157,50.019],[3.088,50.05],[2.965,50.038],[2.677,50.08],[2.574,50.129],[2.394,50.159],[2.41,50.225],[2.113,50.203],[1.82,50.355],[1.681,50.339],[1.595,50.373]]]}},
        {"type":"Feature","properties":{"id":"fr_04"},"geometry":{"type":"Polygon","coordinates":[[[7.039,44.712],[6.983,44.847],[6.866,44.856],[6.728,44.929],[6.629,45.124],[6.459,45.054],[6.266,45.125],[6.227,45.007],[6.325,44.999],[6.365,44.868],[6.129,44.855],[5.973,44.808],[5.812,44.712],[5.793,44.655],[5.658,44.641],[5.615,44.573],[5.651,44.496],[5.493,44.424],[5.459,44.37],[5.684,44.259],[5.679,44.191],[5.506,44.122],[5.586,43.922],[5.547,43.838],[5.663,43.812],[5.754,43.732],[5.707,43.643],[5.713,43.477],[5.683,43.399],[5.761,43.279],[5.672,43.18],[5.776,43.131],[6.027,43.078],[6.422,43.152],[6.506,43.151],[6.68,43.202],[6.672,43.276],[6.731,43.408],[6.894,43.428],[6.933,43.48],[6.945,43.527],[7.088,43.569],[7.152,43.655],[7.331,43.686],[7.366,43.723],[7.407,43.764],[7.437,43.743],[7.502,43.792],[7.478,43.866],[7.631,43.994],[7.688,44.091],[7.625,44.18],[7.381,44.123],[7.033,44.243],[6.878,44.355],[6.918,44.436],[6.839,44.503],[6.938,44.658],[7.039,44.712]]]}},
        {"type":"Feature","properties":{"id":"fr_11"},"geometry":{"type":"Polygon","coordinates":[[[1.761,42.568],[1.717,42.54],[1.707,42.503],[1.712,42.494],[1.927,42.437],[1.964,42.367],[2.052,42.352],[2.137,42.416],[2.277,42.429],[2.465,42.341],[2.64,42.373],[2.934,42.47],[3.066,42.432],[3.181,42.431],[3.137,42.525],[3.052,42.555],[3.046,42.837],[3.039,42.943],[3.114,43.106],[3.244,43.219],[2.84,43.316],[2.756,43.258],[2.583,43.325],[2.568,43.423],[2.261,43.442],[2.217,43.384],[2.032,43.423],[1.894,43.394],[1.725,43.316],[1.703,43.267],[1.714,43.19],[1.953,43.096],[1.99,42.961],[1.977,42.864],[1.865,42.816],[1.913,42.757],[2.056,42.744],[2.166,42.664],[2.006,42.656],[1.938,42.572],[1.761,42.568]]]}},
        {"type":"Feature","properties":{"id":"fr_12"},"geometry":{"type":"Polygon","coordinates":[[[2.032,43.423],[2.217,43.384],[2.261,43.442],[2.568,43.423],[2.657,43.461],[2.641,43.633],[2.776,43.618],[2.934,43.694],[3.051,43.701],[3.053,43.81],[3.189,43.813],[3.342,43.904],[3.442,44],[3.306,44.069],[3.377,44.168],[3.249,44.191],[3.123,44.263],[3.141,44.421],[3.066,44.564],[2.98,44.644],[2.927,44.769],[2.727,44.935],[2.594,44.835],[2.537,44.73],[2.455,44.662],[2.3,44.669],[2.205,44.622],[2.132,44.699],[2.159,44.775],[2.059,44.975],[1.908,44.968],[1.8,44.933],[1.61,45.029],[1.459,45.015],[1.437,44.883],[1.288,44.717],[1.175,44.673],[1.077,44.575],[1.013,44.548],[1.065,44.379],[0.901,44.367],[0.945,44.279],[0.906,44.201],[0.742,44.067],[0.848,44.024],[0.786,43.958],[0.874,43.92],[0.954,43.787],[1.165,43.816],[1.246,43.774],[1.358,43.821],[1.374,43.884],[1.556,43.918],[1.58,43.814],[1.644,43.792],[1.729,43.657],[2.032,43.423]]]}},
        {"type":"Feature","properties":{"id":"fr_17"},"geometry":{"type":"Polygon","coordinates":[[[0.636,45.71],[0.794,45.825],[0.81,45.922],[0.924,45.974],[0.806,46.067],[0.796,46.133],[0.647,46.091],[0.5,46.132],[0.403,46.063],[0.197,46.096],[0.036,46.08],[-0.103,45.97],[-0.26,46.065],[-0.49,46.103],[-0.637,46.154],[-0.751,46.245],[-0.757,46.301],[-0.97,46.362],[-1.119,46.311],[-1.18,46.229],[-1.049,46.039],[-1.097,45.985],[-1.073,45.904],[-1.23,45.792],[-1.194,45.71],[-0.842,45.515],[-0.753,45.424],[-0.707,45.322],[-0.469,45.283],[-0.394,45.166],[-0.174,45.101],[-0.034,45.12],[0,45.192],[0.125,45.214],[0.249,45.293],[0.288,45.429],[0.425,45.484],[0.517,45.634],[0.636,45.71]]]}},
        {"type":"Feature","properties":{"id":"fr_18"},"geometry":{"type":"Polygon","coordinates":[[[2.254,46.42],[2.4,46.522],[2.613,46.549],[2.591,46.634],[2.716,46.731],[2.838,46.726],[2.931,46.783],[3.03,46.791],[3.073,46.87],[3.068,47.046],[2.972,47.267],[2.875,47.337],[2.93,47.453],[2.875,47.521],[2.733,47.525],[2.662,47.492],[2.566,47.573],[2.442,47.607],[2.239,47.621],[2.133,47.588],[2.254,47.469],[2.245,47.411],[2.116,47.392],[2.101,47.27],[1.95,47.285],[1.839,47.219],[1.724,47.289],[1.604,47.285],[1.525,47.226],[1.327,47.186],[1.357,47.152],[1.237,47.017],[1.074,47.014],[0.98,46.755],[0.881,46.75],[0.916,46.615],[1.039,46.534],[1.101,46.534],[1.195,46.428],[1.177,46.387],[1.354,46.391],[1.414,46.351],[1.511,46.412],[1.612,46.384],[1.882,46.438],[2.139,46.421],[2.254,46.42]]]}},
        {"type":"Feature","properties":{"id":"fr_19"},"geometry":{"type":"Polygon","coordinates":[[[1.459,45.015],[1.61,45.029],[1.8,44.933],[1.908,44.968],[2.059,44.975],[2.207,45.159],[2.195,45.224],[2.367,45.369],[2.489,45.397],[2.519,45.479],[2.465,45.585],[2.522,45.649],[2.49,45.736],[2.401,45.829],[2.502,45.87],[2.595,45.971],[2.567,46.136],[2.474,46.271],[2.332,46.329],[2.254,46.42],[2.139,46.421],[1.882,46.438],[1.612,46.384],[1.511,46.412],[1.414,46.351],[1.354,46.391],[1.177,46.387],[1.048,46.354],[0.987,46.284],[0.791,46.219],[0.796,46.133],[0.806,46.067],[0.924,45.974],[0.81,45.922],[0.794,45.825],[0.636,45.71],[0.735,45.693],[0.819,45.596],[1.009,45.615],[1.126,45.489],[1.255,45.446],[1.247,45.225],[1.289,45.147],[1.402,45.127],[1.459,45.015]]]}},
        {"type":"Feature","properties":{"id":"fr_21"},"geometry":{"type":"Polygon","coordinates":[[[5.311,46.455],[5.403,46.475],[5.364,46.569],[5.423,46.632],[5.376,46.822],[5.251,46.981],[5.486,47.191],[5.522,47.289],[5.422,47.492],[5.479,47.599],[5.375,47.608],[5.294,47.59],[5.168,47.675],[4.971,47.693],[4.932,47.773],[4.986,47.814],[4.793,47.997],[4.699,48.022],[4.542,47.965],[4.288,47.924],[4.33,47.76],[4.068,47.425],[4.106,47.339],[4.125,47.25],[4.21,47.155],[4.048,47.095],[4.047,46.786],[3.809,46.702],[3.739,46.752],[3.625,46.739],[3.743,46.61],[3.741,46.549],[3.979,46.463],[4,46.326],[3.886,46.276],[3.898,46.213],[4.289,46.173],[4.384,46.225],[4.408,46.29],[4.704,46.247],[4.798,46.172],[4.937,46.501],[5.179,46.505],[5.311,46.455]]]}},
        {"type":"Feature","properties":{"id":"fr_22"},"geometry":{"type":"Polygon","coordinates":[[[-1.949,48.538],[-2.052,48.65],[-2.219,48.604],[-2.312,48.687],[-2.577,48.582],[-2.636,48.539],[-2.813,48.599],[-2.827,48.658],[-3.077,48.828],[-3.091,48.871],[-3.372,48.822],[-3.515,48.842],[-3.543,48.746],[-3.639,48.688],[-3.732,48.719],[-3.95,48.669],[-3.974,48.733],[-4.174,48.691],[-4.283,48.643],[-4.343,48.679],[-4.564,48.63],[-4.722,48.568],[-4.765,48.52],[-4.783,48.376],[-4.619,48.348],[-4.427,48.404],[-4.325,48.363],[-4.458,48.249],[-4.302,48.196],[-4.362,48.116],[-4.684,48.067],[-4.435,47.976],[-4.347,47.863],[-4.225,47.802],[-4.094,47.875],[-3.895,47.855],[-3.852,47.801],[-3.539,47.774],[-3.391,47.884],[-3.394,47.952],[-3.646,47.994],[-3.731,48.101],[-3.565,48.186],[-3.163,48.156],[-3.101,48.207],[-2.796,48.129],[-2.538,48.1],[-2.508,48.165],[-2.287,48.134],[-2.16,48.261],[-1.982,48.28],[-1.933,48.364],[-1.949,48.538]]]}},
        {"type":"Feature","properties":{"id":"fr_2b"},"geometry":{"type":"Polygon","coordinates":[[[8.57,42.382],[8.681,42.273],[8.586,42.243],[8.566,42.175],[8.738,42.044],[8.665,42.014],[8.614,41.901],[8.744,41.933],[8.805,41.907],[8.696,41.729],[8.899,41.695],[8.778,41.592],[8.936,41.489],[9.211,41.441],[9.265,41.531],[9.341,41.569],[9.402,41.706],[9.396,41.86],[9.403,41.953],[9.553,42.113],[9.56,42.295],[9.532,42.374],[9.528,42.564],[9.457,42.606],[9.45,42.709],[9.484,42.832],[9.422,43.017],[9.306,42.839],[9.343,42.749],[9.107,42.726],[9.018,42.65],[8.813,42.6],[8.667,42.51],[8.651,42.423],[8.57,42.382]]]}},
        {"type":"Feature","properties":{"id":"fr_31"},"geometry":{"type":"Polygon","coordinates":[[[-0.305,42.831],[-0.164,42.778],[-0.039,42.685],[0.169,42.726],[0.275,42.669],[0.354,42.717],[0.467,42.69],[0.663,42.696],[0.656,42.838],[0.856,42.813],[1.068,42.776],[1.134,42.716],[1.319,42.713],[1.429,42.595],[1.451,42.602],[1.597,42.622],[1.761,42.568],[1.938,42.572],[2.006,42.656],[2.166,42.664],[2.056,42.744],[1.913,42.757],[1.865,42.816],[1.977,42.864],[1.99,42.961],[1.953,43.096],[1.714,43.19],[1.703,43.267],[1.725,43.316],[1.894,43.394],[2.032,43.423],[1.729,43.657],[1.644,43.792],[1.58,43.814],[1.556,43.918],[1.374,43.884],[1.358,43.821],[1.246,43.774],[1.165,43.816],[0.954,43.787],[0.874,43.92],[0.786,43.958],[0.848,44.024],[0.742,44.067],[0.466,44.056],[0.314,43.999],[0.222,44.019],[0.085,43.967],[0.055,43.907],[-0.167,43.931],[-0.195,43.739],[-0.267,43.623],[-0.236,43.587],[-0.11,43.575],[-0.047,43.522],[0.023,43.339],[-0.081,43.173],[-0.29,42.988],[-0.305,42.831]]]}},
        {"type":"Feature","properties":{"id":"fr_33"},"geometry":{"type":"Polygon","coordinates":[[[0.085,43.967],[0.222,44.019],[0.314,43.999],[0.466,44.056],[0.742,44.067],[0.906,44.201],[0.945,44.279],[0.901,44.367],[1.065,44.379],[1.013,44.548],[1.077,44.575],[1.175,44.673],[1.288,44.717],[1.437,44.883],[1.459,45.015],[1.402,45.127],[1.289,45.147],[1.247,45.225],[1.255,45.446],[1.126,45.489],[1.009,45.615],[0.819,45.596],[0.735,45.693],[0.636,45.71],[0.517,45.634],[0.425,45.484],[0.288,45.429],[0.249,45.293],[0.125,45.214],[0,45.192],[-0.034,45.12],[-0.174,45.101],[-0.394,45.166],[-0.469,45.283],[-0.707,45.322],[-0.766,45.326],[-0.915,45.45],[-1.059,45.527],[-1.14,45.49],[-1.158,45.279],[-1.199,45.121],[-1.234,44.707],[-1.165,44.779],[-1.065,44.717],[-1.187,44.665],[-1.257,44.556],[-1.251,44.468],[-1.079,44.53],[-1.008,44.436],[-0.841,44.423],[-0.681,44.451],[-0.518,44.339],[-0.384,44.28],[-0.38,44.209],[-0.239,44.198],[-0.141,44.227],[-0.129,44.152],[0.135,44.117],[0.06,44.025],[0.085,43.967]]]}},
        {"type":"Feature","properties":{"id":"fr_34"},"geometry":{"type":"Polygon","coordinates":[[[4.658,44.282],[4.521,44.337],[4.373,44.34],[4.251,44.282],[4.131,44.332],[3.994,44.458],[3.922,44.58],[3.872,44.751],[3.738,44.816],[3.46,44.837],[3.37,44.954],[3.244,44.922],[3.045,44.792],[2.98,44.644],[3.066,44.564],[3.141,44.421],[3.123,44.263],[3.249,44.191],[3.377,44.168],[3.306,44.069],[3.442,44],[3.342,43.904],[3.189,43.813],[3.053,43.81],[3.051,43.701],[2.934,43.694],[2.776,43.618],[2.641,43.633],[2.657,43.461],[2.568,43.423],[2.583,43.325],[2.756,43.258],[2.84,43.316],[3.244,43.219],[3.385,43.284],[3.513,43.281],[3.622,43.375],[3.74,43.413],[3.939,43.533],[4.105,43.552],[4.206,43.46],[4.337,43.532],[4.5,43.706],[4.605,43.696],[4.641,43.871],[4.773,43.933],[4.85,44.013],[4.723,44.094],[4.721,44.19],[4.658,44.282]]]}},
        {"type":"Feature","properties":{"id":"fr_38"},"geometry":{"type":"Polygon","coordinates":[[[6.266,45.125],[6.17,45.152],[6.131,45.261],[6.19,45.33],[6.125,45.435],[5.984,45.483],[5.911,45.394],[5.741,45.451],[5.6,45.656],[5.45,45.793],[5.333,45.868],[5.239,45.786],[5.102,45.826],[5.146,45.725],[5.014,45.612],[4.87,45.55],[4.76,45.444],[4.77,45.366],[4.811,45.296],[4.823,45.111],[4.893,44.95],[4.778,44.795],[4.789,44.658],[4.721,44.573],[4.658,44.327],[4.658,44.282],[4.721,44.19],[4.723,44.094],[4.85,44.013],[4.773,43.933],[4.641,43.871],[4.605,43.696],[4.5,43.706],[4.337,43.532],[4.206,43.46],[4.513,43.456],[4.566,43.371],[4.82,43.346],[4.928,43.44],[5.028,43.417],[5.022,43.552],[5.214,43.458],[5.057,43.422],[5.065,43.328],[5.339,43.334],[5.347,43.216],[5.672,43.18],[5.761,43.279],[5.683,43.399],[5.713,43.477],[5.707,43.643],[5.754,43.732],[5.663,43.812],[5.547,43.838],[5.586,43.922],[5.506,44.122],[5.679,44.191],[5.684,44.259],[5.459,44.37],[5.493,44.424],[5.651,44.496],[5.615,44.573],[5.658,44.641],[5.793,44.655],[5.812,44.712],[5.973,44.808],[6.129,44.855],[6.365,44.868],[6.325,44.999],[6.227,45.007],[6.266,45.125]]]}},
        {"type":"Feature","properties":{"id":"fr_40"},"geometry":{"type":"Polygon","coordinates":[[[-1.75,43.295],[-1.639,43.256],[-1.559,43.284],[-1.404,43.243],[-1.435,43.036],[-1.275,43.047],[-0.981,42.957],[-0.786,42.953],[-0.745,42.919],[-0.561,42.774],[-0.305,42.831],[-0.29,42.988],[-0.081,43.173],[0.023,43.339],[-0.047,43.522],[-0.11,43.575],[-0.236,43.587],[-0.267,43.623],[-0.195,43.739],[-0.167,43.931],[0.055,43.907],[0.085,43.967],[0.06,44.025],[0.135,44.117],[-0.129,44.152],[-0.141,44.227],[-0.239,44.198],[-0.38,44.209],[-0.384,44.28],[-0.518,44.339],[-0.681,44.451],[-0.841,44.423],[-1.008,44.436],[-1.079,44.53],[-1.251,44.468],[-1.346,44.019],[-1.477,43.58],[-1.514,43.539],[-1.661,43.4],[-1.794,43.386],[-1.75,43.295]]]}},
        {"type":"Feature","properties":{"id":"fr_45"},"geometry":{"type":"Polygon","coordinates":[[[0.816,48.665],[0.85,48.583],[0.945,48.523],[0.98,48.433],[0.895,48.359],[0.789,48.335],[0.798,48.186],[0.833,48.094],[0.841,47.955],[0.78,47.907],[0.745,47.788],[0.61,47.689],[0.385,47.624],[0.242,47.603],[0.177,47.377],[0.099,47.287],[0.067,47.154],[0.312,47.032],[0.308,46.951],[0.434,46.933],[0.672,46.966],[0.713,46.9],[0.881,46.75],[0.98,46.755],[1.074,47.014],[1.237,47.017],[1.357,47.152],[1.327,47.186],[1.525,47.226],[1.604,47.285],[1.724,47.289],[1.839,47.219],[1.95,47.285],[2.101,47.27],[2.116,47.392],[2.245,47.411],[2.254,47.469],[2.133,47.588],[2.239,47.621],[2.442,47.607],[2.566,47.573],[2.662,47.492],[2.733,47.525],[2.875,47.521],[2.969,47.568],[2.915,47.677],[2.835,47.749],[3,47.801],[2.992,47.9],[3.085,47.949],[3.112,48.026],[3.008,48.142],[2.926,48.156],[2.788,48.16],[2.685,48.123],[2.496,48.122],[2.514,48.207],[2.391,48.314],[2.208,48.339],[1.988,48.277],[1.919,48.444],[1.801,48.468],[1.748,48.562],[1.575,48.704],[1.57,48.845],[1.493,48.94],[1.451,48.871],[1.258,48.752],[1.039,48.748],[0.816,48.665]]]}},
        {"type":"Feature","properties":{"id":"fr_49"},"geometry":{"type":"Polygon","coordinates":[[[-0.757,46.301],[-0.565,46.357],[-0.634,46.423],[-0.616,46.548],[-0.712,46.802],[-0.946,47],[-0.632,46.992],[-0.555,47.061],[-0.171,47.098],[-0.109,47.07],[-0.004,47.157],[0.067,47.154],[0.099,47.287],[0.177,47.377],[0.242,47.603],[0.151,47.588],[-0.044,47.651],[-0.143,47.634],[-0.208,47.691],[-0.42,47.762],[-0.502,47.779],[-0.627,47.735],[-0.956,47.793],[-1.139,47.778],[-1.243,47.81],[-1.251,47.78],[-1.462,47.823],[-1.685,47.718],[-2.023,47.673],[-2.089,47.633],[-2.11,47.542],[-2.461,47.453],[-2.556,47.383],[-2.405,47.286],[-2.278,47.246],[-2.03,47.092],[-1.991,47.035],[-2.102,46.931],[-2.119,46.82],[-2.05,46.792],[-1.857,46.635],[-1.805,46.504],[-1.599,46.425],[-1.504,46.419],[-1.449,46.343],[-1.37,46.354],[-1.24,46.284],[-1.119,46.311],[-0.97,46.362],[-0.757,46.301]]]}},
        {"type":"Feature","properties":{"id":"fr_51"},"geometry":{"type":"Polygon","coordinates":[[[4.055,49.407],[4.032,49.36],[3.85,49.346],[3.65,49.303],[3.703,49.146],[3.636,49.147],[3.587,49.037],[3.666,49.009],[3.478,48.85],[3.395,48.76],[3.467,48.639],[3.538,48.613],[3.389,48.468],[3.395,48.412],[3.607,48.257],[3.582,48.181],[3.717,48.162],[3.898,47.986],[4.029,47.922],[4.224,47.968],[4.288,47.924],[4.542,47.965],[4.699,48.022],[4.793,47.997],[4.986,47.814],[4.932,47.773],[4.971,47.693],[5.168,47.675],[5.294,47.59],[5.375,47.608],[5.421,47.671],[5.587,47.658],[5.701,47.693],[5.716,47.813],[5.892,47.933],[5.659,48.101],[5.713,48.211],[5.584,48.284],[5.455,48.419],[5.356,48.481],[5.036,48.618],[4.992,48.693],[4.917,48.788],[4.922,48.878],[5.003,48.93],[4.955,49.165],[4.979,49.236],[4.723,49.252],[4.637,49.235],[4.551,49.287],[4.449,49.276],[4.197,49.395],[4.055,49.407]]]}},
        {"type":"Feature","properties":{"id":"fr_55"},"geometry":{"type":"Polygon","coordinates":[[[4.216,49.954],[4.248,49.855],[4.231,49.727],[4.046,49.626],[4.073,49.567],[4.055,49.407],[4.197,49.395],[4.449,49.276],[4.551,49.287],[4.637,49.235],[4.723,49.252],[4.979,49.236],[4.955,49.165],[5.003,48.93],[4.922,48.878],[4.917,48.788],[4.992,48.693],[5.036,48.618],[5.356,48.481],[5.455,48.419],[5.717,48.463],[5.765,48.497],[5.724,48.73],[5.76,48.779],[5.841,49.056],[5.76,49.109],[5.756,49.289],[5.644,49.436],[5.51,49.409],[5.478,49.495],[5.391,49.609],[5.259,49.691],[5.192,49.683],[4.968,49.797],[4.849,49.794],[4.845,49.932],[4.788,49.974],[4.863,50.084],[4.789,50.153],[4.682,50.084],[4.657,49.989],[4.428,49.934],[4.216,49.954]]]}},
        {"type":"Feature","properties":{"id":"fr_56"},"geometry":{"type":"Polygon","coordinates":[[[0.242,47.603],[0.385,47.624],[0.61,47.689],[0.745,47.788],[0.78,47.907],[0.841,47.955],[0.833,48.094],[0.798,48.186],[0.667,48.248],[0.501,48.271],[0.39,48.333],[0.372,48.449],[0.192,48.46],[0.047,48.379],[-0.053,48.381],[-0.057,48.432],[-0.171,48.545],[-0.353,48.492],[-0.501,48.501],[-0.554,48.468],[-0.81,48.451],[-0.863,48.502],[-1.079,48.499],[-1.266,48.535],[-1.448,48.466],[-1.529,48.531],[-1.59,48.642],[-1.838,48.624],[-1.844,48.712],[-1.977,48.691],[-2.029,48.643],[-1.949,48.538],[-1.933,48.364],[-1.982,48.28],[-2.16,48.261],[-2.287,48.134],[-2.508,48.165],[-2.538,48.1],[-2.796,48.129],[-3.101,48.207],[-3.163,48.156],[-3.565,48.186],[-3.731,48.101],[-3.646,47.994],[-3.394,47.952],[-3.391,47.884],[-3.539,47.774],[-3.461,47.708],[-3.345,47.721],[-3.074,47.576],[-2.758,47.639],[-2.741,47.551],[-2.502,47.527],[-2.461,47.453],[-2.11,47.542],[-2.089,47.633],[-2.023,47.673],[-1.685,47.718],[-1.462,47.823],[-1.251,47.78],[-1.243,47.81],[-1.139,47.778],[-0.956,47.793],[-0.627,47.735],[-0.502,47.779],[-0.42,47.762],[-0.208,47.691],[-0.143,47.634],[-0.044,47.651],[0.151,47.588],[0.242,47.603]]]}},
        {"type":"Feature","properties":{"id":"fr_57"},"geometry":{"type":"Polygon","coordinates":[[[6.345,49.455],[6.251,49.489],[6.136,49.495],[6.063,49.448],[5.928,49.482],[5.791,49.538],[5.645,49.544],[5.478,49.495],[5.51,49.409],[5.644,49.436],[5.756,49.289],[5.76,49.109],[5.841,49.056],[5.76,48.779],[5.724,48.73],[5.765,48.497],[5.717,48.463],[5.455,48.419],[5.584,48.284],[5.713,48.211],[5.659,48.101],[5.892,47.933],[6.147,48.002],[6.244,47.932],[6.373,47.953],[6.499,47.905],[6.614,47.941],[6.836,47.824],[6.869,47.819],[7.05,47.716],[7.027,47.624],[7.149,47.532],[7.142,47.488],[7.245,47.418],[7.337,47.432],[7.388,47.433],[7.421,47.451],[7.446,47.487],[7.486,47.499],[7.521,47.563],[7.586,47.585],[7.522,47.67],[7.526,47.783],[7.619,48.003],[7.582,48.121],[7.752,48.355],[7.738,48.407],[7.81,48.615],[7.97,48.757],[8.103,48.821],[8.2,48.958],[7.932,49.035],[7.645,49.036],[7.521,49.084],[7.476,49.152],[7.372,49.166],[7.268,49.106],[7.155,49.114],[7.009,49.182],[6.843,49.211],[6.726,49.156],[6.574,49.362],[6.495,49.436],[6.345,49.455]]]}},
        {"type":"Feature","properties":{"id":"fr_61"},"geometry":{"type":"Polygon","coordinates":[[[0.798,48.186],[0.789,48.335],[0.895,48.359],[0.98,48.433],[0.945,48.523],[0.85,48.583],[0.816,48.665],[0.729,48.713],[0.592,48.878],[0.421,48.884],[0.417,48.946],[0.378,49.051],[0.423,49.13],[0.305,49.313],[0.294,49.435],[0.162,49.415],[-0.034,49.32],[-0.219,49.28],[-0.411,49.343],[-0.822,49.363],[-1.072,49.397],[-1.119,49.346],[-1.306,49.558],[-1.232,49.641],[-1.271,49.698],[-1.391,49.713],[-1.597,49.652],[-1.812,49.691],[-1.869,49.662],[-1.885,49.531],[-1.82,49.397],[-1.715,49.339],[-1.61,49.216],[-1.597,49.037],[-1.546,49.03],[-1.572,48.874],[-1.554,48.747],[-1.59,48.642],[-1.529,48.531],[-1.448,48.466],[-1.266,48.535],[-1.079,48.499],[-0.863,48.502],[-0.81,48.451],[-0.554,48.468],[-0.501,48.501],[-0.353,48.492],[-0.171,48.545],[-0.057,48.432],[-0.053,48.381],[0.047,48.379],[0.192,48.46],[0.372,48.449],[0.39,48.333],[0.501,48.271],[0.667,48.248],[0.798,48.186]]]}},
        {"type":"Feature","properties":{"id":"fr_62"},"geometry":{"type":"Polygon","coordinates":[[[2.522,51.088],[2.063,51.014],[1.73,50.944],[1.581,50.869],[1.606,50.79],[1.563,50.678],[1.595,50.373],[1.681,50.339],[1.82,50.355],[2.113,50.203],[2.41,50.225],[2.394,50.159],[2.574,50.129],[2.677,50.08],[2.965,50.038],[3.088,50.05],[3.157,50.019],[3.449,50.015],[3.683,50.059],[3.986,50.031],[4.132,49.975],[4.21,50.06],[4.128,50.146],[4.157,50.213],[4.023,50.338],[3.755,50.346],[3.662,50.319],[3.644,50.446],[3.463,50.519],[3.344,50.493],[3.271,50.527],[3.224,50.705],[3.163,50.75],[3.024,50.768],[2.867,50.7],[2.62,50.816],[2.608,50.961],[2.522,51.088]]]}},
        {"type":"Feature","properties":{"id":"fr_63"},"geometry":{"type":"Polygon","coordinates":[[[2.059,44.975],[2.159,44.775],[2.132,44.699],[2.205,44.622],[2.3,44.669],[2.455,44.662],[2.537,44.73],[2.594,44.835],[2.727,44.935],[2.927,44.769],[2.98,44.644],[3.045,44.792],[3.244,44.922],[3.37,44.954],[3.296,45.039],[3.227,45.268],[3.112,45.285],[3.104,45.354],[3.201,45.36],[3.344,45.422],[3.505,45.416],[3.607,45.354],[3.886,45.359],[3.969,45.482],[3.921,45.577],[3.804,45.649],[3.697,45.789],[3.73,45.892],[3.68,45.957],[3.818,46.009],[3.772,46.234],[3.886,46.276],[4,46.326],[3.979,46.463],[3.741,46.549],[3.743,46.61],[3.625,46.739],[3.461,46.651],[3.368,46.686],[3.052,46.75],[3.03,46.791],[2.931,46.783],[2.838,46.726],[2.716,46.731],[2.591,46.634],[2.613,46.549],[2.4,46.522],[2.254,46.42],[2.332,46.329],[2.474,46.271],[2.567,46.136],[2.595,45.971],[2.502,45.87],[2.401,45.829],[2.49,45.736],[2.522,45.649],[2.465,45.585],[2.519,45.479],[2.489,45.397],[2.367,45.369],[2.195,45.224],[2.207,45.159],[2.059,44.975]]]}},
        {"type":"Feature","properties":{"id":"fr_70"},"geometry":{"type":"Polygon","coordinates":[[[5.892,47.933],[5.716,47.813],[5.701,47.693],[5.587,47.658],[5.421,47.671],[5.375,47.608],[5.479,47.599],[5.422,47.492],[5.522,47.289],[5.486,47.191],[5.251,46.981],[5.376,46.822],[5.423,46.632],[5.364,46.569],[5.403,46.475],[5.311,46.455],[5.392,46.347],[5.51,46.261],[5.648,46.344],[5.731,46.271],[5.881,46.275],[6.059,46.417],[6.138,46.558],[6.132,46.596],[6.429,46.761],[6.443,46.851],[6.443,46.944],[6.665,47.021],[6.699,47.085],[6.838,47.168],[6.956,47.245],[6.986,47.362],[6.939,47.427],[6.973,47.489],[7.142,47.488],[7.149,47.532],[7.027,47.624],[7.05,47.716],[6.869,47.819],[6.836,47.824],[6.614,47.941],[6.499,47.905],[6.373,47.953],[6.244,47.932],[6.147,48.002],[5.892,47.933]]]}},
        {"type":"Feature","properties":{"id":"fr_73"},"geometry":{"type":"Polygon","coordinates":[[[7.022,45.925],[6.854,46.123],[6.774,46.135],[6.828,46.269],[6.75,46.346],[6.788,46.405],[6.614,46.456],[6.483,46.449],[6.302,46.394],[6.217,46.31],[6.281,46.24],[6.108,46.139],[5.959,46.13],[5.825,46.095],[5.84,45.939],[5.759,45.721],[5.6,45.656],[5.741,45.451],[5.911,45.394],[5.984,45.483],[6.125,45.435],[6.19,45.33],[6.131,45.261],[6.17,45.152],[6.266,45.125],[6.459,45.054],[6.629,45.124],[6.736,45.157],[6.844,45.13],[6.959,45.21],[7.062,45.219],[7.093,45.324],[7.161,45.411],[7.075,45.466],[6.983,45.511],[6.963,45.641],[6.843,45.683],[6.784,45.765],[6.801,45.826],[6.969,45.87],[7.022,45.925]]]}},
        {"type":"Feature","properties":{"id":"fr_76"},"geometry":{"type":"Polygon","coordinates":[[[0.816,48.665],[1.039,48.748],[1.258,48.752],[1.451,48.871],[1.493,48.94],[1.454,49.049],[1.62,49.083],[1.698,49.231],[1.75,49.311],[1.718,49.411],[1.737,49.465],[1.681,49.645],[1.755,49.766],[1.681,49.888],[1.516,50.001],[1.373,50.066],[1.173,49.961],[0.761,49.875],[0.675,49.876],[0.236,49.729],[0.171,49.692],[0.08,49.542],[0.104,49.494],[0.257,49.464],[0.493,49.494],[0.294,49.435],[0.305,49.313],[0.423,49.13],[0.378,49.051],[0.417,48.946],[0.421,48.884],[0.592,48.878],[0.729,48.713],[0.816,48.665]]]}},
        {"type":"Feature","properties":{"id":"fr_86"},"geometry":{"type":"Polygon","coordinates":[[[0.796,46.133],[0.791,46.219],[0.987,46.284],[1.048,46.354],[1.177,46.387],[1.195,46.428],[1.101,46.534],[1.039,46.534],[0.916,46.615],[0.881,46.75],[0.713,46.9],[0.672,46.966],[0.434,46.933],[0.308,46.951],[0.312,47.032],[0.067,47.154],[-0.004,47.157],[-0.109,47.07],[-0.171,47.098],[-0.555,47.061],[-0.632,46.992],[-0.946,47],[-0.712,46.802],[-0.616,46.548],[-0.634,46.423],[-0.565,46.357],[-0.757,46.301],[-0.751,46.245],[-0.637,46.154],[-0.49,46.103],[-0.26,46.065],[-0.103,45.97],[0.036,46.08],[0.197,46.096],[0.403,46.063],[0.5,46.132],[0.647,46.091],[0.796,46.133]]]}},
        {"type":"Feature","properties":{"id":"fr_89"},"geometry":{"type":"Polygon","coordinates":[[[1.698,49.231],[1.62,49.083],[1.454,49.049],[1.493,48.94],[1.57,48.845],[1.575,48.704],[1.748,48.562],[1.801,48.468],[1.919,48.444],[1.988,48.277],[2.208,48.339],[2.391,48.314],[2.514,48.207],[2.496,48.122],[2.685,48.123],[2.788,48.16],[2.926,48.156],[3.008,48.142],[3.112,48.026],[3.085,47.949],[2.992,47.9],[3,47.801],[2.835,47.749],[2.915,47.677],[2.969,47.568],[2.875,47.521],[2.93,47.453],[2.875,47.337],[2.972,47.267],[3.068,47.046],[3.073,46.87],[3.03,46.791],[3.052,46.75],[3.368,46.686],[3.461,46.651],[3.625,46.739],[3.739,46.752],[3.809,46.702],[4.047,46.786],[4.048,47.095],[4.21,47.155],[4.125,47.25],[4.106,47.339],[4.068,47.425],[4.33,47.76],[4.288,47.924],[4.224,47.968],[4.029,47.922],[3.898,47.986],[3.717,48.162],[3.582,48.181],[3.607,48.257],[3.395,48.412],[3.389,48.468],[3.538,48.613],[3.467,48.639],[3.395,48.76],[3.478,48.85],[3.419,48.853],[3.176,49.004],[3.08,49.106],[2.979,49.078],[2.583,49.085],[2.335,49.176],[2.238,49.163],[2.081,49.211],[1.886,49.168],[1.698,49.231]]]}},
        {"type":"Feature","properties":{"id":"gb_abd"},"geometry":{"type":"MultiPolygon","coordinates":[[[[-3.796,56.93],[-3.569,56.921],[-3.395,56.881],[-3.275,56.93],[-3.108,56.897],[-3.026,56.972],[-2.873,56.985],[-2.654,56.889],[-2.62,56.785],[-2.436,56.74],[-2.22,56.873],[-2.156,57.021],[-2.065,57.101],[-2.045,57.227],[-1.98,57.319],[-1.759,57.474],[-1.829,57.613],[-1.932,57.682],[-2.108,57.705],[-2.433,57.668],[-2.821,57.703],[-3.079,57.669],[-3.285,57.72],[-3.492,57.713],[-3.536,57.662],[-3.755,57.626],[-3.666,57.431],[-3.498,57.457],[-3.384,57.381],[-3.445,57.286],[-3.453,57.178],[-3.679,57.095],[-3.737,57.077],[-3.796,56.93]]],[[[-3.248,58.792],[-3.246,58.896],[-3.43,58.875],[-3.248,58.792]]],[[[-2.728,58.971],[-3.012,59.017],[-3.085,59.128],[-3.324,59.127],[-3.367,59.016],[-3.203,58.916],[-2.974,58.954],[-2.839,58.883],[-2.728,58.971]]],[[[-1.097,60.416],[-1.336,60.533],[-1.438,60.461],[-1.396,60.322],[-1.657,60.306],[-1.67,60.24],[-1.455,60.156],[-1.358,60.244],[-1.263,60.115],[-1.376,59.909],[-1.275,59.882],[-1.075,60.321],[-1.097,60.416]]],[[[-0.987,60.698],[-1.092,60.735],[-1.18,60.625],[-1.097,60.492],[-0.987,60.698]]]]}},
        {"type":"Feature","properties":{"id":"gb_agb"},"geometry":{"type":"MultiPolygon","coordinates":[[[[-2.023,55.805],[-2.147,55.917],[-2.36,55.953],[-2.635,56.058],[-2.803,56.065],[-2.94,55.969],[-3.061,55.948],[-3.078,55.947],[-3.122,55.969],[-3.45,55.997],[-3.505,56.006],[-3.739,56.051],[-3.837,56.107],[-3.746,56.073],[-3.421,56.025],[-3.178,56.058],[-3.128,56.123],[-2.964,56.206],[-2.784,56.192],[-2.577,56.284],[-2.822,56.376],[-2.885,56.458],[-3.262,56.353],[-3.056,56.452],[-2.819,56.471],[-2.53,56.581],[-2.436,56.74],[-2.62,56.785],[-2.654,56.889],[-2.873,56.985],[-3.026,56.972],[-3.108,56.897],[-3.275,56.93],[-3.395,56.881],[-3.569,56.921],[-3.796,56.93],[-3.976,56.895],[-4.164,56.909],[-4.437,56.778],[-4.578,56.755],[-4.586,56.692],[-4.709,56.641],[-4.924,56.659],[-5.075,56.607],[-5.305,56.64],[-5.411,56.552],[-5.394,56.465],[-5.51,56.401],[-5.598,56.259],[-5.523,56.166],[-5.587,56.012],[-5.696,55.916],[-5.647,55.788],[-5.581,55.758],[-5.722,55.565],[-5.716,55.448],[-5.791,55.399],[-5.772,55.301],[-5.64,55.304],[-5.515,55.374],[-5.562,55.42],[-5.455,55.592],[-5.433,55.721],[-5.318,55.783],[-5.407,55.866],[-5.448,56.009],[-5.314,56.012],[-5.335,55.897],[-5.172,55.936],[-4.983,55.871],[-4.898,56.001],[-4.79,56.01],[-4.591,55.942],[-4.598,56.078],[-4.447,56.054],[-4.365,55.976],[-4.288,56.017],[-4.126,56.006],[-4.011,56.012],[-3.809,55.895],[-3.733,55.784],[-3.611,55.804],[-3.458,55.77],[-3.394,55.708],[-3.479,55.649],[-3.5,55.41],[-3.345,55.412],[-3.104,55.352],[-3.034,55.273],[-2.873,55.262],[-2.85,55.111],[-2.685,55.191],[-2.626,55.263],[-2.463,55.36],[-2.359,55.363],[-2.183,55.462],[-2.279,55.589],[-2.163,55.723],[-2.023,55.805]]],[[[-5.071,55.509],[-5.16,55.676],[-5.263,55.723],[-5.355,55.69],[-5.389,55.59],[-5.346,55.483],[-5.164,55.435],[-5.071,55.509]]],[[[-6.03,55.729],[-6.099,55.801],[-6.12,55.929],[-6.409,55.864],[-6.493,55.739],[-6.321,55.733],[-6.215,55.627],[-6.024,55.682],[-6.03,55.729]]],[[[-5.798,56.113],[-5.924,56.056],[-6.075,55.916],[-6.062,55.809],[-5.962,55.805],[-5.74,56.076],[-5.798,56.113]]],[[[-5.688,56.435],[-5.722,56.49],[-5.952,56.524],[-6.058,56.64],[-6.288,56.608],[-6.288,56.532],[-6.127,56.474],[-6.203,56.38],[-6.335,56.345],[-6.328,56.277],[-6.147,56.284],[-5.915,56.336],[-5.72,56.353],[-5.688,56.435]]]]}},
        {"type":"Feature","properties":{"id":"gb_cma"},"geometry":{"type":"Polygon","coordinates":[[[-2.728,52.967],[-2.623,52.986],[-2.527,52.947],[-2.379,52.99],[-2.244,53.086],[-2.205,53.114],[-2.14,53.17],[-1.977,53.207],[-2.017,53.37],[-2.012,53.412],[-1.978,53.469],[-1.897,53.533],[-1.988,53.615],[-2.024,53.639],[-2.151,53.697],[-2.121,53.791],[-2.033,53.848],[-2.105,53.915],[-2.458,54.047],[-2.548,54.151],[-2.448,54.23],[-2.31,54.243],[-2.245,54.448],[-2.155,54.456],[-2.163,54.528],[-2.285,54.588],[-2.354,54.691],[-2.305,54.783],[-2.4,54.847],[-2.5,54.805],[-2.594,54.883],[-2.56,55.012],[-2.482,55.039],[-2.685,55.191],[-2.85,55.111],[-3.05,54.982],[-3.123,54.933],[-3.277,54.943],[-3.388,54.883],[-3.634,54.513],[-3.474,54.394],[-3.407,54.278],[-3.241,54.112],[-3.118,54.109],[-3.061,54.162],[-2.836,54.168],[-2.796,54.125],[-2.918,54.034],[-2.882,53.957],[-3.018,53.932],[-3.056,53.803],[-3.021,53.746],[-2.948,53.709],[-3.099,53.572],[-3.048,53.481],[-2.876,53.331],[-2.81,53.322],[-2.776,53.3],[-2.926,53.305],[-3.058,53.435],[-3.185,53.377],[-3.096,53.287],[-3.085,53.259],[-2.914,53.183],[-2.957,53.145],[-2.851,53.017],[-2.728,52.967]]]}},
        {"type":"Feature","properties":{"id":"gb_dev"},"geometry":{"type":"Polygon","coordinates":[[[-2.649,51.821],[-2.684,51.726],[-2.665,51.617],[-2.535,51.673],[-2.679,51.531],[-2.729,51.496],[-2.816,51.474],[-2.992,51.322],[-3.058,51.208],[-3.385,51.186],[-3.712,51.238],[-4.152,51.212],[-4.21,51.173],[-4.235,51.055],[-4.338,50.997],[-4.526,51.015],[-4.548,50.923],[-4.55,50.81],[-4.792,50.595],[-4.896,50.586],[-5.025,50.524],[-5.05,50.429],[-5.146,50.355],[-5.438,50.194],[-5.511,50.219],[-5.685,50.162],[-5.705,50.052],[-5.578,50.055],[-5.475,50.13],[-5.324,50.09],[-5.21,49.967],[-5.098,50.014],[-5.106,50.095],[-5.02,50.192],[-4.8,50.23],[-4.752,50.33],[-4.495,50.328],[-4.384,50.367],[-4.252,50.356],[-4.204,50.451],[-4.187,50.426],[-4.116,50.348],[-3.95,50.319],[-3.826,50.234],[-3.646,50.226],[-3.632,50.312],[-3.519,50.376],[-3.556,50.432],[-3.505,50.508],[-3.467,50.586],[-3.26,50.675],[-2.946,50.726],[-2.693,50.693],[-2.484,50.59],[-2.436,50.638],[-1.984,50.597],[-1.932,50.644],[-2.026,50.725],[-1.897,50.716],[-1.797,50.723],[-1.673,50.74],[-1.786,50.769],[-1.806,50.868],[-1.95,50.988],[-1.811,50.993],[-1.611,50.96],[-1.655,51.171],[-1.628,51.234],[-1.487,51.332],[-1.58,51.503],[-1.585,51.517],[-1.678,51.6],[-1.683,51.679],[-1.676,51.855],[-1.613,51.932],[-1.653,51.984],[-1.758,52.106],[-1.828,52.034],[-2.143,52.006],[-2.234,51.964],[-2.352,52.014],[-2.481,51.958],[-2.434,51.897],[-2.649,51.821]]]}},
        {"type":"Feature","properties":{"id":"gb_dgy"},"geometry":{"type":"Polygon","coordinates":[[[-4.591,55.942],[-4.489,55.926],[-4.627,55.93],[-4.786,55.957],[-4.889,55.865],[-4.861,55.757],[-4.921,55.709],[-4.722,55.619],[-4.666,55.562],[-4.626,55.468],[-4.749,55.414],[-4.882,55.219],[-5.008,55.141],[-5.033,54.994],[-5.171,55.009],[-5.128,54.849],[-4.954,54.81],[-4.859,54.866],[-4.597,54.775],[-4.506,54.705],[-4.348,54.702],[-4.348,54.807],[-4.24,54.843],[-4.123,54.773],[-3.964,54.772],[-3.844,54.866],[-3.598,54.878],[-3.584,54.968],[-3.454,54.982],[-3.135,54.968],[-3.05,54.982],[-2.85,55.111],[-2.873,55.262],[-3.034,55.273],[-3.104,55.352],[-3.345,55.412],[-3.5,55.41],[-3.479,55.649],[-3.394,55.708],[-3.458,55.77],[-3.611,55.804],[-3.733,55.784],[-3.809,55.895],[-4.011,56.012],[-4.126,56.006],[-4.288,56.017],[-4.365,55.976],[-4.447,56.054],[-4.598,56.078],[-4.591,55.942]]]}},
        {"type":"Feature","properties":{"id":"gb_fer"},"geometry":{"type":"Polygon","coordinates":[[[-6.27,54.098],[-6.041,54.036],[-5.912,54.091],[-5.866,54.184],[-5.862,54.231],[-5.613,54.256],[-5.551,54.365],[-5.661,54.38],[-5.638,54.464],[-5.577,54.403],[-5.461,54.392],[-5.433,54.466],[-5.565,54.672],[-5.748,54.68],[-5.87,54.623],[-5.914,54.647],[-5.878,54.682],[-5.692,54.77],[-5.886,54.941],[-5.988,54.989],[-5.981,55.056],[-6.101,55.212],[-6.353,55.243],[-6.546,55.225],[-6.838,55.175],[-6.947,55.195],[-7.017,55.071],[-7.15,55.049],[-7.247,55.069],[-7.355,55.041],[-7.416,54.944],[-7.552,54.755],[-7.737,54.707],[-7.846,54.731],[-7.907,54.661],[-7.708,54.605],[-7.887,54.532],[-8.002,54.543],[-8.168,54.463],[-7.942,54.299],[-7.837,54.204],[-7.705,54.2],[-7.609,54.14],[-7.44,54.147],[-7.316,54.114],[-7.146,54.252],[-7.189,54.336],[-7.049,54.412],[-6.87,54.326],[-6.824,54.232],[-6.648,54.174],[-6.673,54.068],[-6.605,54.044],[-6.27,54.098]]]}},
        {"type":"Feature","properties":{"id":"gb_ham"},"geometry":{"type":"MultiPolygon","coordinates":[[[[-1.673,50.74],[-1.405,50.775],[-1.323,50.826],[-1.449,50.912],[-1.319,50.857],[-1.151,50.781],[-1.088,50.85],[-0.995,50.847],[-0.93,50.84],[-0.813,50.735],[-0.569,50.802],[-0.209,50.83],[0.018,50.785],[0.271,50.747],[0.37,50.819],[0.624,50.859],[0.762,50.931],[0.87,50.925],[1.028,51.042],[1.357,51.131],[1.413,51.222],[1.381,51.305],[1.424,51.392],[1.101,51.373],[0.977,51.349],[0.672,51.391],[0.695,51.477],[0.512,51.488],[0.385,51.453],[0.223,51.472],[0.225,51.489],[0.32,51.558],[0.231,51.629],[0.148,51.617],[0.028,51.626],[-0.003,51.647],[-0.011,51.677],[-0.165,51.671],[-0.294,51.638],[-0.4,51.615],[-0.493,51.591],[-0.548,51.716],[-0.674,51.769],[-0.534,51.819],[-0.688,51.903],[-0.657,51.948],[-0.574,52.097],[-0.655,52.192],[-0.878,52.116],[-0.867,52.034],[-0.941,52.072],[-1.108,52.009],[-1.265,51.98],[-1.321,52.162],[-1.495,52.061],[-1.51,51.998],[-1.653,51.984],[-1.613,51.932],[-1.676,51.855],[-1.683,51.679],[-1.678,51.6],[-1.585,51.517],[-1.58,51.503],[-1.487,51.332],[-1.628,51.234],[-1.655,51.171],[-1.611,50.96],[-1.811,50.993],[-1.95,50.988],[-1.806,50.868],[-1.786,50.769],[-1.673,50.74]]],[[[-1.083,50.713],[-1.296,50.773],[-1.506,50.708],[-1.497,50.672],[-1.316,50.589],[-1.168,50.603],[-1.083,50.713]]]]}},
        {"type":"Feature","properties":{"id":"gb_hld"},"geometry":{"type":"MultiPolygon","coordinates":[[[[-3.796,56.93],[-3.737,57.077],[-3.679,57.095],[-3.453,57.178],[-3.445,57.286],[-3.384,57.381],[-3.498,57.457],[-3.666,57.431],[-3.755,57.626],[-4.035,57.557],[-4.119,57.593],[-3.988,57.696],[-3.915,57.808],[-4.139,57.847],[-3.988,57.908],[-4.03,57.953],[-3.515,58.168],[-3.438,58.236],[-3.221,58.306],[-3.086,58.414],[-3.129,58.513],[-3.019,58.64],[-3.204,58.661],[-3.532,58.602],[-3.66,58.621],[-3.81,58.573],[-4.161,58.563],[-4.382,58.525],[-4.475,58.566],[-4.728,58.577],[-4.988,58.628],[-5.05,58.454],[-5.173,58.354],[-5.096,58.277],[-5.311,58.243],[-5.275,58.155],[-5.293,57.981],[-5.487,57.856],[-5.613,57.929],[-5.807,57.844],[-5.763,57.634],[-5.87,57.501],[-5.808,57.355],[-5.599,57.279],[-5.832,56.997],[-5.852,56.908],[-5.736,56.894],[-5.914,56.764],[-6.181,56.755],[-6.223,56.695],[-5.956,56.689],[-6.003,56.619],[-5.667,56.498],[-5.34,56.693],[-5.305,56.64],[-5.075,56.607],[-4.924,56.659],[-4.709,56.641],[-4.586,56.692],[-4.578,56.755],[-4.437,56.778],[-4.164,56.909],[-3.976,56.895],[-3.796,56.93]]],[[[-6.325,57.059],[-6.455,57.004],[-6.304,56.944],[-6.243,57.01],[-6.325,57.059]]],[[[-6.564,57.347],[-6.482,57.312],[-6.318,57.161],[-6.024,57.196],[-5.919,57.05],[-5.691,57.19],[-5.647,57.265],[-5.901,57.243],[-6.107,57.323],[-6.152,57.418],[-6.154,57.59],[-6.314,57.699],[-6.416,57.646],[-6.373,57.532],[-6.564,57.559],[-6.706,57.511],[-6.715,57.377],[-6.564,57.347]]],[[[-7.244,57.326],[-7.353,57.408],[-7.455,57.237],[-7.391,57.129],[-7.271,57.148],[-7.244,57.326]]],[[[-7.129,57.653],[-7.182,57.689],[-7.545,57.593],[-7.351,57.554],[-7.287,57.509],[-7.134,57.538],[-7.129,57.653]]],[[[-6.955,57.744],[-6.839,57.813],[-6.537,57.921],[-6.352,58.039],[-6.394,58.102],[-6.318,58.268],[-6.189,58.341],[-6.167,58.42],[-6.346,58.463],[-6.819,58.285],[-6.798,58.202],[-6.897,58.172],[-7.056,58.226],[-7.126,58.124],[-7.036,57.961],[-6.897,57.936],[-7.079,57.813],[-6.955,57.744]]]]}},
        {"type":"Feature","properties":{"id":"gb_lin"},"geometry":{"type":"Polygon","coordinates":[[[-1.897,53.533],[-1.978,53.469],[-2.012,53.412],[-2.017,53.37],[-1.977,53.207],[-1.857,53.176],[-1.772,53.09],[-1.758,52.982],[-1.824,52.875],[-1.591,52.811],[-1.7,52.726],[-1.583,52.685],[-1.58,52.677],[-1.546,52.581],[-1.293,52.479],[-1.187,52.381],[-1.208,52.25],[-1.321,52.162],[-1.265,51.98],[-1.108,52.009],[-0.941,52.072],[-0.867,52.034],[-0.878,52.116],[-0.655,52.192],[-0.641,52.259],[-0.459,52.309],[-0.336,52.456],[-0.414,52.56],[-0.491,52.636],[-0.315,52.664],[-0.138,52.639],[-0.049,52.658],[0.172,52.724],[0.279,52.805],[0.022,52.913],[0.161,53.009],[0.33,53.086],[0.342,53.226],[0.219,53.42],[0.022,53.525],[-0.191,53.477],[-0.209,53.566],[-0.282,53.606],[-0.467,53.472],[-0.74,53.514],[-0.797,53.452],[-0.919,53.487],[-1.013,53.408],[-1.118,53.379],[-1.176,53.293],[-1.394,53.325],[-1.531,53.29],[-1.734,53.411],[-1.816,53.516],[-1.897,53.533]]]}},
        {"type":"Feature","properties":{"id":"gb_nfk"},"geometry":{"type":"Polygon","coordinates":[[[-0.655,52.192],[-0.574,52.097],[-0.657,51.948],[-0.688,51.903],[-0.534,51.819],[-0.674,51.769],[-0.548,51.716],[-0.493,51.591],[-0.4,51.615],[-0.294,51.638],[-0.165,51.671],[-0.011,51.677],[-0.003,51.647],[0.028,51.626],[0.148,51.617],[0.231,51.629],[0.32,51.558],[0.225,51.489],[0.223,51.472],[0.385,51.453],[0.547,51.518],[0.647,51.535],[0.828,51.542],[0.924,51.588],[0.952,51.678],[0.887,51.782],[0.989,51.83],[1.135,51.782],[1.288,51.861],[1.262,51.939],[1.079,51.951],[1.275,51.977],[1.332,51.94],[1.504,52.061],[1.582,52.081],[1.631,52.27],[1.771,52.486],[1.748,52.533],[1.747,52.625],[1.644,52.776],[1.275,52.929],[0.966,52.974],[0.57,52.969],[0.486,52.933],[0.379,52.791],[0.279,52.805],[0.172,52.724],[-0.049,52.658],[-0.138,52.639],[-0.315,52.664],[-0.491,52.636],[-0.414,52.56],[-0.336,52.456],[-0.459,52.309],[-0.641,52.259],[-0.655,52.192]]]}},
        {"type":"Feature","properties":{"id":"gb_nyk"},"geometry":{"type":"Polygon","coordinates":[[[-2.685,55.191],[-2.482,55.039],[-2.56,55.012],[-2.594,54.883],[-2.5,54.805],[-2.4,54.847],[-2.305,54.783],[-2.354,54.691],[-2.285,54.588],[-2.163,54.528],[-2.155,54.456],[-2.245,54.448],[-2.31,54.243],[-2.448,54.23],[-2.548,54.151],[-2.458,54.047],[-2.105,53.915],[-2.033,53.848],[-2.121,53.791],[-2.151,53.697],[-2.024,53.639],[-1.988,53.615],[-1.897,53.533],[-1.816,53.516],[-1.734,53.411],[-1.531,53.29],[-1.394,53.325],[-1.176,53.293],[-1.118,53.379],[-1.013,53.408],[-0.919,53.487],[-0.797,53.452],[-0.74,53.514],[-0.467,53.472],[-0.282,53.606],[-0.209,53.566],[-0.191,53.477],[0.022,53.525],[-0.198,53.63],[-0.307,53.714],[-0.699,53.691],[-0.637,53.732],[-0.45,53.714],[-0.296,53.739],[-0.045,53.626],[0.133,53.643],[-0.151,53.899],[-0.219,54.023],[-0.164,54.083],[-0.2,54.152],[-0.398,54.269],[-0.431,54.349],[-0.563,54.477],[-0.779,54.557],[-1.104,54.625],[-1.193,54.62],[-1.245,54.725],[-1.341,54.873],[-1.36,54.917],[-1.413,55],[-1.456,55.07],[-1.57,55.286],[-1.585,55.484],[-1.631,55.585],[-1.822,55.636],[-2.023,55.805],[-2.163,55.723],[-2.279,55.589],[-2.183,55.462],[-2.359,55.363],[-2.463,55.36],[-2.626,55.263],[-2.685,55.191]]]}},
        {"type":"Feature","properties":{"id":"gb_pow"},"geometry":{"type":"MultiPolygon","coordinates":[[[[-3.085,53.259],[-3.36,53.351],[-3.513,53.309],[-3.716,53.287],[-3.769,53.319],[-4,53.249],[-4.152,53.228],[-4.235,53.164],[-4.341,53.113],[-4.358,53.028],[-4.596,52.928],[-4.755,52.809],[-4.501,52.827],[-4.407,52.893],[-4.229,52.919],[-4.13,52.889],[-4.125,52.778],[-4.049,52.722],[-4.122,52.629],[-4.053,52.542],[-3.947,52.551],[-4.057,52.488],[-4.096,52.388],[-4.197,52.279],[-4.514,52.136],[-4.694,52.107],[-4.962,52.008],[-5.07,52.026],[-5.12,51.959],[-5.289,51.917],[-5.126,51.856],[-5.01,51.706],[-5.051,51.657],[-4.941,51.597],[-4.848,51.646],[-4.712,51.65],[-4.639,51.733],[-4.379,51.727],[-4.294,51.672],[-4.071,51.676],[-4.091,51.64],[-4.29,51.617],[-4.272,51.555],[-3.975,51.563],[-3.887,51.621],[-3.752,51.533],[-3.575,51.42],[-3.289,51.384],[-3.173,51.453],[-3.077,51.508],[-2.798,51.563],[-2.665,51.617],[-2.684,51.726],[-2.649,51.821],[-2.874,51.929],[-2.953,51.909],[-3.051,51.984],[-3.124,52.076],[-3.108,52.173],[-2.957,52.341],[-3.071,52.347],[-3.199,52.413],[-3.19,52.469],[-3.031,52.497],[-3.124,52.567],[-2.961,52.734],[-3.14,52.796],[-3.128,52.88],[-3.004,52.95],[-2.848,52.937],[-2.728,52.967],[-2.851,53.017],[-2.957,53.145],[-2.914,53.183],[-3.085,53.259]]],[[[-4.098,53.31],[-4.203,53.298],[-4.277,53.401],[-4.425,53.427],[-4.553,53.401],[-4.571,53.275],[-4.496,53.183],[-4.344,53.132],[-4.229,53.182],[-4.196,53.22],[-4.098,53.25],[-4.098,53.31]]]]}},
        {"type":"Feature","properties":{"id":"gb_shr"},"geometry":{"type":"Polygon","coordinates":[[[-2.728,52.967],[-2.848,52.937],[-3.004,52.95],[-3.128,52.88],[-3.14,52.796],[-2.961,52.734],[-3.124,52.567],[-3.031,52.497],[-3.19,52.469],[-3.199,52.413],[-3.071,52.347],[-2.957,52.341],[-3.108,52.173],[-3.124,52.076],[-3.051,51.984],[-2.953,51.909],[-2.874,51.929],[-2.649,51.821],[-2.434,51.897],[-2.481,51.958],[-2.352,52.014],[-2.234,51.964],[-2.143,52.006],[-1.828,52.034],[-1.758,52.106],[-1.653,51.984],[-1.51,51.998],[-1.495,52.061],[-1.321,52.162],[-1.208,52.25],[-1.187,52.381],[-1.293,52.479],[-1.546,52.581],[-1.58,52.677],[-1.583,52.685],[-1.7,52.726],[-1.591,52.811],[-1.824,52.875],[-1.758,52.982],[-1.772,53.09],[-1.857,53.176],[-1.977,53.207],[-2.14,53.17],[-2.205,53.114],[-2.244,53.086],[-2.379,52.99],[-2.527,52.947],[-2.623,52.986],[-2.728,52.967]]]}},
        {"type":"Feature","properties":{"id":"ge_ab"},"geometry":{"type":"Polygon","coordinates":[[[39.986,43.389],[40.219,43.319],[40.335,43.141],[40.398,43.162],[40.58,43.089],[40.856,43.063],[40.934,42.983],[41.023,42.99],[41.15,42.796],[41.383,42.757],[41.5,42.641],[41.551,42.406],[41.715,42.059],[41.755,42.133],[42.006,42.159],[42.229,42.097],[42.289,42.132],[42.298,42.226],[42.442,42.381],[42.527,42.517],[42.614,42.524],[42.632,42.435],[42.837,42.47],[43.05,42.34],[43.122,42.344],[43.294,42.42],[43.502,42.418],[43.587,42.395],[43.669,42.443],[43.808,42.451],[43.908,42.566],[43.751,42.599],[43.726,42.654],[43.801,42.746],[43.663,42.78],[43.586,42.836],[43.386,42.887],[43.175,42.934],[42.99,43.053],[43,43.099],[42.752,43.177],[42.596,43.14],[42.363,43.235],[42.154,43.217],[42.011,43.182],[41.551,43.226],[41.381,43.335],[41.181,43.375],[41.012,43.375],[40.875,43.456],[40.69,43.523],[40.48,43.509],[40.233,43.576],[40.059,43.535],[39.986,43.389]]]}},
        {"type":"Feature","properties":{"id":"ge_ka"},"geometry":{"type":"Polygon","coordinates":[[[43.908,42.566],[43.808,42.451],[43.669,42.443],[43.587,42.395],[43.75,42.394],[43.76,42.309],[43.616,42.258],[43.608,42.17],[43.489,42.057],[43.426,41.917],[43.554,41.894],[43.672,41.791],[43.844,41.772],[43.886,41.734],[44.227,41.72],[44.479,41.748],[44.628,41.686],[44.681,41.705],[44.805,41.795],[44.892,41.77],[44.945,41.838],[45.066,41.837],[45.185,41.767],[45.23,41.654],[45.208,41.549],[45.29,41.531],[45.333,41.444],[45.721,41.342],[45.686,41.296],[45.77,41.232],[45.969,41.168],[46.088,41.184],[46.229,41.195],[46.332,41.116],[46.497,41.045],[46.616,41.109],[46.688,41.284],[46.63,41.346],[46.297,41.51],[46.28,41.571],[46.193,41.61],[46.208,41.756],[46.298,41.751],[46.431,41.89],[46.224,41.993],[46.13,41.984],[45.948,42.023],[45.621,42.224],[45.74,42.471],[45.621,42.53],[45.479,42.542],[45.356,42.52],[45.302,42.56],[45.184,42.675],[45.076,42.691],[44.859,42.76],[44.736,42.678],[44.639,42.74],[44.479,42.744],[44.272,42.702],[44.186,42.627],[44.055,42.615],[43.908,42.566]]]}},
        {"type":"Feature","properties":{"id":"ge_sj"},"geometry":{"type":"Polygon","coordinates":[[[41.715,42.059],[41.774,41.903],[41.774,41.822],[41.676,41.662],[41.616,41.633],[41.521,41.514],[41.695,41.489],[41.801,41.426],[41.948,41.506],[42.158,41.5],[42.451,41.431],[42.587,41.579],[42.801,41.579],[42.767,41.504],[42.958,41.437],[43.124,41.313],[43.231,41.173],[43.323,41.192],[43.438,41.156],[43.44,41.107],[43.567,41.124],[43.73,41.107],[43.863,41.159],[43.978,41.165],[44.104,41.175],[44.191,41.23],[44.552,41.177],[44.613,41.223],[44.854,41.224],[45.002,41.29],[45.098,41.35],[45.25,41.445],[45.333,41.444],[45.29,41.531],[45.208,41.549],[45.23,41.654],[45.185,41.767],[45.066,41.837],[44.945,41.838],[44.892,41.77],[44.805,41.795],[44.681,41.705],[44.628,41.686],[44.479,41.748],[44.227,41.72],[43.886,41.734],[43.844,41.772],[43.672,41.791],[43.554,41.894],[43.426,41.917],[43.489,42.057],[43.608,42.17],[43.616,42.258],[43.76,42.309],[43.75,42.394],[43.587,42.395],[43.502,42.418],[43.294,42.42],[43.122,42.344],[43.05,42.34],[42.837,42.47],[42.632,42.435],[42.614,42.524],[42.527,42.517],[42.442,42.381],[42.298,42.226],[42.289,42.132],[42.229,42.097],[42.006,42.159],[41.755,42.133],[41.715,42.059]]]}},
        {"type":"Feature","properties":{"id":"gg_x01"},"geometry":{"type":"Polygon","coordinates":[[[-2.58,49.494],[-2.669,49.431],[-2.534,49.436],[-2.58,49.494]]]}},
        {"type":"Feature","properties":{"id":"gi_x01"},"geometry":{"type":"Polygon","coordinates":[[[-5.358,36.141],[-5.35,36.119],[-5.339,36.124],[-5.339,36.141],[-5.358,36.141]]]}},
        {"type":"Feature","properties":{"id":"gr_a"},"geometry":{"type":"MultiPolygon","coordinates":[[[[26.333,41.713],[26.234,41.746],[26.108,41.728],[26.059,41.644],[26.107,41.624],[26.174,41.446],[26.121,41.358],[25.882,41.304],[25.811,41.341],[25.691,41.298],[25.551,41.316],[25.286,41.239],[25.154,41.308],[24.886,41.401],[24.719,41.396],[24.596,41.43],[24.531,41.548],[24.287,41.518],[24.198,41.548],[24.047,41.526],[24.053,41.471],[23.903,41.464],[23.754,41.401],[23.625,41.377],[23.634,41.311],[23.816,41.126],[23.951,41.064],[24.006,41.078],[24.122,40.954],[24.094,40.903],[23.943,40.803],[23.854,40.781],[23.986,40.732],[24.11,40.728],[24.341,40.831],[24.313,40.88],[24.416,40.946],[24.567,40.952],[24.629,40.859],[24.802,40.853],[24.864,40.905],[24.99,40.942],[25.057,41.009],[25.134,40.963],[25.3,40.952],[25.538,40.87],[25.919,40.853],[26.012,40.824],[26.044,40.738],[26.135,40.767],[26.26,40.92],[26.359,40.965],[26.322,41.089],[26.332,41.254],[26.395,41.259],[26.54,41.352],[26.637,41.378],[26.596,41.598],[26.333,41.713]]],[[[25.691,40.448],[25.576,40.515],[25.466,40.456],[25.589,40.398],[25.691,40.448]]],[[[24.786,40.735],[24.642,40.804],[24.512,40.667],[24.642,40.571],[24.782,40.62],[24.786,40.735]]],[[[26.362,37.686],[26.197,37.632],[26.074,37.638],[25.98,37.549],[26.058,37.519],[26.231,37.571],[26.362,37.686]]],[[[27.048,37.727],[27.021,37.777],[26.772,37.814],[26.658,37.793],[26.787,37.647],[26.861,37.643],[27.048,37.727]]],[[[26.164,38.543],[25.995,38.604],[25.849,38.58],[25.843,38.515],[25.932,38.463],[25.989,38.379],[25.964,38.303],[25.868,38.26],[25.975,38.166],[26.112,38.223],[26.164,38.303],[26.139,38.419],[26.164,38.543]]],[[[26.612,39.049],[26.471,39.225],[26.38,39.283],[26.343,39.383],[26.164,39.379],[26.163,39.324],[25.859,39.259],[25.889,39.145],[26.043,39.093],[26.173,39.195],[26.166,39.022],[26.424,38.967],[26.612,39.049]]],[[[25.45,40.036],[25.287,39.961],[25.225,40.009],[25.045,39.985],[25.067,39.858],[25.17,39.848],[25.239,39.92],[25.295,39.808],[25.45,40.036]]]]}},
        {"type":"Feature","properties":{"id":"gr_b"},"geometry":{"type":"Polygon","coordinates":[[[22.095,40.167],[22.297,40.15],[22.377,40.022],[22.497,39.933],[22.71,39.935],[22.571,40.054],[22.553,40.167],[22.661,40.369],[22.603,40.481],[22.711,40.512],[22.91,40.645],[22.983,40.553],[22.831,40.486],[22.898,40.402],[23.029,40.326],[23.299,40.235],[23.306,40.104],[23.378,40.011],[23.616,39.923],[23.67,39.986],[23.499,40.042],[23.338,40.208],[23.398,40.278],[23.675,40.218],[23.793,40.094],[23.824,40.022],[23.973,39.962],[24.019,40.016],[23.991,40.119],[23.779,40.203],[23.7,40.326],[23.834,40.372],[24.002,40.32],[24.169,40.275],[24.3,40.128],[24.383,40.179],[24.187,40.347],[24.004,40.387],[23.868,40.414],[23.827,40.461],[23.878,40.56],[23.799,40.587],[23.692,40.695],[23.711,40.738],[23.854,40.781],[23.943,40.803],[24.094,40.903],[24.122,40.954],[24.006,41.078],[23.951,41.064],[23.816,41.126],[23.634,41.311],[23.625,41.377],[23.288,41.398],[23.115,41.313],[22.917,41.336],[22.797,41.337],[22.762,41.323],[22.742,41.287],[22.727,41.166],[22.657,41.177],[22.587,41.124],[22.422,41.115],[22.214,41.161],[22.103,41.122],[21.926,41.107],[21.896,41.065],[21.757,40.923],[21.793,40.837],[21.699,40.827],[21.746,40.673],[21.858,40.651],[21.87,40.527],[21.924,40.457],[22.075,40.37],[22.171,40.281],[22.095,40.167]]]}},
        {"type":"Feature","properties":{"id":"gr_c"},"geometry":{"type":"MultiPolygon","coordinates":[[[[20,39.694],[20.182,39.624],[20.141,39.538],[20.264,39.509],[20.224,39.436],[20.293,39.333],[20.448,39.289],[20.488,39.217],[20.687,39.072],[20.894,39.077],[21.003,39.015],[21.06,39.039],[21.105,39.094],[21.229,39.096],[21.362,39.154],[21.333,39.201],[21.385,39.28],[21.275,39.334],[21.179,39.419],[21.166,39.565],[21.11,39.659],[21.216,39.669],[21.198,39.756],[21.291,39.805],[21.465,39.864],[21.749,39.827],[21.892,39.856],[21.846,39.927],[21.954,39.99],[22.095,40.167],[22.171,40.281],[22.075,40.37],[21.924,40.457],[21.87,40.527],[21.858,40.651],[21.746,40.673],[21.699,40.827],[21.793,40.837],[21.757,40.923],[21.685,40.928],[21.582,40.866],[21.506,40.901],[21.429,40.909],[21.246,40.863],[20.965,40.849],[20.964,40.736],[21.037,40.64],[21.019,40.559],[20.912,40.46],[20.769,40.413],[20.74,40.309],[20.615,40.081],[20.433,40.064],[20.318,39.918],[20.393,39.835],[20.3,39.805],[20.299,39.728],[20.2,39.64],[20,39.694]]],[[[20.901,37.792],[20.742,37.862],[20.619,37.864],[20.704,37.738],[20.815,37.652],[20.901,37.792]]],[[[20.734,38.062],[20.798,38.131],[20.626,38.352],[20.551,38.385],[20.489,38.313],[20.398,38.333],[20.339,38.2],[20.473,38.182],[20.51,38.111],[20.615,38.12],[20.734,38.062]]],[[[20.585,38.618],[20.721,38.638],[20.718,38.823],[20.603,38.782],[20.562,38.691],[20.585,38.618]]],[[[20.092,39.434],[19.932,39.479],[19.859,39.659],[19.948,39.79],[19.852,39.825],[19.677,39.795],[19.636,39.756],[19.69,39.674],[19.841,39.552],[19.866,39.469],[19.999,39.399],[20.092,39.434]]]]}},
        {"type":"Feature","properties":{"id":"gr_e"},"geometry":{"type":"Polygon","coordinates":[[[21.362,39.154],[21.478,39.211],[21.638,39.244],[21.697,39.122],[21.831,39.132],[21.97,39.036],[22.117,39.105],[22.236,39.24],[22.494,39.119],[22.516,39.029],[22.631,39.033],[22.869,38.957],[22.997,38.963],[23.023,39.008],[22.961,39.119],[22.826,39.221],[22.843,39.288],[23.021,39.318],[23.151,39.285],[23.214,39.168],[23.342,39.193],[23.271,39.323],[23.102,39.497],[22.925,39.6],[22.859,39.773],[22.71,39.935],[22.497,39.933],[22.377,40.022],[22.297,40.15],[22.095,40.167],[21.954,39.99],[21.846,39.927],[21.892,39.856],[21.749,39.827],[21.465,39.864],[21.291,39.805],[21.198,39.756],[21.216,39.669],[21.11,39.659],[21.166,39.565],[21.179,39.419],[21.275,39.334],[21.385,39.28],[21.333,39.201],[21.362,39.154]]]}},
        {"type":"Feature","properties":{"id":"gr_h"},"geometry":{"type":"MultiPolygon","coordinates":[[[[21.06,39.039],[21.16,38.998],[21.085,38.864],[20.975,38.947],[20.764,38.892],[20.729,38.804],[20.883,38.779],[20.907,38.699],[21.025,38.608],[21.14,38.399],[21.156,38.304],[21.37,38.408],[21.535,38.314],[21.6,38.351],[21.851,38.388],[21.988,38.411],[22.133,38.373],[22.368,38.342],[22.463,38.426],[22.546,38.303],[22.646,38.39],[22.691,38.322],[23.067,38.183],[23.213,38.16],[23.283,38.232],[23.552,38.122],[23.615,38.165],[23.624,38.26],[23.767,38.342],[23.71,38.337],[23.594,38.426],[23.601,38.474],[23.418,38.504],[23.293,38.579],[23.321,38.643],[23.205,38.683],[23.091,38.649],[23.059,38.728],[22.915,38.776],[22.77,38.785],[22.792,38.878],[22.997,38.963],[22.869,38.957],[22.631,39.033],[22.516,39.029],[22.494,39.119],[22.236,39.24],[22.117,39.105],[21.97,39.036],[21.831,39.132],[21.697,39.122],[21.638,39.244],[21.478,39.211],[21.362,39.154],[21.229,39.096],[21.105,39.094],[21.06,39.039]]],[[[24.677,38.81],[24.584,38.871],[24.574,38.933],[24.461,38.968],[24.455,38.885],[24.677,38.81]]],[[[24.588,38.159],[24.478,38.139],[24.327,38.186],[24.185,38.408],[24.216,38.54],[24.126,38.599],[24.073,38.679],[23.858,38.683],[23.703,38.765],[23.62,38.766],[23.451,38.875],[23.426,38.954],[23.299,39.042],[23.138,39.009],[22.969,38.889],[23.202,38.83],[23.446,38.677],[23.505,38.597],[23.636,38.529],[23.639,38.416],[23.912,38.392],[24.049,38.395],[24.372,37.972],[24.552,37.978],[24.594,38.062],[24.588,38.159]]],[[[22.357,38.163],[22.227,38.186],[22.143,38.249],[21.956,38.337],[21.849,38.341],[21.764,38.296],[21.675,38.18],[21.603,38.152],[21.376,38.204],[21.326,38.021],[21.208,37.946],[21.134,37.946],[21.122,37.837],[21.295,37.772],[21.299,37.673],[21.402,37.655],[21.55,37.561],[21.682,37.379],[21.853,37.382],[21.95,37.514],[21.791,37.58],[21.774,37.779],[21.831,37.854],[22.011,37.779],[22.146,37.794],[22.229,37.835],[22.232,37.963],[22.328,38],[22.372,38.09],[22.357,38.163]]]]}},
        {"type":"Feature","properties":{"id":"gr_j"},"geometry":{"type":"MultiPolygon","coordinates":[[[[23.213,38.16],[23.217,38.103],[23.076,38.06],[22.943,38.083],[22.887,38.034],[22.867,37.94],[22.68,38.067],[22.511,38.129],[22.357,38.163],[22.372,38.09],[22.328,38],[22.232,37.963],[22.229,37.835],[22.146,37.794],[22.011,37.779],[21.831,37.854],[21.774,37.779],[21.791,37.58],[21.95,37.514],[21.853,37.382],[21.682,37.379],[21.682,37.284],[21.592,37.22],[21.568,37.156],[21.599,37.046],[21.703,36.957],[21.707,36.818],[21.823,36.809],[21.874,36.727],[21.945,36.79],[21.937,36.98],[22.048,37.035],[22.153,37.021],[22.138,36.917],[22.222,36.898],[22.292,36.82],[22.371,36.674],[22.355,36.512],[22.47,36.452],[22.533,36.707],[22.623,36.803],[22.765,36.804],[22.972,36.52],[23.081,36.579],[23.026,36.716],[23.096,36.807],[23.012,36.939],[23,37.033],[22.895,37.134],[22.912,37.183],[22.758,37.398],[22.723,37.542],[22.964,37.522],[23.011,37.469],[23.132,37.449],[23.073,37.355],[23.204,37.303],[23.23,37.385],[23.442,37.414],[23.526,37.46],[23.374,37.556],[23.323,37.537],[23.187,37.608],[23.164,37.682],[23.182,37.809],[23.114,37.851],[23.013,37.848],[23.015,37.925],[23.159,37.941],[23.227,37.974],[23.409,37.974],[23.45,38.021],[23.68,37.946],[23.764,37.816],[23.903,37.782],[23.95,37.677],[24.072,37.69],[24.067,37.864],[24.012,37.892],[24.033,38.008],[23.989,38.123],[24.069,38.205],[23.951,38.291],[23.767,38.342],[23.624,38.26],[23.615,38.165],[23.552,38.122],[23.283,38.232],[23.213,38.16]]],[[[23.012,36.308],[22.9,36.328],[22.909,36.206],[23.052,36.145],[23.077,36.271],[23.012,36.308]]],[[[23.408,37.899],[23.543,37.929],[23.478,37.999],[23.408,37.899]]]]}},
        {"type":"Feature","properties":{"id":"gr_l"},"geometry":{"type":"MultiPolygon","coordinates":[[[[27.212,35.521],[27.159,35.612],[27.219,35.726],[27.162,35.747],[27.115,35.642],[27.12,35.493],[27.212,35.521]]],[[[28.24,36.433],[28.118,36.428],[27.9,36.34],[27.701,36.163],[27.757,36.084],[27.712,35.953],[27.78,35.89],[28.131,36.185],[28.236,36.373],[28.24,36.433]]],[[[24.474,36.747],[24.354,36.754],[24.323,36.665],[24.485,36.665],[24.474,36.747]]],[[[25.273,36.72],[25.338,36.668],[25.399,36.728],[25.307,36.795],[25.273,36.72]]],[[[27.281,36.908],[27.164,36.891],[27.061,36.839],[27.13,36.761],[27.281,36.908]]],[[[25.28,37.049],[25.259,37.124],[25.15,37.111],[25.103,37.013],[25.204,36.989],[25.28,37.049]]],[[[25.526,37.196],[25.342,37.077],[25.448,36.925],[25.553,36.969],[25.595,37.1],[25.526,37.196]]],[[[25.091,37.583],[25.216,37.533],[25.246,37.624],[24.998,37.682],[25.091,37.583]]],[[[24.992,37.768],[24.954,37.906],[24.841,37.919],[24.757,37.997],[24.695,37.925],[24.958,37.707],[24.992,37.768]]]]}},
        {"type":"Feature","properties":{"id":"gr_m"},"geometry":{"type":"Polygon","coordinates":[[[26.321,35.315],[26.155,35.198],[26.067,35.233],[25.897,35.185],[25.83,35.122],[25.713,35.183],[25.766,35.336],[25.639,35.346],[25.482,35.297],[25.376,35.343],[25.252,35.336],[25.055,35.355],[24.971,35.425],[24.841,35.404],[24.721,35.427],[24.34,35.348],[24.187,35.452],[24.183,35.586],[24.082,35.59],[24.045,35.528],[23.817,35.535],[23.768,35.654],[23.711,35.649],[23.718,35.513],[23.642,35.507],[23.573,35.435],[23.518,35.308],[23.587,35.239],[23.827,35.253],[24.085,35.205],[24.293,35.182],[24.402,35.191],[24.565,35.106],[24.708,35.096],[24.759,35.041],[24.739,34.932],[25.097,34.938],[25.304,34.985],[25.506,34.985],[25.601,35.014],[25.808,35.006],[25.985,35.039],[26.147,35.002],[26.241,35.039],[26.312,35.182],[26.266,35.26],[26.321,35.315]]]}},
        {"type":"Feature","properties":{"id":"hr_03"},"geometry":{"type":"MultiPolygon","coordinates":[[[[16.515,46.502],[16.34,46.544],[16.311,46.531],[16.302,46.527],[16.261,46.514],[16.234,46.485],[16.28,46.379],[16.089,46.373],[16.05,46.317],[15.994,46.291],[15.919,46.273],[15.881,46.259],[15.879,46.259],[15.8,46.249],[15.678,46.214],[15.627,46.195],[15.624,46.076],[15.693,46.042],[15.675,45.972],[15.666,45.832],[15.55,45.824],[15.43,45.776],[15.331,45.752],[15.25,45.714],[15.35,45.67],[15.282,45.571],[15.314,45.451],[15.226,45.436],[15.066,45.474],[14.977,45.492],[14.882,45.47],[14.668,45.534],[14.664,45.57],[14.569,45.664],[14.492,45.579],[14.373,45.478],[14.219,45.497],[14.117,45.473],[13.987,45.512],[13.889,45.424],[13.66,45.46],[13.59,45.489],[13.513,45.436],[13.596,45.241],[13.596,45.145],[13.644,45.071],[13.774,44.964],[13.86,44.826],[13.973,44.827],[14.076,44.984],[14.235,45.155],[14.272,45.29],[14.33,45.354],[14.511,45.3],[14.658,45.197],[14.853,45.094],[14.881,45.036],[15.008,45.124],[15.194,45.126],[15.377,45.026],[15.464,44.924],[15.567,44.879],[15.656,44.948],[15.734,44.934],[15.803,45.196],[15.998,45.219],[16.213,45.031],[16.346,45.02],[16.382,45.108],[16.482,45.2],[16.587,45.221],[16.786,45.179],[16.933,45.279],[17.125,45.169],[17.082,45.216],[17.181,45.348],[17.062,45.378],[16.929,45.476],[16.791,45.609],[16.501,45.722],[16.497,45.765],[16.688,45.839],[16.693,45.924],[16.741,46.046],[16.866,46.077],[16.905,46.009],[17.14,45.87],[17.217,45.981],[17.307,45.98],[17.197,46.121],[17.116,46.123],[16.975,46.211],[16.879,46.312],[16.859,46.365],[16.712,46.413],[16.659,46.464],[16.515,46.502]]],[[[14.514,44.662],[14.472,44.708],[14.452,44.851],[14.33,44.834],[14.428,44.657],[14.514,44.662]]],[[[14.723,44.943],[14.815,44.977],[14.665,45.087],[14.665,45.162],[14.563,45.25],[14.514,45.129],[14.425,45.087],[14.591,45.023],[14.723,44.943]]]]}},
        {"type":"Feature","properties":{"id":"hr_13"},"geometry":{"type":"MultiPolygon","coordinates":[[[[18.437,42.559],[18.37,42.574],[18.224,42.628],[17.858,42.817],[17.826,42.889],[17.653,42.891],[17.519,42.908],[17.39,42.978],[17.24,43.023],[17.202,42.984],[17.44,42.873],[17.729,42.801],[17.807,42.812],[18.218,42.62],[18.239,42.559],[18.496,42.416],[18.437,42.559]]],[[[17.451,43.148],[17.329,43.26],[17.268,43.353],[17.239,43.478],[17.062,43.528],[16.824,43.707],[16.713,43.772],[16.679,43.841],[16.527,43.968],[16.327,44.082],[16.216,44.208],[16.206,44.351],[16.116,44.521],[15.896,44.719],[15.806,44.697],[15.717,44.786],[15.773,44.845],[15.734,44.934],[15.656,44.948],[15.567,44.879],[15.464,44.924],[15.377,45.026],[15.194,45.126],[15.008,45.124],[14.881,45.036],[14.922,44.959],[14.884,44.861],[14.901,44.69],[15.001,44.579],[15.08,44.536],[15.294,44.365],[15.282,44.285],[15.158,44.28],[15.145,44.195],[15.547,43.877],[15.931,43.677],[15.918,43.593],[16.013,43.504],[16.434,43.55],[16.626,43.449],[16.881,43.406],[17.073,43.239],[17.316,43.127],[17.365,43.079],[17.516,42.959],[17.581,42.942],[17.663,42.966],[17.598,43.073],[17.451,43.148]]],[[[17.132,42.97],[17.032,42.983],[16.824,42.962],[16.72,42.99],[16.638,42.935],[16.851,42.901],[16.973,42.927],[17.107,42.914],[17.132,42.97]]],[[[16.693,43.127],[16.66,43.216],[16.535,43.228],[16.445,43.171],[16.693,43.127]]],[[[16.501,43.284],[16.628,43.264],[16.846,43.273],[16.81,43.353],[16.494,43.382],[16.501,43.284]]],[[[14.877,44.56],[15.097,44.34],[15.254,44.34],[15.083,44.462],[14.877,44.56]]]]}},
        {"type":"Feature","properties":{"id":"hr_14"},"geometry":{"type":"Polygon","coordinates":[[[18.822,45.906],[18.674,45.91],[18.573,45.817],[18.412,45.743],[18.211,45.785],[18.08,45.772],[17.906,45.792],[17.655,45.852],[17.591,45.936],[17.307,45.98],[17.217,45.981],[17.14,45.87],[16.905,46.009],[16.866,46.077],[16.741,46.046],[16.693,45.924],[16.688,45.839],[16.497,45.765],[16.501,45.722],[16.791,45.609],[16.929,45.476],[17.062,45.378],[17.181,45.348],[17.082,45.216],[17.125,45.169],[17.572,45.12],[17.685,45.164],[17.766,45.111],[17.836,45.064],[17.988,45.144],[18.144,45.098],[18.238,45.157],[18.452,45.085],[18.482,45.067],[18.535,45.088],[18.689,45.08],[18.805,44.974],[18.842,44.876],[18.975,44.863],[19.016,44.866],[19.132,44.953],[19.082,45.085],[19.142,45.162],[19.394,45.172],[19.29,45.236],[19.104,45.299],[18.976,45.391],[19.002,45.444],[19.018,45.498],[18.942,45.539],[18.912,45.619],[18.968,45.669],[18.845,45.816],[18.901,45.931],[18.822,45.906]]]}},
        {"type":"Feature","properties":{"id":"hu_bk"},"geometry":{"type":"Polygon","coordinates":[[[21.634,47.019],[21.499,46.954],[21.387,46.941],[21.288,47.016],[21.271,47.145],[20.995,47.236],[20.821,47.137],[20.7,47.014],[20.706,46.924],[20.419,46.865],[20.423,46.803],[20.323,46.764],[20.25,46.794],[20.135,46.768],[20.061,46.801],[19.998,46.825],[20.154,46.937],[20.146,46.979],[20.051,47.104],[20.056,47.152],[20.022,47.249],[19.999,47.329],[19.684,47.539],[19.675,47.596],[19.581,47.737],[19.459,47.706],[19.377,47.834],[19.083,47.86],[18.959,47.919],[18.934,48.054],[18.838,48.04],[18.755,47.952],[18.749,47.871],[18.815,47.832],[18.921,47.741],[18.864,47.666],[18.685,47.562],[18.776,47.465],[18.819,47.356],[18.903,47.304],[18.879,47.149],[18.968,47.033],[18.955,46.995],[18.927,46.848],[19.002,46.708],[18.858,46.615],[18.92,46.499],[18.892,46.378],[18.914,46.246],[18.842,46.226],[18.786,46.1],[18.852,46.011],[18.822,45.906],[18.901,45.931],[18.986,45.931],[19.298,46.022],[19.379,46.034],[19.55,46.164],[19.712,46.159],[19.874,46.153],[20.063,46.145],[20.115,46.152],[20.243,46.108],[20.283,46.144],[20.608,46.129],[20.704,46.169],[20.787,46.263],[21.051,46.236],[21.165,46.318],[21.179,46.384],[21.316,46.617],[21.424,46.658],[21.484,46.685],[21.503,46.805],[21.649,46.943],[21.634,47.019]]]}},
        {"type":"Feature","properties":{"id":"hu_bz"},"geometry":{"type":"Polygon","coordinates":[[[22.158,48.402],[22.133,48.405],[21.728,48.341],[21.613,48.44],[21.425,48.561],[21.109,48.489],[20.784,48.569],[20.482,48.526],[20.466,48.464],[20.37,48.334],[20.272,48.252],[20.135,48.247],[20.038,48.177],[19.905,48.124],[19.767,48.159],[19.623,48.227],[19.503,48.189],[19.428,48.086],[19.223,48.061],[19.019,48.065],[18.934,48.054],[18.959,47.919],[19.083,47.86],[19.377,47.834],[19.459,47.706],[19.581,47.737],[19.675,47.596],[19.873,47.653],[20,47.662],[20.024,47.583],[20.196,47.607],[20.288,47.489],[20.374,47.43],[20.689,47.578],[20.774,47.672],[20.819,47.679],[20.892,47.684],[21.029,47.816],[21.114,47.961],[21.253,48.048],[21.373,48.027],[21.476,48.177],[21.69,48.167],[21.943,48.248],[22.079,48.312],[22.158,48.402]]]}},
        {"type":"Feature","properties":{"id":"hu_hb"},"geometry":{"type":"Polygon","coordinates":[[[22.878,47.947],[22.831,48.072],[22.746,48.116],[22.6,48.101],[22.481,48.243],[22.357,48.243],[22.272,48.403],[22.158,48.402],[22.079,48.312],[21.943,48.248],[21.69,48.167],[21.476,48.177],[21.373,48.027],[21.253,48.048],[21.114,47.961],[21.029,47.816],[20.892,47.684],[20.819,47.679],[20.774,47.672],[20.689,47.578],[20.374,47.43],[20.288,47.489],[20.196,47.607],[20.024,47.583],[20,47.662],[19.873,47.653],[19.675,47.596],[19.684,47.539],[19.999,47.329],[20.022,47.249],[20.056,47.152],[20.051,47.104],[20.146,46.979],[20.154,46.937],[19.998,46.825],[20.061,46.801],[20.135,46.768],[20.25,46.794],[20.323,46.764],[20.423,46.803],[20.419,46.865],[20.706,46.924],[20.7,47.014],[20.821,47.137],[20.995,47.236],[21.271,47.145],[21.288,47.016],[21.387,46.941],[21.499,46.954],[21.634,47.019],[21.826,47.185],[21.862,47.297],[22.002,47.394],[21.989,47.493],[22.154,47.582],[22.168,47.595],[22.262,47.716],[22.563,47.757],[22.746,47.825],[22.878,47.947]]]}},
        {"type":"Feature","properties":{"id":"hu_so"},"geometry":{"type":"Polygon","coordinates":[[[18.927,46.848],[18.74,46.733],[18.63,46.707],[18.329,46.803],[18.218,46.791],[18.177,46.953],[18.073,46.972],[17.662,46.809],[17.458,46.75],[17.299,46.733],[17.22,46.665],[17.227,46.533],[17.181,46.442],[17.069,46.423],[17.054,46.39],[17.047,46.325],[16.879,46.312],[16.975,46.211],[17.116,46.123],[17.197,46.121],[17.307,45.98],[17.591,45.936],[17.655,45.852],[17.906,45.792],[18.08,45.772],[18.211,45.785],[18.412,45.743],[18.573,45.817],[18.674,45.91],[18.822,45.906],[18.852,46.011],[18.786,46.1],[18.842,46.226],[18.914,46.246],[18.892,46.378],[18.92,46.499],[18.858,46.615],[19.002,46.708],[18.927,46.848]]]}},
        {"type":"Feature","properties":{"id":"hu_ve"},"geometry":{"type":"Polygon","coordinates":[[[17.148,48.005],[17.04,47.837],[17.055,47.702],[16.797,47.675],[16.717,47.697],[16.61,47.751],[16.408,47.661],[16.558,47.63],[16.63,47.622],[16.688,47.523],[16.627,47.446],[16.425,47.351],[16.469,47.293],[16.413,47.187],[16.51,47.138],[16.437,47.032],[16.275,47.004],[16.094,46.863],[16.13,46.857],[16.179,46.858],[16.297,46.847],[16.311,46.798],[16.299,46.78],[16.365,46.697],[16.366,46.696],[16.403,46.663],[16.372,46.636],[16.515,46.502],[16.659,46.464],[16.712,46.413],[16.859,46.365],[16.879,46.312],[17.047,46.325],[17.054,46.39],[17.069,46.423],[17.181,46.442],[17.227,46.533],[17.22,46.665],[17.299,46.733],[17.458,46.75],[17.662,46.809],[18.073,46.972],[18.177,46.953],[18.218,46.791],[18.329,46.803],[18.63,46.707],[18.74,46.733],[18.927,46.848],[18.955,46.995],[18.968,47.033],[18.879,47.149],[18.903,47.304],[18.819,47.356],[18.776,47.465],[18.685,47.562],[18.864,47.666],[18.921,47.741],[18.815,47.832],[18.693,47.778],[18.553,47.793],[18.236,47.754],[17.884,47.753],[17.719,47.774],[17.472,47.889],[17.369,47.981],[17.262,48.007],[17.148,48.005]]]}},
        {"type":"Feature","properties":{"id":"ie_ce"},"geometry":{"type":"Polygon","coordinates":[[[-8.077,53.17],[-8.138,53.153],[-8.309,52.98],[-8.442,52.972],[-8.574,53.03],[-8.877,52.974],[-8.894,53.058],[-9.004,53.147],[-9.159,53.111],[-9.272,53.147],[-9.438,52.967],[-9.427,52.878],[-9.499,52.753],[-9.581,52.743],[-9.824,52.595],[-9.553,52.639],[-9.286,52.591],[-9.147,52.624],[-8.969,52.771],[-8.933,52.687],[-8.751,52.673],[-8.96,52.652],[-9.272,52.577],[-9.363,52.575],[-9.299,52.499],[-9.329,52.349],[-9.217,52.294],[-9.121,52.332],[-8.991,52.298],[-8.803,52.379],[-8.668,52.373],[-8.48,52.277],[-8.305,52.313],[-8.185,52.281],[-8.099,52.209],[-8.001,52.049],[-7.852,51.977],[-7.59,51.991],[-7.554,52.06],[-7.435,52.126],[-7.017,52.138],[-6.955,52.186],[-6.992,52.267],[-6.994,52.278],[-6.897,52.152],[-6.786,52.21],[-6.597,52.18],[-6.37,52.18],[-6.318,52.241],[-6.448,52.356],[-6.366,52.394],[-6.209,52.546],[-6.215,52.666],[-6.151,52.742],[-6.239,52.788],[-6.367,52.788],[-6.525,52.683],[-6.609,52.712],[-6.686,52.793],[-6.511,52.826],[-6.516,52.882],[-6.731,52.916],[-6.763,52.876],[-6.931,52.885],[-7.047,52.793],[-7.193,52.887],[-7.453,52.786],[-7.58,52.815],[-7.668,52.78],[-7.728,52.956],[-7.813,52.969],[-7.978,52.855],[-8.03,52.897],[-7.931,53.04],[-7.941,53.118],[-8.077,53.17]]]}},
        {"type":"Feature","properties":{"id":"ie_ky"},"geometry":{"type":"Polygon","coordinates":[[[-9.363,52.575],[-9.672,52.553],[-9.683,52.495],[-9.848,52.428],[-9.837,52.254],[-10.045,52.269],[-10.166,52.235],[-10.276,52.268],[-10.45,52.189],[-10.415,52.1],[-10.268,52.136],[-10.028,52.14],[-9.93,52.072],[-10.266,51.988],[-10.235,51.851],[-10.111,51.746],[-9.875,51.803],[-9.861,51.755],[-9.981,51.732],[-10.029,51.597],[-9.874,51.656],[-9.648,51.681],[-9.566,51.717],[-9.459,51.684],[-9.77,51.592],[-9.807,51.446],[-9.425,51.558],[-9.349,51.474],[-9.108,51.549],[-8.888,51.556],[-8.854,51.596],[-8.539,51.648],[-8.498,51.693],[-8.302,51.758],[-8.329,51.861],[-8.396,51.877],[-8.388,51.893],[-8.21,51.885],[-8.134,51.805],[-8.008,51.856],[-7.852,51.977],[-8.001,52.049],[-8.099,52.209],[-8.185,52.281],[-8.305,52.313],[-8.48,52.277],[-8.668,52.373],[-8.803,52.379],[-8.991,52.298],[-9.121,52.332],[-9.217,52.294],[-9.329,52.349],[-9.299,52.499],[-9.363,52.575]]]}},
        {"type":"Feature","properties":{"id":"ie_mh"},"geometry":{"type":"Polygon","coordinates":[[[-8.077,53.17],[-7.941,53.118],[-7.931,53.04],[-8.03,52.897],[-7.978,52.855],[-7.813,52.969],[-7.728,52.956],[-7.668,52.78],[-7.58,52.815],[-7.453,52.786],[-7.193,52.887],[-7.047,52.793],[-6.931,52.885],[-6.763,52.876],[-6.731,52.916],[-6.516,52.882],[-6.511,52.826],[-6.686,52.793],[-6.609,52.712],[-6.525,52.683],[-6.367,52.788],[-6.239,52.788],[-6.151,52.742],[-6.13,52.816],[-5.997,52.965],[-6.052,53.009],[-6.03,53.111],[-6.089,53.204],[-6.097,53.286],[-6.181,53.317],[-6.15,53.387],[-6.075,53.54],[-6.198,53.634],[-6.246,53.73],[-6.454,53.72],[-6.587,53.864],[-6.684,53.905],[-6.748,53.914],[-6.889,53.879],[-6.998,53.773],[-7.145,53.8],[-7.339,53.795],[-7.389,53.779],[-7.599,53.933],[-7.922,53.812],[-8.032,53.619],[-7.963,53.524],[-7.944,53.367],[-8.046,53.276],[-7.977,53.208],[-8.077,53.17]]]}},
        {"type":"Feature","properties":{"id":"ie_mo"},"geometry":{"type":"Polygon","coordinates":[[[-7.247,55.069],[-7.159,55.151],[-6.94,55.239],[-7.144,55.294],[-7.333,55.373],[-7.368,55.311],[-7.514,55.274],[-7.528,55.133],[-7.668,55.147],[-7.814,55.202],[-8.021,55.189],[-8.16,55.139],[-8.263,55.161],[-8.457,54.995],[-8.396,54.955],[-8.491,54.852],[-8.796,54.698],[-8.597,54.619],[-8.432,54.641],[-8.121,54.647],[-8.3,54.478],[-8.382,54.469],[-8.613,54.375],[-8.486,54.289],[-8.872,54.265],[-9.051,54.289],[-9.134,54.165],[-9.209,54.268],[-9.786,54.338],[-9.988,54.213],[-9.839,53.964],[-9.758,53.899],[-9.615,53.899],[-9.566,53.796],[-9.908,53.762],[-9.908,53.646],[-9.697,53.603],[-10.009,53.604],[-10.153,53.544],[-10.026,53.385],[-9.898,53.328],[-9.743,53.314],[-9.512,53.228],[-9.12,53.262],[-8.943,53.262],[-9.004,53.147],[-8.894,53.058],[-8.877,52.974],[-8.574,53.03],[-8.442,52.972],[-8.309,52.98],[-8.138,53.153],[-8.077,53.17],[-7.977,53.208],[-8.046,53.276],[-7.944,53.367],[-7.963,53.524],[-8.032,53.619],[-7.922,53.812],[-7.599,53.933],[-7.389,53.779],[-7.339,53.795],[-7.145,53.8],[-6.998,53.773],[-6.889,53.879],[-6.748,53.914],[-6.684,53.905],[-6.587,53.864],[-6.454,53.72],[-6.246,53.73],[-6.243,53.865],[-6.379,53.917],[-6.348,54.004],[-6.111,54.001],[-6.27,54.098],[-6.605,54.044],[-6.673,54.068],[-6.648,54.174],[-6.824,54.232],[-6.87,54.326],[-7.049,54.412],[-7.189,54.336],[-7.146,54.252],[-7.316,54.114],[-7.44,54.147],[-7.609,54.14],[-7.705,54.2],[-7.837,54.204],[-7.942,54.299],[-8.168,54.463],[-8.002,54.543],[-7.887,54.532],[-7.708,54.605],[-7.907,54.661],[-7.846,54.731],[-7.737,54.707],[-7.552,54.755],[-7.416,54.944],[-7.355,55.041],[-7.247,55.069]]]}},
        {"type":"Feature","properties":{"id":"im_x01"},"geometry":{"type":"Polygon","coordinates":[[[-4.612,54.057],[-4.391,54.195],[-4.312,54.287],[-4.442,54.404],[-4.598,54.277],[-4.71,54.221],[-4.771,54.097],[-4.612,54.057]]]}},
        {"type":"Feature","properties":{"id":"is_3"},"geometry":{"type":"Polygon","coordinates":[[[-19.977,64.802],[-19.81,64.936],[-20.406,64.955],[-20.727,64.914],[-20.984,64.972],[-21.084,65.168],[-21.193,65.31],[-21.195,65.408],[-21.37,65.487],[-21.299,65.559],[-21.443,65.643],[-21.418,65.763],[-21.278,65.857],[-21.319,65.988],[-21.509,66.017],[-21.549,66.098],[-21.723,66.082],[-21.75,66.186],[-21.979,66.275],[-22.214,66.29],[-22.377,66.433],[-22.575,66.466],[-22.67,66.421],[-22.85,66.467],[-23.098,66.318],[-22.866,66.159],[-22.449,66.076],[-22.856,66.029],[-23.028,66.109],[-23.461,66.204],[-23.793,66.07],[-23.867,65.876],[-23.628,65.706],[-24.05,65.804],[-24.122,65.741],[-24.087,65.651],[-24.278,65.636],[-24.482,65.488],[-24.197,65.501],[-23.968,65.465],[-23.898,65.405],[-23.373,65.498],[-23.247,65.485],[-22.926,65.573],[-22.785,65.508],[-22.589,65.536],[-22.199,65.432],[-22.003,65.504],[-21.898,65.447],[-21.695,65.453],[-21.887,65.421],[-22.49,65.234],[-22.558,65.169],[-22.034,65.115],[-21.833,65.178],[-21.737,65.159],[-21.826,65.035],[-22.155,65.028],[-22.38,65.059],[-22.674,65.008],[-23.21,65.017],[-23.224,64.949],[-23.513,64.946],[-23.638,64.899],[-23.85,64.931],[-24.06,64.891],[-23.946,64.761],[-23.834,64.726],[-23.246,64.83],[-23.188,64.804],[-22.784,64.793],[-22.532,64.809],[-22.32,64.754],[-22.391,64.638],[-22.199,64.472],[-22.093,64.473],[-21.963,64.297],[-21.717,64.394],[-21.425,64.376],[-21.149,64.364],[-20.79,64.531],[-20.628,64.557],[-20.045,64.698],[-19.977,64.802]]]}},
        {"type":"Feature","properties":{"id":"is_5"},"geometry":{"type":"Polygon","coordinates":[[[-18.427,64.881],[-18.352,65.069],[-18.383,65.218],[-18.588,65.352],[-18.774,65.429],[-18.73,65.521],[-18.914,65.586],[-18.8,65.709],[-18.978,65.828],[-18.853,66.011],[-19.079,66.158],[-19.16,66.098],[-19.363,66.088],[-19.498,65.978],[-19.406,65.86],[-19.418,65.754],[-19.65,65.765],[-19.708,65.871],[-19.88,65.905],[-20.031,66.083],[-20.185,66.131],[-20.428,66.083],[-20.449,66.029],[-20.263,65.745],[-20.329,65.628],[-20.575,65.536],[-20.666,65.691],[-20.918,65.601],[-21.099,65.445],[-21.12,65.268],[-21.084,65.168],[-20.984,64.972],[-20.727,64.914],[-20.406,64.955],[-19.81,64.936],[-19.977,64.802],[-19.72,64.752],[-19.405,64.785],[-19.155,64.785],[-18.872,64.839],[-18.427,64.881]]]}},
        {"type":"Feature","properties":{"id":"is_6"},"geometry":{"type":"Polygon","coordinates":[[[-14.615,65.986],[-14.677,66.056],[-15.076,66.05],[-15.179,66.111],[-14.96,66.186],[-14.959,66.296],[-15.302,66.268],[-15.42,66.172],[-15.775,66.289],[-15.707,66.396],[-15.924,66.422],[-16.023,66.537],[-16.543,66.507],[-16.515,66.367],[-16.422,66.287],[-16.487,66.19],[-16.92,66.124],[-16.992,66.2],[-17.217,66.194],[-17.419,65.994],[-17.673,66.007],[-17.913,66.152],[-18.297,66.18],[-18.329,66.104],[-18.228,65.939],[-18.54,65.974],[-18.545,66.083],[-18.692,66.17],[-18.945,66.191],[-19.079,66.158],[-18.853,66.011],[-18.978,65.828],[-18.8,65.709],[-18.914,65.586],[-18.73,65.521],[-18.774,65.429],[-18.588,65.352],[-18.383,65.218],[-18.352,65.069],[-18.427,64.881],[-18.333,64.843],[-16.877,64.472],[-16.687,64.639],[-16.636,64.728],[-16.676,64.814],[-16.622,64.918],[-16.453,64.944],[-16.209,65.043],[-16.205,65.196],[-16.027,65.333],[-16.172,65.437],[-16.014,65.576],[-15.703,65.55],[-15.664,65.748],[-15.456,65.772],[-15.315,65.857],[-15.101,65.922],[-14.694,65.944],[-14.615,65.986]]]}},
        {"type":"Feature","properties":{"id":"is_7"},"geometry":{"type":"Polygon","coordinates":[[[-14.615,65.986],[-14.694,65.944],[-15.101,65.922],[-15.315,65.857],[-15.456,65.772],[-15.664,65.748],[-15.703,65.55],[-16.014,65.576],[-16.172,65.437],[-16.027,65.333],[-16.205,65.196],[-16.209,65.043],[-16.453,64.944],[-16.622,64.918],[-16.676,64.814],[-16.636,64.728],[-16.687,64.639],[-16.877,64.472],[-17.342,64.039],[-17.384,63.959],[-17.386,63.773],[-17.207,63.815],[-16.896,63.808],[-16.611,63.869],[-16.35,63.966],[-15.992,64.144],[-15.733,64.179],[-15.464,64.251],[-15.364,64.337],[-14.995,64.263],[-14.713,64.414],[-14.51,64.442],[-14.493,64.658],[-14.048,64.72],[-14.048,64.789],[-13.868,64.795],[-13.74,64.911],[-13.994,65.055],[-13.647,64.987],[-13.527,65.055],[-13.52,65.172],[-13.654,65.22],[-13.688,65.306],[-13.61,65.514],[-13.821,65.541],[-13.89,65.62],[-14.028,65.61],[-14.398,65.73],[-14.694,65.751],[-14.823,65.816],[-14.662,65.884],[-14.615,65.986]]]}},
        {"type":"Feature","properties":{"id":"is_8"},"geometry":{"type":"Polygon","coordinates":[[[-16.877,64.472],[-18.333,64.843],[-18.427,64.881],[-18.872,64.839],[-19.155,64.785],[-19.405,64.785],[-19.72,64.752],[-19.977,64.802],[-20.045,64.698],[-20.628,64.557],[-20.79,64.531],[-21.149,64.364],[-21.425,64.376],[-21.603,64.378],[-21.876,64.274],[-21.757,64.171],[-22.124,64.044],[-22.686,63.946],[-22.718,63.828],[-22.536,63.821],[-22.336,63.863],[-21.932,63.848],[-21.66,63.832],[-21.168,63.876],[-20.949,63.827],[-20.442,63.671],[-20.186,63.544],[-19.77,63.534],[-19.287,63.439],[-18.732,63.397],[-18.133,63.479],[-17.965,63.523],[-17.824,63.667],[-17.86,63.737],[-17.386,63.773],[-17.384,63.959],[-17.342,64.039],[-16.877,64.472]]]}},
        {"type":"Feature","properties":{"id":"it_aq"},"geometry":{"type":"Polygon","coordinates":[[[13.338,42.688],[13.376,42.604],[13.186,42.587],[13.135,42.538],[13.178,42.4],[13.163,42.339],[13.317,42.197],[13.234,42.129],[13.099,42.174],[13.03,42.116],[13.028,42.032],[13.298,41.947],[13.405,41.832],[13.579,41.77],[13.647,41.811],[13.744,41.755],[13.946,41.688],[14.175,41.76],[14.143,41.815],[14.229,41.877],[14.283,41.906],[14.433,41.837],[14.49,41.776],[14.744,42.013],[14.763,42.078],[14.717,42.16],[14.56,42.226],[14.387,42.373],[14.257,42.446],[14.151,42.532],[14.075,42.599],[13.945,42.798],[13.906,42.902],[13.713,42.86],[13.682,42.817],[13.53,42.807],[13.43,42.702],[13.338,42.688]]]}},
        {"type":"Feature","properties":{"id":"it_bo"},"geometry":{"type":"Polygon","coordinates":[[[12.483,43.929],[12.633,43.843],[12.731,43.882],[12.754,43.972],[12.631,44.03],[12.458,44.166],[12.386,44.228],[12.318,44.361],[12.27,44.63],[12.247,44.712],[12.292,44.843],[12.393,44.793],[12.293,44.865],[12.272,44.936],[12.135,44.937],[11.991,44.984],[11.797,44.978],[11.606,44.899],[11.422,44.95],[11.257,44.947],[11.083,44.962],[10.888,44.914],[10.68,44.987],[10.633,44.939],[10.502,44.919],[10.184,45.047],[10.072,45.038],[9.987,45.129],[9.883,45.134],[9.681,45.075],[9.546,45.133],[9.425,45.101],[9.303,44.896],[9.355,44.827],[9.309,44.696],[9.201,44.682],[9.203,44.614],[9.414,44.594],[9.491,44.551],[9.476,44.412],[9.599,44.427],[9.69,44.358],[9.836,44.476],[9.936,44.47],[10.073,44.352],[10.136,44.342],[10.254,44.271],[10.351,44.275],[10.471,44.225],[10.611,44.126],[10.707,44.162],[10.816,44.114],[10.923,44.068],[11.048,44.092],[11.2,44.105],[11.392,44.232],[11.526,44.162],[11.72,44.132],[11.651,43.991],[11.716,43.879],[11.969,43.773],[12.102,43.759],[12.286,43.769],[12.351,43.87],[12.421,43.895],[12.39,43.918],[12.386,43.925],[12.417,43.964],[12.427,43.969],[12.491,43.965],[12.492,43.949],[12.483,43.929]]]}},
        {"type":"Feature","properties":{"id":"it_bs"},"geometry":{"type":"Polygon","coordinates":[[[8.557,45.165],[8.669,45.025],[8.882,45.001],[9.141,44.816],[9.201,44.682],[9.309,44.696],[9.355,44.827],[9.303,44.896],[9.425,45.101],[9.546,45.133],[9.681,45.075],[9.883,45.134],[9.987,45.129],[10.072,45.038],[10.184,45.047],[10.502,44.919],[10.633,44.939],[10.68,44.987],[10.888,44.914],[11.083,44.962],[11.257,44.947],[11.422,44.95],[11.196,45.063],[11.21,45.104],[11.077,45.099],[10.993,45.194],[10.706,45.329],[10.662,45.419],[10.644,45.61],[10.845,45.834],[10.729,45.849],[10.579,45.795],[10.46,45.982],[10.559,46.118],[10.59,46.233],[10.528,46.343],[10.619,46.375],[10.625,46.454],[10.494,46.494],[10.452,46.547],[10.295,46.551],[10.192,46.627],[10.097,46.608],[10.033,46.533],[10.026,46.446],[10.133,46.414],[10.092,46.329],[10.159,46.262],[10.043,46.22],[9.964,46.356],[9.899,46.372],[9.674,46.292],[9.56,46.293],[9.452,46.37],[9.438,46.492],[9.263,46.485],[9.269,46.309],[9.225,46.231],[9.164,46.173],[9.002,46.039],[9.002,45.936],[9.059,45.882],[9.002,45.821],[8.909,45.828],[8.871,45.947],[8.768,45.983],[8.834,46.066],[8.729,46.108],[8.721,46.012],[8.593,45.918],[8.598,45.826],[8.565,45.799],[8.705,45.557],[8.832,45.408],[8.659,45.316],[8.513,45.313],[8.557,45.165]]]}},
        {"type":"Feature","properties":{"id":"it_bz"},"geometry":{"type":"Polygon","coordinates":[[[10.452,46.547],[10.494,46.494],[10.625,46.454],[10.619,46.375],[10.528,46.343],[10.59,46.233],[10.559,46.118],[10.46,45.982],[10.579,45.795],[10.729,45.849],[10.845,45.834],[10.877,45.716],[11.131,45.7],[11.279,45.919],[11.495,46.012],[11.685,45.984],[11.712,46.101],[11.896,46.133],[11.969,46.196],[11.804,46.345],[11.888,46.467],[11.832,46.504],[12.022,46.539],[12.099,46.668],[12.214,46.596],[12.47,46.676],[12.269,46.789],[12.111,46.993],[12.204,47.067],[12.133,47.079],[11.746,46.972],[11.596,47],[11.314,46.987],[11.157,46.957],[11.092,46.912],[10.997,46.769],[10.755,46.791],[10.662,46.861],[10.454,46.864],[10.369,46.672],[10.459,46.624],[10.452,46.547]]]}},
        {"type":"Feature","properties":{"id":"it_ca"},"geometry":{"type":"Polygon","coordinates":[[[8.61,38.955],[8.841,38.881],[9.018,38.995],[9.018,39.146],[9.079,39.212],[9.166,39.187],[9.252,39.225],[9.45,39.124],[9.558,39.14],[9.568,39.238],[9.645,39.484],[9.646,39.549],[9.697,39.852],[9.693,39.993],[9.732,40.084],[9.655,40.145],[9.627,40.225],[9.626,40.263],[9.749,40.377],[9.827,40.52],[9.749,40.66],[9.662,40.809],[9.683,40.865],[9.573,40.906],[9.588,40.996],[9.546,41.121],[9.231,41.263],[9.158,41.169],[9.025,41.129],[8.811,40.941],[8.641,40.896],[8.521,40.827],[8.31,40.851],[8.233,40.91],[8.134,40.729],[8.141,40.625],[8.216,40.571],[8.312,40.578],[8.392,40.412],[8.463,40.315],[8.49,40.104],[8.401,40.05],[8.398,39.905],[8.494,39.912],[8.555,39.853],[8.535,39.771],[8.504,39.722],[8.549,39.698],[8.517,39.702],[8.444,39.757],[8.463,39.577],[8.398,39.447],[8.374,39.379],[8.426,39.283],[8.372,39.231],[8.504,39.063],[8.56,39.057],[8.61,38.955]]]}},
        {"type":"Feature","properties":{"id":"it_cn"},"geometry":{"type":"Polygon","coordinates":[[[7.502,43.792],[7.695,43.791],[7.96,43.853],[8.13,43.94],[8.233,44.104],[8.408,44.194],[8.466,44.304],[8.631,44.382],[8.827,44.428],[9.231,44.354],[9.511,44.215],[9.772,44.079],[9.845,44.109],[10.028,44.049],[10.057,44.094],[9.897,44.169],[9.852,44.253],[9.69,44.358],[9.599,44.427],[9.476,44.412],[9.491,44.551],[9.414,44.594],[9.203,44.614],[9.201,44.682],[9.141,44.816],[8.882,45.001],[8.669,45.025],[8.557,45.165],[8.405,45.205],[8.335,45.171],[8.152,45.169],[8.129,45.123],[8.029,45.133],[7.939,45.05],[7.891,44.9],[7.943,44.846],[7.753,44.815],[7.605,44.834],[7.495,44.764],[7.326,44.785],[7.039,44.712],[6.938,44.658],[6.839,44.503],[6.918,44.436],[6.878,44.355],[7.033,44.243],[7.381,44.123],[7.625,44.18],[7.688,44.091],[7.631,43.994],[7.478,43.866],[7.502,43.792]]]}},
        {"type":"Feature","properties":{"id":"it_cs"},"geometry":{"type":"Polygon","coordinates":[[[15.559,41.055],[15.544,40.944],[15.369,40.899],[15.344,40.821],[15.379,40.729],[15.489,40.654],[15.592,40.433],[15.706,40.374],[15.785,40.269],[15.694,40.162],[15.647,40.047],[15.746,39.925],[15.782,39.869],[15.806,39.696],[15.868,39.564],[15.995,39.439],[16.034,39.345],[16.097,39.05],[16.22,38.899],[16.214,38.81],[16.121,38.721],[16.003,38.725],[15.844,38.66],[15.914,38.506],[15.786,38.278],[15.651,38.241],[15.627,38.107],[15.666,37.967],[15.761,37.925],[16.09,37.949],[16.169,38.143],[16.34,38.301],[16.467,38.349],[16.573,38.467],[16.539,38.723],[16.611,38.817],[16.728,38.879],[16.892,38.93],[17.022,38.906],[17.128,38.929],[17.172,39.005],[17.125,39.091],[17.146,39.211],[17.122,39.338],[17.159,39.406],[17.019,39.479],[16.846,39.553],[16.75,39.62],[16.625,39.625],[16.516,39.69],[16.492,39.805],[16.632,39.966],[16.597,40.047],[16.64,40.119],[16.738,40.211],[16.863,40.391],[16.711,40.552],[16.716,40.715],[16.621,40.758],[16.498,40.758],[16.396,40.713],[16.245,40.838],[16.197,40.911],[16.119,40.904],[15.988,40.95],[16.031,41.017],[15.858,41.137],[15.771,41.105],[15.596,41.109],[15.559,41.055]]]}},
        {"type":"Feature","properties":{"id":"it_fg"},"geometry":{"type":"Polygon","coordinates":[[[15.559,41.055],[15.596,41.109],[15.771,41.105],[15.858,41.137],[16.031,41.017],[15.988,40.95],[16.119,40.904],[16.197,40.911],[16.245,40.838],[16.396,40.713],[16.498,40.758],[16.621,40.758],[16.716,40.715],[16.711,40.552],[16.863,40.391],[16.976,40.493],[17.05,40.519],[17.247,40.503],[17.213,40.406],[17.512,40.304],[17.764,40.293],[17.913,40.255],[17.926,40.176],[17.997,40.12],[18.007,39.986],[18.072,39.912],[18.211,39.839],[18.384,39.814],[18.434,40.023],[18.517,40.114],[18.437,40.268],[18.303,40.4],[18.099,40.518],[18.037,40.557],[18.007,40.651],[17.844,40.694],[17.748,40.748],[17.476,40.83],[17.392,40.894],[17.276,40.98],[17.057,41.082],[16.594,41.207],[16.544,41.235],[16.022,41.428],[15.972,41.454],[15.891,41.577],[15.925,41.64],[16.028,41.68],[16.193,41.791],[16.14,41.92],[16.027,41.944],[15.774,41.921],[15.611,41.928],[15.446,41.907],[15.144,41.931],[15.107,41.727],[15.018,41.62],[14.934,41.62],[14.935,41.526],[14.995,41.482],[15.094,41.43],[15.072,41.335],[15.143,41.275],[15.252,41.259],[15.209,41.149],[15.288,41.103],[15.412,41.104],[15.559,41.055]]]}},
        {"type":"Feature","properties":{"id":"it_gr"},"geometry":{"type":"MultiPolygon","coordinates":[[[[9.69,44.358],[9.852,44.253],[9.897,44.169],[10.057,44.094],[10.028,44.049],[10.143,43.975],[10.262,43.816],[10.293,43.579],[10.317,43.493],[10.437,43.389],[10.517,43.267],[10.547,43.147],[10.5,42.94],[10.705,42.941],[10.778,42.895],[10.731,42.804],[10.891,42.764],[10.99,42.71],[11.187,42.521],[11.164,42.44],[11.377,42.407],[11.451,42.374],[11.498,42.434],[11.59,42.442],[11.588,42.566],[11.671,42.577],[11.787,42.651],[11.808,42.738],[11.747,42.798],[11.889,42.85],[11.932,42.872],[11.978,43.046],[11.918,43.122],[11.953,43.174],[12.023,43.242],[12.158,43.263],[12.133,43.357],[12.037,43.417],[12.134,43.489],[12.205,43.617],[12.196,43.653],[12.358,43.723],[12.286,43.769],[12.102,43.759],[11.969,43.773],[11.716,43.879],[11.651,43.991],[11.72,44.132],[11.526,44.162],[11.392,44.232],[11.2,44.105],[11.048,44.092],[10.923,44.068],[10.816,44.114],[10.707,44.162],[10.611,44.126],[10.471,44.225],[10.351,44.275],[10.254,44.271],[10.136,44.342],[10.073,44.352],[9.936,44.47],[9.836,44.476],[9.69,44.358]]],[[[10.443,42.845],[10.4,42.869],[10.266,42.804],[10.112,42.801],[10.147,42.737],[10.338,42.765],[10.443,42.845]]]]}},
        {"type":"Feature","properties":{"id":"it_pa"},"geometry":{"type":"Polygon","coordinates":[[[12.894,37.573],[13.026,37.493],[13.174,37.487],[13.278,37.394],[13.453,37.299],[13.569,37.274],[13.683,37.189],[13.894,37.101],[14.039,37.114],[14.126,37.112],[14.335,37.001],[14.395,36.945],[14.487,36.793],[14.659,36.754],[14.781,36.699],[14.882,36.731],[15,36.702],[15.135,36.688],[15.094,36.8],[15.175,36.944],[15.329,37.028],[15.183,37.207],[15.217,37.285],[15.093,37.359],[15.097,37.494],[15.164,37.568],[15.26,37.808],[15.5,38.085],[15.584,38.24],[15.513,38.298],[15.4,38.233],[15.245,38.217],[15.088,38.128],[14.907,38.188],[14.734,38.158],[14.635,38.081],[14.512,38.044],[14.273,38.015],[14.18,38.026],[14.021,38.049],[13.791,37.974],[13.651,38.001],[13.514,38.111],[13.391,38.103],[13.31,38.22],[13.207,38.176],[13.101,38.19],[13.07,38.091],[12.976,38.044],[12.901,38.028],[12.725,38.126],[12.576,38.072],[12.504,38.011],[12.427,37.797],[12.489,37.683],[12.698,37.563],[12.894,37.573]]]}},
        {"type":"Feature","properties":{"id":"it_pg"},"geometry":{"type":"Polygon","coordinates":[[[12.286,43.769],[12.358,43.723],[12.196,43.653],[12.205,43.617],[12.134,43.489],[12.037,43.417],[12.133,43.357],[12.158,43.263],[12.023,43.242],[11.953,43.174],[11.918,43.122],[11.978,43.046],[11.932,42.872],[11.889,42.85],[11.974,42.756],[11.93,42.709],[12.034,42.646],[12.157,42.675],[12.236,42.648],[12.28,42.51],[12.452,42.421],[12.465,42.387],[12.528,42.37],[12.716,42.49],[12.88,42.565],[12.902,42.61],[13.154,42.645],[13.194,42.735],[13.338,42.688],[13.43,42.702],[13.53,42.807],[13.682,42.817],[13.713,42.86],[13.906,42.902],[13.853,43.067],[13.745,43.292],[13.647,43.475],[13.616,43.56],[13.253,43.703],[13.177,43.752],[12.947,43.898],[12.754,43.972],[12.731,43.882],[12.633,43.843],[12.483,43.929],[12.478,43.923],[12.464,43.9],[12.441,43.893],[12.421,43.895],[12.351,43.87],[12.286,43.769]]]}},
        {"type":"Feature","properties":{"id":"it_rm"},"geometry":{"type":"Polygon","coordinates":[[[11.889,42.85],[11.747,42.798],[11.808,42.738],[11.787,42.651],[11.671,42.577],[11.588,42.566],[11.59,42.442],[11.498,42.434],[11.451,42.374],[11.658,42.279],[11.74,42.16],[11.827,42.034],[11.917,42.038],[12.147,41.903],[12.239,41.736],[12.448,41.631],[12.619,41.459],[12.774,41.421],[12.894,41.399],[12.98,41.331],[13.045,41.228],[13.205,41.284],[13.324,41.295],[13.514,41.23],[13.594,41.253],[13.744,41.238],[13.873,41.335],[13.86,41.419],[13.962,41.471],[14.01,41.529],[13.946,41.688],[13.744,41.755],[13.647,41.811],[13.579,41.77],[13.405,41.832],[13.298,41.947],[13.028,42.032],[13.03,42.116],[13.099,42.174],[13.234,42.129],[13.317,42.197],[13.163,42.339],[13.178,42.4],[13.135,42.538],[13.186,42.587],[13.376,42.604],[13.338,42.688],[13.194,42.735],[13.154,42.645],[12.902,42.61],[12.88,42.565],[12.716,42.49],[12.528,42.37],[12.465,42.387],[12.452,42.421],[12.28,42.51],[12.236,42.648],[12.157,42.675],[12.034,42.646],[11.93,42.709],[11.974,42.756],[11.889,42.85]],[[12.453,41.904],[12.454,41.904],[12.454,41.903],[12.453,41.903],[12.453,41.904]]]}},
        {"type":"Feature","properties":{"id":"it_sa"},"geometry":{"type":"Polygon","coordinates":[[[13.946,41.688],[14.01,41.529],[13.962,41.471],[13.86,41.419],[13.873,41.335],[13.744,41.238],[13.852,41.147],[14.01,40.937],[14.052,40.838],[14.203,40.801],[14.294,40.839],[14.474,40.73],[14.471,40.625],[14.544,40.614],[14.752,40.677],[14.889,40.573],[14.998,40.398],[14.932,40.334],[14.911,40.242],[15.035,40.175],[15.127,40.17],[15.283,40.03],[15.41,39.994],[15.535,40.078],[15.647,40.047],[15.694,40.162],[15.785,40.269],[15.706,40.374],[15.592,40.433],[15.489,40.654],[15.379,40.729],[15.344,40.821],[15.369,40.899],[15.544,40.944],[15.559,41.055],[15.412,41.104],[15.288,41.103],[15.209,41.149],[15.252,41.259],[15.143,41.275],[15.072,41.335],[15.094,41.43],[14.995,41.482],[14.935,41.526],[14.934,41.62],[15.018,41.62],[15.107,41.727],[15.144,41.931],[14.994,42.011],[14.763,42.078],[14.744,42.013],[14.49,41.776],[14.433,41.837],[14.283,41.906],[14.229,41.877],[14.143,41.815],[14.175,41.76],[13.946,41.688]]]}},
        {"type":"Feature","properties":{"id":"it_to"},"geometry":{"type":"Polygon","coordinates":[[[7.022,45.925],[6.969,45.87],[6.801,45.826],[6.784,45.765],[6.843,45.683],[6.963,45.641],[6.983,45.511],[7.075,45.466],[7.161,45.411],[7.093,45.324],[7.062,45.219],[6.959,45.21],[6.844,45.13],[6.736,45.157],[6.629,45.124],[6.728,44.929],[6.866,44.856],[6.983,44.847],[7.039,44.712],[7.326,44.785],[7.495,44.764],[7.605,44.834],[7.753,44.815],[7.943,44.846],[7.891,44.9],[7.939,45.05],[8.029,45.133],[8.129,45.123],[8.152,45.169],[8.335,45.171],[8.405,45.205],[8.557,45.165],[8.513,45.313],[8.659,45.316],[8.832,45.408],[8.705,45.557],[8.565,45.799],[8.598,45.826],[8.593,45.918],[8.721,46.012],[8.729,46.108],[8.602,46.123],[8.427,46.251],[8.442,46.435],[8.386,46.45],[8.193,46.309],[8.077,46.262],[8.111,46.127],[8.018,46.081],[7.986,45.999],[7.85,45.94],[7.694,45.929],[7.541,45.984],[7.362,45.908],[7.184,45.88],[7.022,45.925]]]}},
        {"type":"Feature","properties":{"id":"it_ud"},"geometry":{"type":"Polygon","coordinates":[[[10.845,45.834],[10.644,45.61],[10.662,45.419],[10.706,45.329],[10.993,45.194],[11.077,45.099],[11.21,45.104],[11.196,45.063],[11.422,44.95],[11.606,44.899],[11.797,44.978],[11.991,44.984],[12.135,44.937],[12.272,44.936],[12.293,44.865],[12.393,44.793],[12.527,44.943],[12.376,45.039],[12.321,45.165],[12.199,45.275],[12.149,45.292],[12.209,45.309],[12.273,45.464],[12.442,45.53],[12.488,45.457],[12.781,45.554],[12.944,45.629],[13.096,45.652],[13.131,45.769],[13.423,45.724],[13.508,45.714],[13.583,45.787],[13.726,45.704],[13.796,45.617],[13.712,45.593],[13.868,45.602],[13.894,45.634],[13.779,45.743],[13.7,45.771],[13.589,45.806],[13.574,45.819],[13.599,45.912],[13.615,45.946],[13.601,45.985],[13.462,46.006],[13.523,46.075],[13.641,46.171],[13.627,46.182],[13.41,46.208],[13.396,46.307],[13.6,46.443],[13.686,46.464],[13.701,46.52],[13.478,46.564],[13.231,46.552],[13.065,46.598],[12.83,46.61],[12.748,46.641],[12.671,46.652],[12.47,46.676],[12.214,46.596],[12.099,46.668],[12.022,46.539],[11.832,46.504],[11.888,46.467],[11.804,46.345],[11.969,46.196],[11.896,46.133],[11.712,46.101],[11.685,45.984],[11.495,46.012],[11.279,45.919],[11.131,45.7],[10.877,45.716],[10.845,45.834]]]}},
        {"type":"Feature","properties":{"id":"je_x01"},"geometry":{"type":"Polygon","coordinates":[[[-2.083,49.26],[-2.242,49.248],[-2.169,49.178],[-2.025,49.171],[-2.083,49.26]]]}},
        {"type":"Feature","properties":{"id":"li_09"},"geometry":{"type":"Polygon","coordinates":[[[9.581,47.057],[9.588,47.063],[9.605,47.078],[9.614,47.111],[9.61,47.122],[9.567,47.161],[9.552,47.167],[9.552,47.176],[9.562,47.191],[9.554,47.212],[9.543,47.235],[9.534,47.251],[9.521,47.263],[9.497,47.229],[9.486,47.197],[9.496,47.156],[9.512,47.129],[9.503,47.095],[9.477,47.064],[9.533,47.056],[9.581,47.057]]]}},
        {"type":"Feature","properties":{"id":"lt_kl"},"geometry":{"type":"Polygon","coordinates":[[[22.578,56.387],[22.215,56.39],[22.094,56.417],[21.983,56.388],[21.965,56.384],[21.737,56.324],[21.485,56.266],[21.328,56.224],[21.19,56.084],[21.053,56.073],[21.045,55.874],[21.074,55.745],[21.141,55.688],[21.223,55.52],[21.268,55.249],[21.406,55.272],[21.504,55.194],[21.605,55.192],[21.751,55.128],[22.1,55.03],[22.27,55.07],[22.571,55.064],[22.644,55.057],[23.002,55.105],[23.32,55.071],[23.412,55.079],[23.477,55.215],[23.155,55.278],[23.009,55.261],[22.868,55.293],[22.803,55.384],[22.646,55.474],[22.457,55.678],[22.505,55.805],[22.698,55.949],[22.6,56.044],[22.375,56.164],[22.461,56.32],[22.578,56.387]]]}},
        {"type":"Feature","properties":{"id":"lt_ku"},"geometry":{"type":"Polygon","coordinates":[[[24.416,55.393],[24.35,55.442],[24.051,55.483],[23.867,55.569],[23.634,55.475],[23.325,55.567],[23.114,55.574],[23.021,55.516],[22.809,55.508],[22.646,55.474],[22.803,55.384],[22.868,55.293],[23.009,55.261],[23.155,55.278],[23.477,55.215],[23.412,55.079],[23.32,55.071],[23.002,55.105],[22.644,55.057],[22.571,55.064],[22.633,54.958],[22.809,54.894],[22.833,54.779],[22.725,54.723],[22.68,54.453],[22.767,54.356],[22.811,54.393],[22.973,54.375],[23.336,54.226],[23.347,54.304],[23.641,54.508],[23.756,54.47],[23.905,54.471],[23.987,54.535],[24.261,54.559],[24.413,54.544],[24.494,54.634],[24.482,54.701],[24.625,54.731],[24.656,54.817],[24.8,54.89],[24.549,54.988],[24.649,55.051],[24.537,55.12],[24.389,55.317],[24.416,55.393]]]}},
        {"type":"Feature","properties":{"id":"lt_sa"},"geometry":{"type":"Polygon","coordinates":[[[25.961,55.958],[25.795,56.04],[25.65,56.144],[25.349,56.16],[25.073,56.198],[24.871,56.443],[24.679,56.377],[24.573,56.31],[24.447,56.261],[24.288,56.296],[24.14,56.258],[23.981,56.312],[23.871,56.332],[23.378,56.355],[23.173,56.358],[23.017,56.324],[22.957,56.402],[22.86,56.397],[22.681,56.35],[22.578,56.387],[22.461,56.32],[22.375,56.164],[22.6,56.044],[22.698,55.949],[22.505,55.805],[22.457,55.678],[22.646,55.474],[22.809,55.508],[23.021,55.516],[23.114,55.574],[23.325,55.567],[23.634,55.475],[23.867,55.569],[24.051,55.483],[24.35,55.442],[24.416,55.393],[24.631,55.523],[24.718,55.672],[25.018,55.735],[25.122,55.692],[25.379,55.775],[25.488,55.724],[25.802,55.774],[25.961,55.958]]]}},
        {"type":"Feature","properties":{"id":"lt_vl"},"geometry":{"type":"Polygon","coordinates":[[[26.595,55.667],[26.28,55.743],[26.227,55.797],[26.179,55.85],[25.961,55.958],[25.802,55.774],[25.488,55.724],[25.379,55.775],[25.122,55.692],[25.018,55.735],[24.718,55.672],[24.631,55.523],[24.416,55.393],[24.389,55.317],[24.537,55.12],[24.649,55.051],[24.549,54.988],[24.8,54.89],[24.656,54.817],[24.625,54.731],[24.482,54.701],[24.494,54.634],[24.413,54.544],[24.261,54.559],[23.987,54.535],[23.905,54.471],[23.756,54.47],[23.641,54.508],[23.347,54.304],[23.336,54.226],[23.433,54.169],[23.496,54.022],[23.486,53.939],[23.643,53.899],[23.92,53.948],[24.201,53.952],[24.257,53.894],[24.378,53.887],[24.529,53.958],[24.821,54.02],[24.782,54.093],[24.851,54.145],[25.072,54.132],[25.194,54.244],[25.37,54.248],[25.472,54.297],[25.554,54.231],[25.493,54.158],[25.74,54.146],[25.787,54.232],[25.696,54.321],[25.53,54.346],[25.613,54.422],[25.646,54.52],[25.74,54.569],[25.71,54.676],[25.783,54.87],[25.908,54.948],[26.103,54.957],[26.17,54.993],[26.233,55.112],[26.309,55.145],[26.579,55.119],[26.74,55.243],[26.769,55.3],[26.445,55.338],[26.532,55.516],[26.596,55.568],[26.595,55.667]]]}},
        {"type":"Feature","properties":{"id":"lu_d"},"geometry":{"type":"Polygon","coordinates":[[[6.117,50.12],[6.023,50.151],[5.872,50.097],[5.813,49.978],[5.715,49.882],[5.738,49.789],[5.856,49.706],[5.885,49.644],[5.791,49.538],[5.928,49.482],[6.063,49.448],[6.136,49.495],[6.251,49.489],[6.345,49.455],[6.349,49.525],[6.351,49.567],[6.492,49.701],[6.5,49.794],[6.296,49.849],[6.154,49.951],[6.096,50.049],[6.117,50.12]]]}},
        {"type":"Feature","properties":{"id":"lv_047"},"geometry":{"type":"Polygon","coordinates":[[[28.149,56.142],[28.215,56.281],[28.168,56.427],[28.093,56.502],[27.997,56.604],[27.981,56.687],[27.865,56.743],[27.919,56.806],[27.786,56.871],[27.644,56.842],[27.746,57.031],[27.701,57.119],[27.824,57.159],[27.84,57.291],[27.694,57.356],[27.556,57.259],[27.487,57.274],[27.355,57.285],[27.157,57.226],[27.008,57.115],[26.86,56.983],[26.985,56.878],[26.953,56.847],[26.928,56.831],[26.773,56.681],[26.744,56.559],[26.628,56.544],[26.541,56.49],[26.363,56.451],[26.257,56.512],[26.089,56.406],[26.157,56.38],[26.194,56.226],[26.301,56.183],[26.345,56.093],[26.206,56.164],[26.026,56.079],[25.86,56.082],[25.795,56.04],[25.961,55.958],[26.179,55.85],[26.227,55.797],[26.28,55.743],[26.595,55.667],[26.823,55.706],[26.979,55.826],[27.111,55.836],[27.282,55.792],[27.593,55.794],[27.645,55.923],[27.76,55.975],[27.911,56.1],[28.051,56.141],[28.149,56.142]]]}},
        {"type":"Feature","properties":{"id":"lv_050"},"geometry":{"type":"Polygon","coordinates":[[[22.578,56.387],[22.681,56.35],[22.86,56.397],[22.727,56.425],[22.712,56.565],[22.798,56.568],[22.826,56.698],[22.789,56.804],[22.491,56.852],[22.455,56.917],[22.508,57.014],[22.636,57.016],[22.642,57.095],[22.931,57.145],[23.08,57.238],[23.113,57.265],[23.16,57.319],[23.031,57.394],[22.995,57.412],[22.656,57.586],[22.587,57.665],[22.484,57.742],[22.195,57.658],[21.956,57.593],[21.772,57.586],[21.622,57.473],[21.512,57.379],[21.421,57.289],[21.414,57.073],[21.328,56.974],[21.065,56.846],[21.046,56.656],[21.021,56.615],[21.053,56.511],[21.063,56.494],[21.036,56.474],[21.005,56.446],[20.971,56.26],[21.053,56.073],[21.19,56.084],[21.328,56.224],[21.485,56.266],[21.737,56.324],[21.965,56.384],[21.983,56.388],[22.094,56.417],[22.215,56.39],[22.578,56.387]]]}},
        {"type":"Feature","properties":{"id":"lv_054"},"geometry":{"type":"Polygon","coordinates":[[[24.827,57.982],[24.582,57.946],[24.306,57.868],[24.3,57.744],[24.358,57.685],[24.395,57.4],[24.405,57.348],[24.401,57.258],[24.331,57.2],[24.113,57.089],[23.927,57.006],[23.695,56.967],[23.579,56.982],[23.509,57.031],[23.34,57.059],[23.25,57.114],[23.16,57.319],[23.113,57.265],[23.08,57.238],[22.931,57.145],[22.642,57.095],[22.636,57.016],[22.508,57.014],[22.455,56.917],[22.491,56.852],[22.789,56.804],[22.826,56.698],[22.798,56.568],[22.712,56.565],[22.727,56.425],[22.86,56.397],[22.957,56.402],[23.017,56.324],[23.173,56.358],[23.378,56.355],[23.871,56.332],[23.981,56.312],[24.14,56.258],[24.288,56.296],[24.447,56.261],[24.573,56.31],[24.679,56.377],[24.871,56.443],[25.073,56.198],[25.349,56.16],[25.65,56.144],[25.795,56.04],[25.86,56.082],[26.026,56.079],[26.206,56.164],[26.345,56.093],[26.301,56.183],[26.194,56.226],[26.157,56.38],[26.089,56.406],[26.257,56.512],[26.363,56.451],[26.541,56.49],[26.628,56.544],[26.594,56.595],[26.376,56.636],[26.225,56.61],[26.131,56.654],[25.932,56.638],[25.834,56.712],[25.765,56.828],[25.692,56.77],[25.505,56.813],[25.532,56.933],[25.488,56.994],[25.234,56.934],[25.143,56.951],[25.148,56.989],[25.112,57.11],[24.987,57.125],[24.9,57.219],[24.933,57.246],[24.832,57.396],[25.08,57.5],[24.916,57.556],[24.881,57.625],[25.094,57.653],[25.099,57.736],[25.017,57.796],[24.896,57.831],[24.827,57.982]]]}},
        {"type":"Feature","properties":{"id":"lv_059"},"geometry":{"type":"Polygon","coordinates":[[[24.827,57.982],[24.896,57.831],[25.017,57.796],[25.099,57.736],[25.094,57.653],[24.881,57.625],[24.916,57.556],[25.08,57.5],[24.832,57.396],[24.933,57.246],[24.9,57.219],[24.987,57.125],[25.112,57.11],[25.148,56.989],[25.143,56.951],[25.234,56.934],[25.488,56.994],[25.532,56.933],[25.505,56.813],[25.692,56.77],[25.765,56.828],[25.834,56.712],[25.932,56.638],[26.131,56.654],[26.225,56.61],[26.376,56.636],[26.594,56.595],[26.628,56.544],[26.744,56.559],[26.773,56.681],[26.928,56.831],[26.953,56.847],[26.985,56.878],[26.86,56.983],[27.008,57.115],[27.157,57.226],[27.355,57.285],[27.487,57.274],[27.556,57.259],[27.694,57.356],[27.511,57.43],[27.528,57.528],[27.353,57.528],[27.062,57.556],[26.947,57.615],[26.796,57.571],[26.5,57.516],[26.431,57.562],[26.351,57.58],[26.025,57.774],[26.003,57.846],[25.793,57.856],[25.704,57.921],[25.552,57.95],[25.42,58.008],[25.318,58.041],[25.202,57.992],[25.094,58.067],[25.035,58.049],[24.827,57.982]]]}},
        {"type":"Feature","properties":{"id":"mc_x01"},"geometry":{"type":"Polygon","coordinates":[[[7.366,43.723],[7.437,43.743],[7.407,43.764],[7.366,43.723]]]}},
        {"type":"Feature","properties":{"id":"md_fa"},"geometry":{"type":"Polygon","coordinates":[[[27.431,47.573],[27.473,47.492],[27.563,47.468],[27.589,47.367],[27.7,47.42],[27.903,47.432],[27.976,47.463],[28.151,47.458],[28.226,47.419],[28.521,47.418],[28.582,47.494],[28.709,47.555],[28.793,47.533],[28.905,47.599],[29.027,47.529],[29.108,47.469],[29.137,47.484],[29.239,47.756],[29.124,47.976],[28.936,47.942],[28.862,48.001],[28.799,48.112],[28.574,48.155],[28.5,48.109],[28.294,48.236],[28.2,48.212],[28.003,48.326],[27.885,48.378],[27.752,48.452],[27.504,48.472],[27.342,48.436],[27.252,48.378],[27.176,48.362],[27.026,48.397],[26.943,48.351],[26.843,48.394],[26.618,48.259],[26.805,48.258],[26.938,48.205],[27.048,48.121],[27.178,47.942],[27.219,47.814],[27.288,47.751],[27.272,47.715],[27.429,47.578],[27.431,47.573]]]}},
        {"type":"Feature","properties":{"id":"md_ga"},"geometry":{"type":"Polygon","coordinates":[[[27.589,47.367],[27.723,47.283],[27.807,47.145],[28.038,47.015],[28.105,46.92],[28.123,46.842],[28.245,46.631],[28.227,46.396],[28.111,46.226],[28.111,46.101],[28.108,46.096],[28.086,46.001],[28.155,45.762],[28.141,45.56],[28.199,45.462],[28.27,45.521],[28.481,45.502],[28.504,45.566],[28.474,45.658],[28.564,45.735],[28.738,45.838],[28.758,45.961],[28.932,45.993],[28.984,46.221],[28.919,46.405],[29.056,46.499],[29.183,46.538],[29.201,46.357],[29.375,46.416],[29.457,46.484],[29.475,46.432],[29.599,46.363],[29.727,46.456],[29.848,46.341],[29.919,46.374],[30.081,46.374],[30.06,46.437],[29.899,46.553],[29.953,46.725],[29.931,46.803],[29.754,46.858],[29.561,46.961],[29.603,47.046],[29.53,47.124],[29.557,47.324],[29.371,47.304],[29.359,47.353],[29.137,47.484],[29.108,47.469],[29.027,47.529],[28.905,47.599],[28.793,47.533],[28.709,47.555],[28.582,47.494],[28.521,47.418],[28.226,47.419],[28.151,47.458],[27.976,47.463],[27.903,47.432],[27.7,47.42],[27.589,47.367]]]}},
        {"type":"Feature","properties":{"id":"me_12"},"geometry":{"type":"Polygon","coordinates":[[[20.065,42.547],[20.104,42.653],[20.037,42.707],[20.056,42.764],[20.183,42.743],[20.226,42.807],[20.319,42.824],[20.345,42.827],[20.337,42.907],[20.129,42.974],[20.056,43.021],[20.054,43.022],[19.929,43.114],[19.805,43.09],[19.714,43.166],[19.548,43.219],[19.356,43.393],[19.218,43.438],[19.195,43.533],[18.911,43.507],[19.01,43.411],[19.023,43.297],[18.99,43.272],[18.899,43.352],[18.664,43.233],[18.621,43.125],[18.639,43.02],[18.453,42.993],[18.467,42.769],[18.54,42.695],[18.543,42.626],[18.507,42.598],[18.437,42.559],[18.496,42.416],[18.654,42.452],[18.686,42.477],[18.645,42.418],[18.659,42.387],[18.694,42.358],[18.789,42.276],[18.872,42.29],[18.971,42.183],[19.049,42.14],[19.141,42.02],[19.17,41.938],[19.365,41.852],[19.346,41.962],[19.37,42.107],[19.283,42.198],[19.518,42.458],[19.658,42.635],[19.747,42.589],[19.752,42.493],[19.829,42.469],[20.065,42.547]]]}},
        {"type":"Feature","properties":{"id":"mk_62"},"geometry":{"type":"Polygon","coordinates":[[[20.654,41.075],[20.664,41.059],[20.703,40.936],[20.837,40.924],[20.94,40.907],[20.965,40.849],[21.246,40.863],[21.429,40.909],[21.506,40.901],[21.582,40.866],[21.685,40.928],[21.757,40.923],[21.896,41.065],[21.926,41.107],[22.103,41.122],[22.214,41.161],[22.422,41.115],[22.587,41.124],[22.657,41.177],[22.727,41.166],[22.742,41.287],[22.762,41.323],[22.797,41.337],[22.917,41.336],[22.944,41.523],[22.941,41.638],[22.985,41.677],[22.882,41.872],[22.846,42.007],[22.627,42.079],[22.507,42.149],[22.345,42.313],[22.26,42.369],[22.138,42.319],[22.045,42.302],[21.942,42.333],[21.72,42.261],[21.677,42.235],[21.564,42.246],[21.482,42.248],[21.472,42.239],[21.361,42.22],[21.301,42.098],[21.246,42.096],[21.229,42.104],[21.098,42.196],[21.041,42.16],[20.975,42.135],[20.904,42.117],[20.785,42.082],[20.751,41.94],[20.751,41.91],[20.714,41.859],[20.567,41.873],[20.541,41.845],[20.55,41.8],[20.5,41.734],[20.535,41.587],[20.444,41.55],[20.482,41.468],[20.539,41.403],[20.478,41.322],[20.495,41.25],[20.513,41.21],[20.597,41.086],[20.654,41.075]]]}},
        {"type":"Feature","properties":{"id":"mt_30"},"geometry":{"type":"MultiPolygon","coordinates":[[[[14.525,35.898],[14.514,35.901],[14.51,35.925],[14.501,35.93],[14.465,35.947],[14.438,35.963],[14.406,35.968],[14.341,35.926],[14.343,35.9],[14.365,35.864],[14.389,35.84],[14.429,35.823],[14.454,35.816],[14.498,35.809],[14.54,35.829],[14.566,35.842],[14.561,35.873],[14.556,35.879],[14.548,35.89],[14.525,35.898]]],[[[14.195,36.029],[14.21,36.023],[14.233,36.017],[14.274,36.016],[14.3,36.025],[14.32,36.046],[14.289,36.064],[14.272,36.071],[14.234,36.073],[14.213,36.07],[14.184,36.065],[14.195,36.029]]]]}},
        {"type":"Feature","properties":{"id":"nl_fr"},"geometry":{"type":"Polygon","coordinates":[[[7.195,53.245],[6.901,53.352],[6.867,53.434],[6.73,53.461],[6.346,53.413],[6.186,53.411],[5.981,53.406],[5.592,53.303],[5.447,53.221],[5.379,53.097],[5.18,53.009],[5.26,52.865],[5.37,52.79],[5.558,52.793],[5.74,52.839],[5.785,52.804],[6.129,52.853],[6.207,52.797],[6.165,52.693],[6.321,52.668],[6.383,52.62],[6.624,52.672],[6.719,52.627],[7.037,52.647],[7.072,52.841],[7.184,52.966],[7.195,53.245]]]}},
        {"type":"Feature","properties":{"id":"nl_ge"},"geometry":{"type":"MultiPolygon","coordinates":[[[[6.719,52.627],[6.624,52.672],[6.383,52.62],[6.321,52.668],[6.165,52.693],[6.207,52.797],[6.129,52.853],[5.785,52.804],[5.74,52.839],[5.558,52.793],[5.37,52.79],[5.26,52.865],[5.18,53.009],[4.913,52.906],[4.745,52.968],[4.669,52.797],[4.597,52.507],[4.508,52.336],[4.285,52.113],[4.142,52.006],[4.01,51.98],[4.034,51.784],[4.111,51.647],[4.198,51.638],[4.334,51.657],[4.403,51.708],[4.676,51.719],[4.79,51.803],[5.009,51.825],[5.135,51.735],[5.318,51.747],[5.381,51.812],[5.643,51.824],[5.76,51.763],[5.863,51.759],[5.946,51.746],[5.928,51.807],[6.043,51.847],[6.225,51.863],[6.382,51.828],[6.529,51.876],[6.717,51.899],[6.804,51.984],[6.675,52.035],[6.772,52.109],[6.831,52.113],[7.027,52.239],[7.048,52.365],[6.9,52.432],[6.695,52.476],[6.719,52.627]]],[[[4.893,53.111],[4.714,53.055],[4.796,53],[4.893,53.111]]]]}},
        {"type":"Feature","properties":{"id":"nl_nb"},"geometry":{"type":"MultiPolygon","coordinates":[[[[4.221,51.368],[3.956,51.372],[3.756,51.35],[3.541,51.417],[3.349,51.375],[3.399,51.245],[3.635,51.288],[3.927,51.206],[4.119,51.272],[4.221,51.368]]],[[[5.995,50.75],[6.064,50.908],[5.983,51.075],[6.132,51.14],[6.065,51.232],[6.184,51.336],[6.193,51.509],[6.086,51.596],[6.099,51.644],[5.946,51.746],[5.863,51.759],[5.76,51.763],[5.643,51.824],[5.381,51.812],[5.318,51.747],[5.135,51.735],[5.009,51.825],[4.79,51.803],[4.676,51.719],[4.403,51.708],[4.334,51.657],[4.198,51.638],[4.111,51.647],[4.186,51.617],[4.207,51.591],[4.23,51.52],[4.264,51.444],[4.129,51.441],[4.057,51.508],[3.829,51.613],[3.56,51.595],[3.458,51.555],[3.535,51.459],[3.69,51.454],[3.827,51.391],[3.943,51.45],[4.261,51.369],[4.281,51.369],[4.377,51.443],[4.525,51.476],[4.654,51.426],[4.731,51.486],[4.91,51.392],[5.012,51.474],[5.123,51.313],[5.239,51.257],[5.472,51.288],[5.551,51.217],[5.841,51.139],[5.722,50.959],[5.622,50.853],[5.657,50.808],[5.733,50.759],[5.891,50.751],[5.995,50.75]]],[[[4.037,51.686],[3.94,51.741],[3.796,51.7],[3.978,51.623],[4.037,51.686]]]]}},
        {"type":"Feature","properties":{"id":"no_04"},"geometry":{"type":"Polygon","coordinates":[[[12.28,62.344],[12.171,62.333],[11.823,62.386],[11.541,62.407],[11.235,62.569],[11.169,62.666],[10.897,62.708],[10.753,62.67],[10.286,62.707],[10.157,62.655],[10.075,62.511],[10.105,62.443],[9.864,62.361],[9.783,62.286],[9.659,62.17],[9.889,62.085],[9.808,62.018],[9.812,61.93],[10.086,61.904],[10.058,61.756],[10.4,61.683],[10.626,61.707],[10.688,61.48],[10.854,61.281],[10.459,61.037],[10.73,60.884],[10.727,60.804],[11.164,60.623],[11.243,60.513],[11.583,60.28],[11.58,60.19],[11.84,60.062],[11.875,59.885],[12.144,59.898],[12.447,60.051],[12.511,60.118],[12.487,60.296],[12.594,60.395],[12.594,60.515],[12.377,60.754],[12.256,60.981],[12.281,61.015],[12.711,61.057],[12.82,61.205],[12.877,61.371],[12.614,61.547],[12.416,61.582],[12.162,61.725],[12.317,62.234],[12.315,62.272],[12.28,62.344]]]}},
        {"type":"Feature","properties":{"id":"no_05"},"geometry":{"type":"Polygon","coordinates":[[[9.091,62.38],[8.409,62.379],[8.145,62.341],[8.022,62.21],[7.728,62.195],[7.57,62.088],[7.328,62.05],[7.405,62.004],[7.394,61.878],[7.52,61.754],[7.838,61.752],[8.005,61.57],[8.204,61.524],[8.165,61.436],[8.204,61.337],[8.055,61.24],[8.198,61.072],[8.569,61.017],[8.632,60.964],[8.893,60.913],[9.326,60.753],[9.41,60.585],[9.606,60.561],[9.808,60.579],[10.044,60.655],[10.168,60.532],[10.237,60.378],[10.398,60.236],[10.624,60.155],[10.68,60.153],[10.754,60.168],[10.92,60.374],[10.809,60.437],[10.862,60.49],[11.095,60.532],[11.164,60.623],[10.727,60.804],[10.73,60.884],[10.459,61.037],[10.854,61.281],[10.688,61.48],[10.626,61.707],[10.4,61.683],[10.058,61.756],[10.086,61.904],[9.812,61.93],[9.808,62.018],[9.889,62.085],[9.659,62.17],[9.783,62.286],[9.597,62.274],[9.091,62.38]]]}},
        {"type":"Feature","properties":{"id":"no_06"},"geometry":{"type":"Polygon","coordinates":[[[11.164,60.623],[11.095,60.532],[10.862,60.49],[10.809,60.437],[10.92,60.374],[10.754,60.168],[10.68,60.153],[10.624,60.155],[10.398,60.236],[10.237,60.378],[10.168,60.532],[10.044,60.655],[9.808,60.579],[9.606,60.561],[9.41,60.585],[9.326,60.753],[8.893,60.913],[8.632,60.964],[8.569,61.017],[8.198,61.072],[8.194,61.023],[8.037,60.933],[7.874,60.93],[7.738,60.86],[7.68,60.78],[7.478,60.702],[7.589,60.66],[7.669,60.547],[7.669,60.348],[7.468,60.114],[7.624,60.146],[7.823,60.128],[8.171,60.198],[8.807,60.17],[8.959,60.105],[8.997,60.017],[9.201,59.915],[9.203,59.85],[9.36,59.808],[9.358,59.727],[9.446,59.65],[9.493,59.515],[9.783,59.432],[9.787,59.337],[9.884,59.204],[9.827,59.018],[9.846,58.956],[10.282,59.1],[10.459,59.441],[10.331,59.495],[10.391,59.638],[10.283,59.696],[10.403,59.683],[10.424,59.534],[10.593,59.57],[10.487,59.803],[10.529,59.882],[10.74,59.895],[10.757,59.844],[10.615,59.834],[10.56,59.726],[10.656,59.595],[10.688,59.484],[10.643,59.375],[10.733,59.241],[10.85,59.18],[11.091,59.128],[11.37,59.101],[11.438,58.992],[11.452,58.896],[11.664,58.92],[11.811,59.249],[11.784,59.361],[11.677,59.559],[11.694,59.622],[11.892,59.706],[11.884,59.805],[11.875,59.885],[11.84,60.062],[11.58,60.19],[11.583,60.28],[11.243,60.513],[11.164,60.623]]]}},
        {"type":"Feature","properties":{"id":"no_08"},"geometry":{"type":"Polygon","coordinates":[[[7.468,60.114],[7.391,60.027],[7.262,59.989],[7.092,59.794],[7.244,59.691],[7.462,59.666],[7.531,59.549],[7.614,59.506],[7.527,59.427],[7.726,59.319],[7.763,59.171],[7.968,59.003],[8.168,59.001],[8.454,58.92],[8.579,58.941],[8.761,58.857],[8.847,59.003],[8.991,59.01],[9.202,58.868],[9.207,58.818],[9.387,58.785],[9.428,58.893],[9.827,59.018],[9.884,59.204],[9.787,59.337],[9.783,59.432],[9.493,59.515],[9.446,59.65],[9.358,59.727],[9.36,59.808],[9.203,59.85],[9.201,59.915],[8.997,60.017],[8.959,60.105],[8.807,60.17],[8.171,60.198],[7.823,60.128],[7.624,60.146],[7.468,60.114]]]}},
        {"type":"Feature","properties":{"id":"no_09"},"geometry":{"type":"MultiPolygon","coordinates":[[[[7.092,59.794],[6.976,59.792],[6.703,59.713],[6.669,59.846],[6.529,59.859],[6.296,59.787],[6.171,59.616],[5.944,59.617],[5.529,59.558],[5.408,59.516],[5.19,59.48],[5.297,59.345],[5.475,59.279],[5.646,59.334],[5.86,59.351],[5.748,59.446],[5.834,59.516],[6.03,59.375],[6.112,59.275],[6.009,59.149],[5.873,59.087],[5.934,59.018],[5.882,58.959],[5.626,58.926],[5.531,58.869],[5.478,58.755],[5.572,58.628],[5.704,58.521],[5.928,58.484],[5.978,58.414],[6.14,58.34],[6.398,58.273],[6.626,58.245],[6.542,58.108],[6.874,58.135],[6.999,58.031],[7.156,58.05],[7.391,58.018],[7.615,58.022],[7.654,58.065],[7.916,58.082],[8.007,58.144],[8.123,58.102],[8.225,58.157],[8.354,58.245],[8.513,58.293],[9.201,58.672],[9.387,58.785],[9.207,58.818],[9.202,58.868],[8.991,59.01],[8.847,59.003],[8.761,58.857],[8.579,58.941],[8.454,58.92],[8.168,59.001],[7.968,59.003],[7.763,59.171],[7.726,59.319],[7.527,59.427],[7.614,59.506],[7.531,59.549],[7.462,59.666],[7.244,59.691],[7.092,59.794]]],[[[5.277,59.299],[5.166,59.196],[5.297,59.169],[5.277,59.299]]]]}},
        {"type":"Feature","properties":{"id":"no_12"},"geometry":{"type":"MultiPolygon","coordinates":[[[[7.478,60.702],[6.984,60.749],[6.817,60.926],[6.654,60.972],[6.27,60.918],[6.002,61.032],[5.864,60.975],[5.63,60.991],[5.504,60.95],[5.269,60.955],[5.164,60.924],[5.105,60.837],[5.033,60.742],[5.098,60.649],[5.3,60.561],[5.527,60.629],[5.523,60.687],[5.739,60.705],[5.708,60.471],[5.618,60.417],[5.238,60.489],[5.266,60.387],[5.171,60.279],[5.304,60.191],[5.729,60.132],[5.681,60.04],[5.856,60.024],[5.853,60.137],[5.969,60.217],[6.105,60.245],[6.192,60.383],[6.352,60.368],[6.142,60.215],[6.098,60.092],[5.948,59.998],[5.772,59.931],[5.715,59.832],[5.832,59.772],[5.746,59.676],[5.564,59.677],[5.529,59.558],[5.944,59.617],[6.171,59.616],[6.296,59.787],[6.529,59.859],[6.669,59.846],[6.703,59.713],[6.976,59.792],[7.092,59.794],[7.262,59.989],[7.391,60.027],[7.468,60.114],[7.669,60.348],[7.669,60.547],[7.589,60.66],[7.478,60.702]]],[[[5.408,59.516],[5.486,59.57],[5.502,59.71],[5.304,59.628],[5.19,59.48],[5.408,59.516]]],[[[5.307,59.759],[5.168,59.85],[5.076,59.766],[5.307,59.759]]],[[[5.489,59.861],[5.421,59.938],[5.25,59.909],[5.31,59.795],[5.422,59.759],[5.489,59.861]]],[[[5.619,60.074],[5.375,60.003],[5.572,59.923],[5.653,60.001],[5.619,60.074]]],[[[5.688,60.677],[5.324,60.547],[5.486,60.444],[5.681,60.482],[5.688,60.677]]]]}},
        {"type":"Feature","properties":{"id":"no_14"},"geometry":{"type":"MultiPolygon","coordinates":[[[[8.198,61.072],[8.055,61.24],[8.204,61.337],[8.165,61.436],[8.204,61.524],[8.005,61.57],[7.838,61.752],[7.52,61.754],[7.394,61.878],[7.405,62.004],[7.328,62.05],[6.805,61.973],[6.67,62.078],[6.36,61.98],[6.213,62.007],[6.073,61.974],[5.927,62],[5.574,61.963],[5.462,62.007],[5.182,62.213],[5.071,62.164],[5.298,62.068],[5.239,61.961],[5.363,61.905],[5.244,61.817],[4.974,61.739],[4.993,61.63],[5.229,61.629],[5.331,61.561],[5.29,61.48],[5.057,61.444],[4.999,61.377],[5.095,61.307],[4.964,61.266],[5.125,61.145],[5.424,61.08],[5.557,61.136],[5.941,61.17],[6.434,61.115],[6.558,61.225],[7.01,61.129],[7.23,61.184],[7.304,61.13],[7,61.093],[6.787,61.15],[6.566,61.119],[6.383,61.046],[6.098,61.122],[5.893,61.122],[5.527,61.075],[5.434,61.027],[5.069,61.074],[5.004,61.016],[5.047,60.844],[5.105,60.837],[5.164,60.924],[5.269,60.955],[5.504,60.95],[5.63,60.991],[5.864,60.975],[6.002,61.032],[6.27,60.918],[6.654,60.972],[6.817,60.926],[6.984,60.749],[7.478,60.702],[7.68,60.78],[7.738,60.86],[7.874,60.93],[8.037,60.933],[8.194,61.023],[8.198,61.072]]],[[[4.865,61.889],[4.916,61.781],[5.223,61.848],[4.865,61.889]]]]}},
        {"type":"Feature","properties":{"id":"no_15"},"geometry":{"type":"MultiPolygon","coordinates":[[[[8.85,63.203],[8.609,63.181],[8.625,63.128],[8.236,63.151],[8.223,63.033],[8.355,63.008],[8.48,62.907],[8.329,62.881],[8.247,63.008],[7.997,63.092],[7.748,62.942],[7.668,62.979],[7.501,62.911],[7.271,63.014],[6.91,62.929],[7.017,62.842],[6.97,62.726],[7.313,62.744],[7.418,62.633],[7.365,62.593],[7.092,62.651],[6.777,62.65],[6.622,62.589],[6.32,62.609],[6.263,62.527],[6.305,62.459],[6.5,62.399],[6.028,62.306],[5.929,62.199],[5.622,62.165],[5.431,62.186],[5.392,62.133],[5.536,62.079],[5.462,62.007],[5.574,61.963],[5.927,62],[6.073,61.974],[6.213,62.007],[6.36,61.98],[6.67,62.078],[6.805,61.973],[7.328,62.05],[7.57,62.088],[7.728,62.195],[8.022,62.21],[8.145,62.341],[8.409,62.379],[9.091,62.38],[9.167,62.419],[9.231,62.572],[8.941,62.714],[8.948,62.742],[9.416,62.833],[9.442,62.938],[9.581,63.02],[9.49,63.053],[9.467,63.192],[9.279,63.211],[9.206,63.141],[8.859,63.138],[8.85,63.203]]],[[[8.786,63.43],[8.738,63.335],[8.515,63.306],[8.612,63.204],[8.869,63.21],[8.915,63.356],[8.786,63.43]]],[[[5.736,62.28],[5.563,62.291],[5.547,62.193],[5.778,62.207],[5.736,62.28]]],[[[5.989,62.396],[5.804,62.362],[5.874,62.255],[6.066,62.348],[5.989,62.396]]],[[[7.64,63.055],[7.424,63.061],[7.393,62.98],[7.527,62.946],[7.706,63.007],[7.64,63.055]]],[[[7.915,63.342],[8.087,63.329],[8.182,63.39],[8.004,63.473],[7.778,63.411],[7.915,63.342]]]]}},
        {"type":"Feature","properties":{"id":"no_16"},"geometry":{"type":"MultiPolygon","coordinates":[[[[12.06,63.205],[11.642,63.197],[11.459,63.337],[10.963,63.349],[10.876,63.446],[10.577,63.431],[10.3,63.467],[9.961,63.428],[9.806,63.514],[9.699,63.644],[9.517,63.604],[9.417,63.525],[9.244,63.514],[9.168,63.402],[8.786,63.43],[8.915,63.356],[8.869,63.21],[8.85,63.203],[8.859,63.138],[9.206,63.141],[9.279,63.211],[9.467,63.192],[9.49,63.053],[9.581,63.02],[9.442,62.938],[9.416,62.833],[8.948,62.742],[8.941,62.714],[9.231,62.572],[9.167,62.419],[9.091,62.38],[9.597,62.274],[9.783,62.286],[9.864,62.361],[10.105,62.443],[10.075,62.511],[10.157,62.655],[10.286,62.707],[10.753,62.67],[10.897,62.708],[11.169,62.666],[11.235,62.569],[11.541,62.407],[11.823,62.386],[12.171,62.333],[12.28,62.344],[12.091,62.586],[12.156,62.734],[12.104,62.923],[12.223,63.001],[12.06,63.205]]],[[[10.625,64.405],[10.45,64.35],[10.463,64.294],[10.014,64.119],[9.994,63.929],[9.546,63.774],[9.587,63.671],[10.03,63.784],[10,63.724],[9.799,63.692],[9.918,63.515],[10.198,63.542],[10.24,63.655],[10.482,63.738],[10.642,63.898],[10.782,63.955],[10.917,64.106],[10.812,64.144],[10.964,64.294],[10.625,64.405]]],[[[9.139,63.568],[8.988,63.593],[8.965,63.656],[8.545,63.602],[8.317,63.513],[8.504,63.434],[8.718,63.484],[9.107,63.533],[9.139,63.568]]],[[[8.36,63.671],[8.743,63.688],[8.805,63.791],[8.36,63.671]]]]}},
        {"type":"Feature","properties":{"id":"no_17"},"geometry":{"type":"Polygon","coordinates":[[[12.202,64.999],[12.176,65.011],[12.045,65.06],[11.776,64.977],[11.401,64.922],[11.245,64.858],[11.346,64.805],[11.622,64.843],[11.402,64.663],[11.521,64.518],[11.362,64.411],[11.076,64.524],[10.797,64.432],[10.625,64.405],[10.964,64.294],[10.812,64.144],[10.917,64.106],[10.782,63.955],[10.642,63.898],[10.482,63.738],[10.24,63.655],[10.198,63.542],[10.416,63.579],[10.643,63.678],[10.91,63.731],[11.056,63.861],[10.963,63.948],[11.262,64.036],[11.223,63.945],[11.096,63.89],[11.415,63.85],[11.464,63.802],[11.033,63.719],[10.756,63.625],[10.778,63.487],[10.876,63.446],[10.963,63.349],[11.459,63.337],[11.642,63.197],[12.06,63.205],[11.992,63.289],[12.205,63.455],[12.17,63.598],[12.293,63.657],[12.682,63.956],[12.982,64.059],[13.234,64.091],[13.939,64.01],[14.161,64.205],[14.116,64.441],[13.643,64.584],[14.332,65.114],[14.227,65.132],[13.678,65.106],[13.158,65.12],[12.896,64.979],[12.625,64.95],[12.202,64.999]]]}},
        {"type":"Feature","properties":{"id":"no_18"},"geometry":{"type":"MultiPolygon","coordinates":[[[[16.581,68.534],[16.535,68.438],[16.172,68.318],[16.172,68.204],[16.32,68.126],[16.365,68.03],[16.275,67.975],[16.042,68.03],[16.104,68.16],[15.71,68.085],[15.969,68.009],[15.789,67.951],[15.302,67.89],[15.063,67.839],[15.041,67.678],[15.196,67.645],[15.267,67.524],[14.99,67.571],[14.727,67.489],[14.8,67.422],[14.602,67.377],[14.407,67.278],[14.674,67.217],[15.138,67.311],[15.283,67.247],[15.095,67.213],[14.781,67.214],[14.363,67.16],[14.223,66.982],[13.917,66.929],[13.59,66.938],[13.688,66.835],[13.48,66.675],[13.284,66.661],[13.205,66.556],[13.082,66.498],[13.171,66.412],[13,66.357],[13.227,66.297],[13.225,66.186],[12.869,66.134],[12.712,66.042],[12.952,66.036],[12.917,65.953],[12.682,65.927],[12.66,65.81],[12.349,65.638],[12.404,65.535],[12.597,65.489],[12.602,65.432],[12.342,65.303],[12.503,65.145],[12.193,65.05],[12.202,64.999],[12.625,64.95],[12.896,64.979],[13.158,65.12],[13.678,65.106],[14.227,65.132],[14.332,65.114],[14.333,65.115],[14.4,65.255],[14.514,65.318],[14.51,65.465],[14.561,65.701],[14.644,65.843],[14.541,66.125],[15.053,66.153],[15.482,66.275],[15.476,66.355],[15.426,66.491],[15.669,66.599],[16.039,66.888],[16.416,67.053],[16.438,67.2],[16.127,67.423],[16.2,67.508],[16.483,67.558],[16.609,67.647],[16.808,67.911],[17.22,68.04],[17.321,68.105],[17.895,67.97],[18.167,68.158],[18.136,68.396],[18.189,68.538],[18.037,68.62],[17.568,68.608],[17.37,68.576],[16.885,68.567],[16.581,68.534]]],[[[15.908,68.958],[15.677,68.963],[15.459,68.796],[15.514,68.636],[15.239,68.564],[15.268,68.461],[15.217,68.335],[15.691,68.343],[15.904,68.37],[16.094,68.534],[16.496,68.579],[16.246,68.629],[15.872,68.55],[15.641,68.537],[15.775,68.674],[15.725,68.733],[15.881,68.877],[15.908,68.958]]],[[[14.028,68.263],[13.637,68.294],[13.5,68.242],[13.486,68.107],[13.719,68.078],[14.028,68.263]]],[[[12.451,65.426],[12.325,65.532],[12.197,65.474],[12.188,65.355],[12.248,65.28],[12.492,65.388],[12.451,65.426]]],[[[12.005,65.69],[11.824,65.693],[11.759,65.618],[11.927,65.596],[12.005,65.69]]],[[[13.055,68.098],[12.842,67.879],[13.014,67.879],[13.131,67.953],[13.055,68.098]]],[[[15,68.365],[15.172,68.454],[14.653,68.429],[14.303,68.312],[14.198,68.153],[14.763,68.259],[15,68.365]]],[[[16.423,68.492],[16.192,68.515],[16.095,68.398],[16.399,68.413],[16.423,68.492]]],[[[14.397,68.66],[14.617,68.626],[15.069,68.749],[15.165,68.701],[14.816,68.638],[15.063,68.579],[15.336,68.653],[15.394,68.731],[15.295,68.907],[15.168,68.988],[15.008,68.981],[15.05,68.853],[14.72,68.763],[14.438,68.756],[14.397,68.66]]],[[[15.529,68.914],[15.632,68.987],[15.848,69.029],[16.061,69.145],[16.15,69.291],[15.865,69.249],[15.791,69.161],[15.57,69.106],[15.46,69.013],[15.529,68.914]]],[[[-7.963,71.175],[-8.326,71.148],[-8.507,71.021],[-9.117,70.875],[-9.02,70.807],[-8.697,70.938],[-8.401,70.963],[-8.006,71.033],[-7.963,71.175]]]]}},
        {"type":"Feature","properties":{"id":"no_19"},"geometry":{"type":"MultiPolygon","coordinates":[[[[20.623,69.036],[20.744,69.104],[21.033,69.041],[21.156,69.088],[21.034,69.181],[21.314,69.291],[21.663,69.263],[21.946,69.066],[22.441,69.09],[22.586,69.162],[22.591,69.231],[22.35,69.404],[22.352,69.477],[22.762,69.513],[22.933,69.64],[22.664,69.686],[22.526,69.8],[22.565,69.91],[22.321,69.952],[22.112,70.158],[21.86,70.104],[21.648,70.181],[21.234,70.224],[21.513,70.092],[21.839,70.092],[21.94,69.986],[21.905,69.825],[21.579,69.928],[21.558,69.989],[21.253,70.003],[21.17,69.876],[20.894,69.853],[20.785,69.802],[20.512,69.769],[20.315,69.964],[20.115,69.878],[20.007,69.769],[19.784,69.804],[19.296,69.783],[19.098,69.736],[18.853,69.552],[18.301,69.487],[18.003,69.286],[18.081,69.169],[17.679,69.092],[17.488,68.996],[17.436,68.913],[17.694,68.892],[17.234,68.756],[16.629,68.642],[16.581,68.534],[16.885,68.567],[17.37,68.576],[17.568,68.608],[18.037,68.62],[18.189,68.538],[18.436,68.574],[18.645,68.501],[19.038,68.506],[19.931,68.35],[20.246,68.477],[19.962,68.541],[20.237,68.659],[20.357,68.805],[20.341,68.91],[20.102,69.022],[20.623,69.036]]],[[[15.908,68.958],[15.881,68.877],[15.725,68.733],[15.775,68.674],[15.641,68.537],[15.872,68.55],[16.246,68.629],[16.496,68.579],[16.559,68.655],[16.506,68.803],[16.315,68.87],[16.107,68.836],[16.201,68.761],[15.933,68.684],[15.863,68.783],[15.908,68.958]]],[[[18.071,69.438],[18.051,69.496],[17.772,69.548],[17.263,69.478],[17.276,69.394],[17.077,69.386],[16.915,69.318],[16.823,69.054],[17.519,69.158],[17.958,69.18],[17.923,69.332],[18.085,69.353],[18.071,69.438]]],[[[18.999,69.829],[18.822,69.886],[18.653,69.804],[18.357,69.793],[18.291,69.639],[17.995,69.592],[18.262,69.531],[18.823,69.591],[18.803,69.682],[19.033,69.744],[18.999,69.829]]],[[[19.619,70.017],[19.393,69.992],[19.208,70.099],[18.876,70.024],[18.769,69.955],[19.122,69.788],[19.407,69.839],[19.619,70.017]]],[[[20.792,70.092],[20.824,70.195],[20.588,70.236],[20.416,70.172],[20.432,70.068],[20.588,70.046],[20.792,70.092]]],[[[19.982,70.147],[19.941,70.195],[19.633,70.219],[19.82,70.06],[19.982,70.147]]],[[[19.813,70.003],[19.533,69.919],[19.721,69.865],[19.813,70.003]]]]}},
        {"type":"Feature","properties":{"id":"no_20"},"geometry":{"type":"MultiPolygon","coordinates":[[[[21.946,69.066],[22.371,68.823],[22.429,68.71],[22.596,68.725],[22.852,68.676],[23.019,68.687],[23.198,68.618],[23.735,68.715],[23.787,68.8],[23.929,68.816],[24.332,68.709],[24.663,68.666],[24.861,68.563],[25.118,68.638],[25.201,68.813],[25.387,68.875],[25.652,68.883],[25.801,69.013],[25.734,69.191],[25.877,69.371],[25.887,69.521],[26.032,69.697],[26.198,69.715],[26.501,69.918],[26.865,69.938],[27.1,69.902],[27.312,69.929],[27.613,70.062],[27.867,70.075],[28.167,69.894],[28.405,69.802],[29.131,69.674],[29.345,69.464],[29.229,69.377],[28.865,69.217],[28.827,69.107],[28.954,69.027],[29.24,69.115],[29.335,69.277],[29.901,69.358],[30.123,69.442],[30.294,69.62],[30.512,69.536],[30.853,69.527],[30.928,69.672],[30.841,69.806],[30.451,69.81],[30.165,69.88],[29.993,69.768],[29.59,69.722],[29.775,69.839],[29.686,69.97],[29.138,70.058],[28.733,70.086],[28.754,70.168],[29.227,70.12],[30.133,70.073],[30.317,70.117],[30.549,70.249],[30.934,70.264],[31.063,70.367],[30.456,70.561],[30.207,70.681],[29.381,70.769],[29.221,70.855],[28.795,70.873],[28.526,70.722],[28.397,70.548],[28.137,70.447],[27.849,70.483],[28.233,70.615],[28.301,70.703],[28.131,70.736],[28.483,70.889],[28.546,70.98],[28.192,71.005],[28.191,71.086],[27.877,71.038],[27.569,71.097],[27.476,71.007],[27.253,71.026],[27.123,70.922],[27.391,70.876],[27.287,70.744],[27.14,70.741],[27.13,70.626],[26.976,70.527],[26.662,70.426],[26.513,70.432],[26.744,70.823],[26.614,70.949],[26.374,70.868],[26.071,70.712],[26.012,70.626],[25.441,70.342],[25.517,70.278],[25.253,70.101],[24.943,70.102],[24.98,70.229],[25.201,70.307],[25.264,70.405],[25.246,70.528],[25.354,70.607],[25.825,70.827],[25.706,70.896],[25.342,70.953],[25.154,70.92],[24.86,70.928],[24.666,70.978],[24.574,70.799],[24.269,70.838],[24.352,70.691],[24.264,70.606],[23.918,70.509],[23.513,70.366],[23.488,70.236],[23.276,70.225],[23.358,70.115],[22.998,70.082],[22.967,70.207],[22.604,70.218],[22.3,70.255],[21.987,70.323],[21.822,70.269],[21.439,70.269],[21.234,70.224],[21.648,70.181],[21.86,70.104],[22.112,70.158],[22.321,69.952],[22.565,69.91],[22.526,69.8],[22.664,69.686],[22.933,69.64],[22.762,69.513],[22.352,69.477],[22.35,69.404],[22.591,69.231],[22.586,69.162],[22.441,69.09],[21.946,69.066]]],[[[22.922,70.305],[22.689,70.394],[22.374,70.332],[22.732,70.257],[22.922,70.305]]],[[[23.656,70.503],[23.485,70.625],[23.311,70.519],[23.124,70.521],[22.897,70.451],[22.95,70.359],[23.216,70.283],[23.593,70.415],[23.656,70.503]]],[[[24.067,70.661],[23.816,70.751],[23.64,70.702],[23.697,70.572],[23.868,70.512],[24.102,70.589],[24.067,70.661]]],[[[22.422,70.511],[22.644,70.564],[22.914,70.544],[23.089,70.586],[23.182,70.689],[23.128,70.758],[22.774,70.65],[22.541,70.717],[22.266,70.675],[22.141,70.483],[22.422,70.511]]],[[[26.136,71.038],[25.553,71.141],[25.293,71.045],[25.534,70.932],[26.073,70.975],[26.136,71.038]]]]}},
        {"type":"Feature","properties":{"id":"pl_ds"},"geometry":{"type":"Polygon","coordinates":[[[14.81,50.858],[14.982,50.859],[14.997,51.008],[15.227,50.977],[15.35,50.784],[15.522,50.782],[15.684,50.731],[15.767,50.744],[15.848,50.675],[16.086,50.647],[16.332,50.644],[16.417,50.587],[16.383,50.514],[16.19,50.424],[16.334,50.372],[16.535,50.208],[16.584,50.127],[16.701,50.095],[16.87,50.19],[16.96,50.232],[16.866,50.408],[16.944,50.42],[17.02,50.547],[17.133,50.579],[17.192,50.674],[17.383,50.892],[17.463,50.944],[17.58,51.127],[17.715,51.15],[17.69,51.303],[17.644,51.369],[17.524,51.37],[17.495,51.45],[17.557,51.535],[17.347,51.594],[17.187,51.589],[17.15,51.535],[16.943,51.513],[16.676,51.61],[16.612,51.715],[16.458,51.76],[16.371,51.749],[16.182,51.656],[16.097,51.752],[15.945,51.77],[15.824,51.691],[15.615,51.48],[15.403,51.518],[15.246,51.423],[15.129,51.456],[14.951,51.397],[15.019,51.272],[14.955,51.064],[14.81,50.858]]]}},
        {"type":"Feature","properties":{"id":"pl_kp"},"geometry":{"type":"Polygon","coordinates":[[[19.128,53.556],[18.96,53.538],[18.759,53.625],[18.583,53.605],[18.318,53.653],[18.256,53.694],[17.924,53.696],[17.683,53.542],[17.508,53.562],[17.397,53.434],[17.297,53.34],[17.442,53.205],[17.351,53.159],[17.39,53.081],[17.331,52.956],[17.488,52.904],[17.537,52.839],[17.447,52.718],[17.518,52.654],[17.813,52.596],[18.159,52.452],[18.26,52.435],[18.352,52.487],[18.511,52.443],[18.742,52.329],[18.945,52.323],[19.04,52.278],[19.296,52.334],[19.356,52.474],[19.497,52.705],[19.44,52.787],[19.507,52.894],[19.664,52.987],[19.649,53.055],[19.748,53.093],[19.681,53.263],[19.285,53.365],[19.128,53.556]]]}},
        {"type":"Feature","properties":{"id":"pl_lb"},"geometry":{"type":"Polygon","coordinates":[[[14.951,51.397],[15.129,51.456],[15.246,51.423],[15.403,51.518],[15.615,51.48],[15.824,51.691],[15.945,51.77],[16.097,51.752],[16.182,51.656],[16.371,51.749],[16.275,51.868],[16.113,51.865],[16.039,51.968],[15.857,52.104],[15.901,52.287],[15.831,52.693],[15.977,52.743],[15.925,52.81],[16.022,52.885],[16.039,53.007],[16.03,53.103],[15.926,53.105],[15.733,52.989],[15.527,52.989],[15.358,52.954],[15.196,52.842],[15.03,52.875],[14.932,52.843],[14.79,52.691],[14.654,52.67],[14.608,52.596],[14.632,52.497],[14.54,52.422],[14.607,52.276],[14.697,52.253],[14.686,52.121],[14.761,52.077],[14.696,51.931],[14.586,51.804],[14.72,51.676],[14.707,51.541],[14.911,51.469],[14.951,51.397]]]}},
        {"type":"Feature","properties":{"id":"pl_ld"},"geometry":{"type":"Polygon","coordinates":[[[19.751,50.804],[19.837,50.861],[19.899,50.99],[20.031,50.929],[20.052,51.012],[19.976,51.072],[20.056,51.16],[20.167,51.15],[20.367,51.22],[20.432,51.29],[20.505,51.384],[20.422,51.587],[20.448,51.643],[20.658,51.617],[20.613,51.796],[20.415,51.899],[20.309,51.891],[20.216,51.974],[20.252,52.058],[20.1,52.104],[20.064,52.192],[19.918,52.268],[19.641,52.219],[19.549,52.265],[19.296,52.334],[19.04,52.278],[19.079,52.209],[18.917,52.146],[18.847,52.019],[18.714,52.01],[18.719,51.846],[18.659,51.786],[18.457,51.779],[18.359,51.627],[18.366,51.453],[18.29,51.384],[18.186,51.391],[18.055,51.302],[18.15,51.136],[18.202,51.096],[18.426,51.06],[18.53,51.083],[18.656,50.995],[18.911,51.037],[19.108,50.969],[19.354,50.971],[19.508,50.842],[19.751,50.804]]]}},
        {"type":"Feature","properties":{"id":"pl_lu"},"geometry":{"type":"Polygon","coordinates":[[[23.606,51.517],[23.54,51.607],[23.56,51.755],[23.676,51.994],[23.637,52.084],[23.396,52.2],[23.212,52.232],[23.176,52.285],[23.087,52.292],[22.898,52.102],[22.701,52.136],[22.6,52.062],[22.451,52.066],[22.356,52.022],[21.988,52.005],[21.841,51.958],[21.947,51.782],[21.904,51.68],[21.675,51.577],[21.821,51.563],[21.863,51.478],[21.852,51.35],[21.772,51.151],[21.815,51.055],[21.81,50.925],[21.844,50.83],[21.976,50.773],[22.117,50.8],[22.262,50.76],[22.222,50.66],[22.455,50.622],[22.612,50.568],[22.658,50.479],[22.527,50.423],[22.595,50.362],[22.858,50.317],[23.158,50.323],[23.305,50.416],[23.463,50.421],[23.659,50.327],[23.748,50.389],[23.981,50.405],[24.011,50.493],[24.106,50.539],[24.108,50.63],[23.974,50.776],[23.97,50.825],[24.13,50.869],[23.979,50.938],[23.912,51.007],[23.875,51.136],[23.743,51.216],[23.634,51.339],[23.698,51.404],[23.606,51.517]]]}},
        {"type":"Feature","properties":{"id":"pl_ma"},"geometry":{"type":"Polygon","coordinates":[[[19.868,49.201],[20.07,49.183],[20.13,49.304],[20.284,49.339],[20.33,49.392],[20.522,49.374],[20.69,49.401],[20.778,49.331],[20.942,49.296],[21.054,49.414],[21.173,49.398],[21.274,49.447],[21.514,49.417],[21.426,49.7],[21.259,49.772],[21.345,49.864],[21.228,49.948],[21.216,50.238],[21.295,50.411],[21.435,50.487],[21.595,50.525],[21.84,50.74],[21.844,50.83],[21.81,50.925],[21.815,51.055],[21.496,51.013],[21.185,51.078],[21.106,51.171],[21.012,51.115],[20.752,51.117],[20.432,51.29],[20.367,51.22],[20.167,51.15],[20.056,51.16],[19.976,51.072],[20.052,51.012],[20.031,50.929],[19.899,50.99],[19.837,50.861],[19.751,50.804],[19.742,50.706],[19.879,50.654],[19.956,50.484],[19.839,50.394],[19.697,50.389],[19.608,50.344],[19.502,50.361],[19.404,50.26],[19.405,50.175],[19.168,50.004],[19.112,49.92],[19.299,49.748],[19.436,49.71],[19.449,49.6],[19.627,49.402],[19.769,49.393],[19.761,49.194],[19.868,49.201]]]}},
        {"type":"Feature","properties":{"id":"pl_mz"},"geometry":{"type":"Polygon","coordinates":[[[21.523,53.444],[21.349,53.396],[21.174,53.38],[21.098,53.326],[20.704,53.276],[20.495,53.186],[20.42,53.182],[20.241,53.098],[19.925,53.127],[19.748,53.093],[19.649,53.055],[19.664,52.987],[19.507,52.894],[19.44,52.787],[19.497,52.705],[19.356,52.474],[19.296,52.334],[19.549,52.265],[19.641,52.219],[19.918,52.268],[20.064,52.192],[20.1,52.104],[20.252,52.058],[20.216,51.974],[20.309,51.891],[20.415,51.899],[20.613,51.796],[20.658,51.617],[20.448,51.643],[20.422,51.587],[20.505,51.384],[20.432,51.29],[20.752,51.117],[21.012,51.115],[21.106,51.171],[21.185,51.078],[21.496,51.013],[21.815,51.055],[21.772,51.151],[21.852,51.35],[21.863,51.478],[21.821,51.563],[21.675,51.577],[21.904,51.68],[21.947,51.782],[21.841,51.958],[21.988,52.005],[22.356,52.022],[22.451,52.066],[22.6,52.062],[22.701,52.136],[22.898,52.102],[23.087,52.292],[22.923,52.372],[22.583,52.395],[22.511,52.535],[22.412,52.601],[22.378,52.794],[22.264,52.767],[22.223,52.857],[21.978,52.862],[21.847,53.052],[21.693,53.095],[21.6,53.222],[21.523,53.444]]]}},
        {"type":"Feature","properties":{"id":"pl_pd"},"geometry":{"type":"Polygon","coordinates":[[[23.92,52.773],[23.91,53.013],[23.861,53.087],[23.894,53.152],[23.783,53.271],[23.591,53.611],[23.486,53.939],[23.496,54.022],[23.433,54.169],[23.336,54.226],[22.973,54.375],[22.811,54.393],[22.789,54.337],[22.665,54.275],[22.442,54.257],[22.348,54.179],[22.465,54.042],[22.622,53.925],[22.543,53.774],[22.207,53.635],[21.937,53.499],[21.739,53.458],[21.523,53.444],[21.6,53.222],[21.693,53.095],[21.847,53.052],[21.978,52.862],[22.223,52.857],[22.264,52.767],[22.378,52.794],[22.412,52.601],[22.511,52.535],[22.583,52.395],[22.923,52.372],[23.087,52.292],[23.176,52.285],[23.212,52.348],[23.392,52.51],[23.569,52.586],[23.736,52.615],[23.909,52.7],[23.92,52.773]]]}},
        {"type":"Feature","properties":{"id":"pl_pk"},"geometry":{"type":"Polygon","coordinates":[[[21.514,49.417],[21.82,49.377],[21.993,49.278],[22.012,49.211],[22.198,49.172],[22.39,49.093],[22.54,49.072],[22.865,49.013],[22.853,49.085],[22.706,49.169],[22.724,49.367],[22.641,49.529],[22.777,49.68],[22.827,49.697],[23.101,49.957],[23.436,50.193],[23.659,50.327],[23.463,50.421],[23.305,50.416],[23.158,50.323],[22.858,50.317],[22.595,50.362],[22.527,50.423],[22.658,50.479],[22.612,50.568],[22.455,50.622],[22.222,50.66],[22.262,50.76],[22.117,50.8],[21.976,50.773],[21.844,50.83],[21.84,50.74],[21.595,50.525],[21.435,50.487],[21.295,50.411],[21.216,50.238],[21.228,49.948],[21.345,49.864],[21.259,49.772],[21.426,49.7],[21.514,49.417]]]}},
        {"type":"Feature","properties":{"id":"pl_pm"},"geometry":{"type":"Polygon","coordinates":[[[19.758,54.434],[19.61,54.457],[19.377,54.378],[19.002,54.345],[18.717,54.382],[18.588,54.434],[18.571,54.55],[18.429,54.782],[18.317,54.838],[17.885,54.824],[17.716,54.79],[17.337,54.749],[17.036,54.667],[16.94,54.606],[16.785,54.577],[16.97,54.387],[16.951,54.209],[16.811,54.189],[16.875,54.075],[16.883,53.965],[16.95,53.93],[17.002,53.753],[16.93,53.697],[16.948,53.588],[17.096,53.488],[17.299,53.483],[17.397,53.434],[17.508,53.562],[17.683,53.542],[17.924,53.696],[18.256,53.694],[18.318,53.653],[18.583,53.605],[18.759,53.625],[18.96,53.538],[19.128,53.556],[19.276,53.719],[19.49,53.769],[19.554,53.882],[19.405,53.885],[19.264,53.977],[19.209,54.072],[19.296,54.147],[19.274,54.282],[19.435,54.297],[19.72,54.391],[19.758,54.434]]]}},
        {"type":"Feature","properties":{"id":"pl_sl"},"geometry":{"type":"Polygon","coordinates":[[[19.449,49.6],[19.436,49.71],[19.299,49.748],[19.112,49.92],[19.168,50.004],[19.405,50.175],[19.404,50.26],[19.502,50.361],[19.608,50.344],[19.697,50.389],[19.839,50.394],[19.956,50.484],[19.879,50.654],[19.742,50.706],[19.751,50.804],[19.508,50.842],[19.354,50.971],[19.108,50.969],[18.911,51.037],[18.656,50.995],[18.53,51.083],[18.426,51.06],[18.202,51.096],[18.15,51.136],[17.917,51.066],[17.715,51.15],[17.58,51.127],[17.463,50.944],[17.383,50.892],[17.192,50.674],[17.133,50.579],[17.02,50.547],[16.944,50.42],[17.185,50.376],[17.388,50.273],[17.606,50.258],[17.734,50.289],[17.738,50.202],[17.584,50.146],[17.719,50.081],[17.839,49.974],[18.032,50.003],[18.019,50.044],[18.256,49.946],[18.482,49.897],[18.637,49.7],[18.773,49.676],[18.833,49.51],[18.932,49.504],[18.962,49.389],[19.173,49.402],[19.249,49.516],[19.449,49.6]]]}},
        {"type":"Feature","properties":{"id":"pl_wn"},"geometry":{"type":"Polygon","coordinates":[[[22.767,54.356],[22.698,54.343],[21.721,54.373],[20.93,54.398],[19.758,54.434],[19.72,54.391],[19.435,54.297],[19.274,54.282],[19.296,54.147],[19.209,54.072],[19.264,53.977],[19.405,53.885],[19.554,53.882],[19.49,53.769],[19.276,53.719],[19.128,53.556],[19.285,53.365],[19.681,53.263],[19.748,53.093],[19.925,53.127],[20.241,53.098],[20.42,53.182],[20.495,53.186],[20.704,53.276],[21.098,53.326],[21.174,53.38],[21.349,53.396],[21.523,53.444],[21.739,53.458],[21.937,53.499],[22.207,53.635],[22.543,53.774],[22.622,53.925],[22.465,54.042],[22.348,54.179],[22.442,54.257],[22.665,54.275],[22.789,54.337],[22.811,54.393],[22.767,54.356]]]}},
        {"type":"Feature","properties":{"id":"pl_wp"},"geometry":{"type":"Polygon","coordinates":[[[17.715,51.15],[17.917,51.066],[18.15,51.136],[18.055,51.302],[18.186,51.391],[18.29,51.384],[18.366,51.453],[18.359,51.627],[18.457,51.779],[18.659,51.786],[18.719,51.846],[18.714,52.01],[18.847,52.019],[18.917,52.146],[19.079,52.209],[19.04,52.278],[18.945,52.323],[18.742,52.329],[18.511,52.443],[18.352,52.487],[18.26,52.435],[18.159,52.452],[17.813,52.596],[17.518,52.654],[17.447,52.718],[17.537,52.839],[17.488,52.904],[17.331,52.956],[17.39,53.081],[17.351,53.159],[17.442,53.205],[17.297,53.34],[17.397,53.434],[17.299,53.483],[17.096,53.488],[16.948,53.588],[16.837,53.585],[16.765,53.461],[16.551,53.461],[16.545,53.366],[16.72,53.306],[16.758,53.254],[16.675,53.189],[16.456,53.125],[16.279,52.993],[16.155,52.974],[16.039,53.007],[16.022,52.885],[15.925,52.81],[15.977,52.743],[15.831,52.693],[15.901,52.287],[15.857,52.104],[16.039,51.968],[16.113,51.865],[16.275,51.868],[16.371,51.749],[16.458,51.76],[16.612,51.715],[16.676,51.61],[16.943,51.513],[17.15,51.535],[17.187,51.589],[17.347,51.594],[17.557,51.535],[17.495,51.45],[17.524,51.37],[17.644,51.369],[17.69,51.303],[17.715,51.15]]]}},
        {"type":"Feature","properties":{"id":"pl_zp"},"geometry":{"type":"Polygon","coordinates":[[[16.039,53.007],[16.155,52.974],[16.279,52.993],[16.456,53.125],[16.675,53.189],[16.758,53.254],[16.72,53.306],[16.545,53.366],[16.551,53.461],[16.765,53.461],[16.837,53.585],[16.948,53.588],[16.93,53.697],[17.002,53.753],[16.95,53.93],[16.883,53.965],[16.875,54.075],[16.811,54.189],[16.951,54.209],[16.97,54.387],[16.785,54.577],[16.501,54.532],[16.324,54.401],[16.22,54.277],[15.86,54.25],[15.666,54.198],[15.288,54.139],[15.01,54.07],[14.782,54.035],[14.367,53.917],[14.21,53.938],[14.201,53.878],[14.275,53.831],[14.441,53.87],[14.576,53.855],[14.545,53.704],[14.415,53.682],[14.264,53.7],[14.304,53.509],[14.391,53.334],[14.442,53.252],[14.378,53.177],[14.343,53.049],[14.144,52.96],[14.216,52.818],[14.608,52.596],[14.654,52.67],[14.79,52.691],[14.932,52.843],[15.03,52.875],[15.196,52.842],[15.358,52.954],[15.527,52.989],[15.733,52.989],[15.926,53.105],[16.03,53.103],[16.039,53.007]]]}},
        {"type":"Feature","properties":{"id":"pt_02"},"geometry":{"type":"MultiPolygon","coordinates":[[[[-7.117,38.184],[-7.173,38.19],[-7.281,38.331],[-7.4,38.3],[-7.517,38.196],[-7.669,38.207],[-7.931,38.303],[-8.162,38.318],[-8.308,38.377],[-8.294,38.433],[-8.369,38.536],[-8.517,38.519],[-8.638,38.55],[-8.652,38.606],[-8.508,38.713],[-8.547,38.767],[-8.703,38.834],[-8.786,38.734],[-8.923,38.778],[-8.956,38.841],[-8.79,39.071],[-8.943,39.015],[-9.012,38.913],[-8.943,38.776],[-9.052,38.694],[-9.253,38.665],[-9.184,38.552],[-9.2,38.412],[-9.049,38.441],[-8.906,38.512],[-8.795,38.359],[-8.774,38.187],[-8.868,37.974],[-8.805,37.902],[-8.801,37.827],[-8.827,37.601],[-8.808,37.449],[-8.883,37.31],[-8.881,37.232],[-8.986,37.063],[-8.879,37.047],[-8.627,37.121],[-8.439,37.083],[-8.179,37.088],[-7.981,37.002],[-7.787,37.023],[-7.512,37.172],[-7.414,37.193],[-7.476,37.494],[-7.515,37.528],[-7.426,37.751],[-7.334,37.812],[-7.269,37.949],[-7.123,38.04],[-7.024,38.023],[-6.951,38.198],[-7.117,38.184]]],[[[-8.792,39.082],[-8.903,39.178],[-8.875,39.254],[-8.994,39.299],[-9.067,39.312],[-9.169,39.221],[-9.249,39.317],[-9.348,39.292],[-9.351,39.197],[-9.437,39.029],[-9.423,38.931],[-9.492,38.819],[-9.492,38.708],[-9.322,38.67],[-9.113,38.714],[-9.107,38.814],[-8.923,39.049],[-8.792,39.082]]]]}},
        {"type":"Feature","properties":{"id":"pt_04"},"geometry":{"type":"Polygon","coordinates":[[[-8.751,41.969],[-8.868,41.859],[-8.88,41.737],[-8.82,41.618],[-8.775,41.468],[-8.784,41.394],[-8.737,41.25],[-8.666,41.133],[-8.655,41.017],[-8.416,41.023],[-8.29,41.083],[-8.062,41.106],[-7.896,41.159],[-7.55,41.183],[-7.432,41.216],[-7.301,41.159],[-7.126,41.164],[-7.075,41.087],[-6.927,41.048],[-6.818,41.054],[-6.647,41.268],[-6.482,41.303],[-6.321,41.42],[-6.206,41.57],[-6.366,41.664],[-6.555,41.675],[-6.577,41.74],[-6.524,41.867],[-6.657,41.933],[-6.983,41.963],[-7.051,41.942],[-7.145,41.987],[-7.209,41.889],[-7.405,41.835],[-7.588,41.824],[-7.607,41.873],[-7.722,41.899],[-7.897,41.858],[-7.994,41.864],[-8.05,41.816],[-8.179,41.813],[-8.232,41.886],[-8.108,42.011],[-8.191,42.062],[-8.222,42.154],[-8.347,42.102],[-8.627,42.051],[-8.751,41.969]]]}},
        {"type":"Feature","properties":{"id":"pt_05"},"geometry":{"type":"Polygon","coordinates":[[[-7.556,39.677],[-7.183,39.675],[-7.036,39.689],[-7,39.803],[-6.924,39.872],[-6.88,40.009],[-7.016,40.119],[-7.025,40.216],[-6.942,40.255],[-6.997,40.286],[-7.247,40.267],[-7.32,40.285],[-7.271,40.41],[-7.391,40.383],[-7.454,40.413],[-7.527,40.338],[-7.782,40.232],[-7.77,40.327],[-7.825,40.498],[-8.116,40.339],[-8.229,40.321],[-8.35,40.372],[-8.457,40.286],[-8.486,40.376],[-8.675,40.435],[-8.788,40.523],[-8.865,40.275],[-8.908,40.201],[-8.853,40.139],[-8.902,40.047],[-9.072,39.68],[-9.09,39.579],[-9.24,39.42],[-9.353,39.368],[-9.348,39.292],[-9.249,39.317],[-9.169,39.221],[-9.067,39.312],[-8.994,39.299],[-8.999,39.361],[-8.865,39.479],[-8.751,39.48],[-8.672,39.565],[-8.677,39.758],[-8.471,39.837],[-8.443,39.742],[-8.279,39.795],[-8.228,39.752],[-8.22,39.646],[-8.062,39.624],[-8.047,39.736],[-7.867,39.636],[-7.805,39.557],[-7.695,39.653],[-7.556,39.677]]]}},
        {"type":"Feature","properties":{"id":"pt_07"},"geometry":{"type":"Polygon","coordinates":[[[-7.251,39.271],[-7.327,39.341],[-7.314,39.457],[-7.399,39.494],[-7.516,39.594],[-7.556,39.677],[-7.695,39.653],[-7.805,39.557],[-7.867,39.636],[-8.047,39.736],[-8.062,39.624],[-8.22,39.646],[-8.228,39.752],[-8.279,39.795],[-8.443,39.742],[-8.471,39.837],[-8.677,39.758],[-8.672,39.565],[-8.751,39.48],[-8.865,39.479],[-8.999,39.361],[-8.994,39.299],[-8.875,39.254],[-8.903,39.178],[-8.792,39.082],[-8.79,39.071],[-8.956,38.841],[-8.923,38.778],[-8.786,38.734],[-8.703,38.834],[-8.547,38.767],[-8.508,38.713],[-8.652,38.606],[-8.638,38.55],[-8.517,38.519],[-8.369,38.536],[-8.294,38.433],[-8.308,38.377],[-8.162,38.318],[-7.931,38.303],[-7.669,38.207],[-7.517,38.196],[-7.4,38.3],[-7.281,38.331],[-7.173,38.19],[-7.117,38.184],[-7.167,38.272],[-7.359,38.446],[-7.276,38.604],[-7.284,38.713],[-7.226,38.766],[-7.056,38.855],[-7.066,38.905],[-6.973,39.014],[-7.039,39.109],[-7.167,39.113],[-7.244,39.196],[-7.251,39.271]]]}},
        {"type":"Feature","properties":{"id":"pt_09"},"geometry":{"type":"Polygon","coordinates":[[[-6.875,40.279],[-6.794,40.356],[-6.857,40.442],[-6.814,40.647],[-6.837,40.84],[-6.927,41.048],[-7.075,41.087],[-7.126,41.164],[-7.301,41.159],[-7.432,41.216],[-7.55,41.183],[-7.896,41.159],[-8.062,41.106],[-8.29,41.083],[-8.416,41.023],[-8.655,41.017],[-8.701,40.778],[-8.642,40.694],[-8.725,40.645],[-8.788,40.523],[-8.675,40.435],[-8.486,40.376],[-8.457,40.286],[-8.35,40.372],[-8.229,40.321],[-8.116,40.339],[-7.825,40.498],[-7.77,40.327],[-7.782,40.232],[-7.527,40.338],[-7.454,40.413],[-7.391,40.383],[-7.271,40.41],[-7.32,40.285],[-7.247,40.267],[-6.997,40.286],[-6.942,40.255],[-6.875,40.279]]]}},
        {"type":"Feature","properties":{"id":"ro_ag"},"geometry":{"type":"Polygon","coordinates":[[[26.029,44.738],[25.817,44.847],[25.814,44.922],[25.695,44.981],[25.681,45.048],[25.526,45.224],[25.43,45.452],[25.628,45.485],[25.863,45.442],[25.946,45.51],[26.046,45.482],[26.1,45.564],[26.235,45.626],[26.329,45.618],[26.395,45.75],[26.38,45.803],[26.405,45.918],[26.485,46.021],[26.325,46.179],[26.252,46.15],[25.992,46.111],[25.898,46.116],[25.796,46.176],[25.678,46.291],[25.497,46.165],[25.454,46.106],[25.33,46.165],[25.188,46.143],[25.046,46.133],[24.982,46.064],[24.722,45.913],[24.741,45.813],[24.65,45.767],[24.709,45.599],[24.527,45.562],[24.494,45.424],[24.493,45.228],[24.537,45.136],[24.489,44.952],[24.438,44.85],[24.546,44.888],[24.622,44.768],[24.718,44.742],[24.765,44.416],[24.851,44.39],[24.981,44.391],[25.19,44.453],[25.279,44.437],[25.396,44.528],[25.514,44.506],[25.599,44.553],[25.907,44.566],[26.029,44.738]]]}},
        {"type":"Feature","properties":{"id":"ro_ar"},"geometry":{"type":"Polygon","coordinates":[[[22.168,47.595],[22.154,47.582],[21.989,47.493],[22.002,47.394],[21.862,47.297],[21.826,47.185],[21.634,47.019],[21.649,46.943],[21.503,46.805],[21.484,46.685],[21.424,46.658],[21.316,46.617],[21.179,46.384],[21.165,46.318],[21.051,46.236],[20.787,46.263],[20.704,46.169],[20.86,46.096],[20.92,46.037],[21.369,45.973],[21.431,46.034],[21.584,45.992],[21.67,45.902],[21.737,45.95],[21.889,45.935],[21.955,45.982],[22.131,45.905],[22.229,45.893],[22.355,45.95],[22.42,46.025],[22.434,46.176],[22.601,46.211],[22.755,46.334],[22.707,46.369],[22.703,46.532],[22.803,46.557],[22.803,46.627],[22.669,46.775],[22.766,46.884],[22.719,46.979],[22.59,47.059],[22.494,47.194],[22.581,47.321],[22.472,47.412],[22.36,47.401],[22.168,47.595]]]}},
        {"type":"Feature","properties":{"id":"ro_bc"},"geometry":{"type":"Polygon","coordinates":[[[26.482,47.254],[26.353,47.293],[26.223,47.254],[25.982,47.257],[25.819,47.225],[25.696,47.123],[25.671,47.058],[25.584,47.047],[25.407,47.135],[25.205,47.076],[25.257,46.994],[25.255,46.838],[25.289,46.758],[25.272,46.657],[25.035,46.506],[24.967,46.371],[24.877,46.316],[24.956,46.249],[25.056,46.23],[25.188,46.143],[25.33,46.165],[25.454,46.106],[25.497,46.165],[25.678,46.291],[25.796,46.176],[25.898,46.116],[25.992,46.111],[26.252,46.15],[26.325,46.179],[26.485,46.021],[26.6,46.009],[26.642,46.066],[26.767,46.081],[26.973,46.061],[27.1,46.079],[27.233,46.163],[27.52,46.163],[27.479,46.397],[27.338,46.585],[27.336,46.655],[27.226,46.743],[27.205,46.86],[27.144,46.934],[27.239,46.992],[27.148,47.075],[27.039,47.031],[26.872,47.011],[26.648,47.076],[26.603,47.156],[26.482,47.254]]]}},
        {"type":"Feature","properties":{"id":"ro_cj"},"geometry":{"type":"Polygon","coordinates":[[[22.878,47.947],[22.746,47.825],[22.563,47.757],[22.262,47.716],[22.168,47.595],[22.36,47.401],[22.472,47.412],[22.581,47.321],[22.494,47.194],[22.59,47.059],[22.719,46.979],[22.766,46.884],[22.669,46.775],[22.803,46.627],[22.803,46.557],[23.011,46.525],[23.063,46.463],[23.248,46.484],[23.404,46.527],[23.618,46.414],[23.779,46.446],[23.995,46.45],[24.046,46.618],[24.197,46.785],[24.239,46.899],[24.161,46.955],[24.127,47.082],[23.986,47.132],[23.936,47.246],[24.008,47.325],[24.121,47.452],[24.225,47.473],[24.383,47.562],[24.571,47.532],[24.759,47.537],[24.956,47.582],[25.022,47.632],[24.942,47.716],[24.929,47.714],[24.794,47.804],[24.661,47.854],[24.57,47.937],[24.429,47.953],[24.231,47.897],[23.977,47.962],[23.877,47.934],[23.78,47.988],[23.563,48.006],[23.485,47.974],[23.36,47.993],[23.231,48.08],[23.119,48.092],[23.063,48.007],[22.939,48.006],[22.878,47.947]]]}},
        {"type":"Feature","properties":{"id":"ro_ct"},"geometry":{"type":"Polygon","coordinates":[[[28.578,43.741],[28.671,44.003],[28.631,44.154],[28.665,44.199],[28.641,44.329],[28.844,44.494],[28.774,44.552],[28.785,44.68],[28.671,44.711],[28.527,44.696],[28.404,44.761],[28.282,44.711],[28.196,44.768],[28.055,44.777],[27.911,44.775],[27.855,44.812],[27.686,44.787],[27.283,44.795],[27.201,44.819],[27,44.803],[26.9,44.827],[26.66,44.836],[26.604,44.865],[26.52,44.807],[26.354,44.796],[26.27,44.76],[26.431,44.651],[26.368,44.565],[26.434,44.523],[26.438,44.443],[26.342,44.401],[26.28,44.321],[26.415,44.244],[26.46,44.185],[26.416,44.064],[26.789,44.116],[27.027,44.177],[27.253,44.122],[27.384,44.015],[27.656,44.024],[27.683,43.987],[27.722,43.949],[27.856,43.989],[27.936,43.964],[27.981,43.849],[28.221,43.762],[28.435,43.735],[28.578,43.741]]]}},
        {"type":"Feature","properties":{"id":"ro_dj"},"geometry":{"type":"Polygon","coordinates":[[[24.662,43.756],[24.745,43.807],[24.632,43.991],[24.658,44.045],[24.841,44.116],[24.851,44.39],[24.765,44.416],[24.718,44.742],[24.622,44.768],[24.546,44.888],[24.438,44.85],[24.489,44.952],[24.537,45.136],[24.493,45.228],[24.494,45.424],[24.527,45.562],[24.322,45.563],[24.068,45.496],[23.794,45.508],[23.626,45.452],[23.584,45.447],[23.586,45.353],[23.836,45.307],[23.843,45.189],[23.779,44.948],[23.776,44.723],[23.737,44.629],[23.489,44.55],[23.367,44.527],[23.219,44.452],[23.091,44.162],[23.008,44.1],[23.023,44.032],[22.886,43.995],[22.851,43.897],[22.92,43.834],[23.053,43.843],[23.325,43.887],[23.485,43.881],[23.621,43.834],[23.8,43.818],[24.15,43.755],[24.337,43.759],[24.5,43.799],[24.662,43.756]]]}},
        {"type":"Feature","properties":{"id":"ro_gj"},"geometry":{"type":"Polygon","coordinates":[[[23.008,44.1],[23.091,44.162],[23.219,44.452],[23.367,44.527],[23.489,44.55],[23.737,44.629],[23.776,44.723],[23.779,44.948],[23.843,45.189],[23.836,45.307],[23.586,45.353],[23.43,45.304],[23.358,45.321],[23.189,45.272],[23.027,45.26],[22.881,45.295],[22.669,45.24],[22.573,45.171],[22.641,45.092],[22.567,45.024],[22.442,44.769],[22.388,44.754],[22.222,44.806],[22.15,44.598],[22.034,44.596],[22.036,44.589],[22.104,44.51],[22.185,44.515],[22.32,44.685],[22.484,44.724],[22.621,44.637],[22.621,44.569],[22.484,44.5],[22.505,44.404],[22.583,44.328],[22.682,44.305],[22.692,44.228],[22.906,44.123],[23.008,44.1]]]}},
        {"type":"Feature","properties":{"id":"ro_hd"},"geometry":{"type":"Polygon","coordinates":[[[22.355,45.95],[22.486,45.786],[22.541,45.761],[22.445,45.663],[22.542,45.57],[22.653,45.52],[22.707,45.322],[22.669,45.24],[22.881,45.295],[23.027,45.26],[23.189,45.272],[23.358,45.321],[23.43,45.304],[23.586,45.353],[23.584,45.447],[23.626,45.452],[23.794,45.508],[24.068,45.496],[24.322,45.563],[24.527,45.562],[24.709,45.599],[24.65,45.767],[24.741,45.813],[24.722,45.913],[24.982,46.064],[24.894,46.101],[24.69,46.1],[24.663,46.242],[24.586,46.264],[24.376,46.232],[24.192,46.244],[24.143,46.313],[24.026,46.369],[23.995,46.45],[23.779,46.446],[23.618,46.414],[23.404,46.527],[23.248,46.484],[23.063,46.463],[23.011,46.525],[22.803,46.557],[22.703,46.532],[22.707,46.369],[22.755,46.334],[22.601,46.211],[22.434,46.176],[22.42,46.025],[22.355,45.95]]]}},
        {"type":"Feature","properties":{"id":"ro_is"},"geometry":{"type":"Polygon","coordinates":[[[26.482,47.254],[26.603,47.156],[26.648,47.076],[26.872,47.011],[27.039,47.031],[27.148,47.075],[27.239,46.992],[27.144,46.934],[27.205,46.86],[27.226,46.743],[27.336,46.655],[27.338,46.585],[27.479,46.397],[27.52,46.163],[27.233,46.163],[27.1,46.079],[26.973,46.061],[26.767,46.081],[26.642,46.066],[26.6,46.009],[26.485,46.021],[26.405,45.918],[26.38,45.803],[26.569,45.625],[26.669,45.621],[26.831,45.528],[26.976,45.533],[27.064,45.451],[27.138,45.468],[27.423,45.387],[27.483,45.457],[27.58,45.493],[27.703,45.477],[27.82,45.412],[28.03,45.395],[28.215,45.45],[28.199,45.462],[28.141,45.56],[28.155,45.762],[28.086,46.001],[28.108,46.096],[28.111,46.101],[28.111,46.226],[28.227,46.396],[28.245,46.631],[28.123,46.842],[28.105,46.92],[28.038,47.015],[27.807,47.145],[27.723,47.283],[27.589,47.367],[27.563,47.468],[27.473,47.492],[27.431,47.573],[27.307,47.558],[27.232,47.491],[27.092,47.518],[26.957,47.477],[26.744,47.493],[26.658,47.427],[26.573,47.286],[26.482,47.254]]]}},
        {"type":"Feature","properties":{"id":"ro_sv"},"geometry":{"type":"Polygon","coordinates":[[[27.048,48.121],[26.938,48.205],[26.805,48.258],[26.618,48.259],[26.303,48.212],[26.287,48.125],[26.173,47.993],[26.103,47.978],[25.753,47.935],[25.262,47.899],[25.08,47.743],[24.942,47.716],[25.022,47.632],[24.956,47.582],[24.759,47.537],[24.571,47.532],[24.383,47.562],[24.225,47.473],[24.121,47.452],[24.008,47.325],[23.936,47.246],[23.986,47.132],[24.127,47.082],[24.161,46.955],[24.239,46.899],[24.197,46.785],[24.046,46.618],[23.995,46.45],[24.026,46.369],[24.143,46.313],[24.192,46.244],[24.376,46.232],[24.586,46.264],[24.663,46.242],[24.69,46.1],[24.894,46.101],[24.982,46.064],[25.046,46.133],[25.188,46.143],[25.056,46.23],[24.956,46.249],[24.877,46.316],[24.967,46.371],[25.035,46.506],[25.272,46.657],[25.289,46.758],[25.255,46.838],[25.257,46.994],[25.205,47.076],[25.407,47.135],[25.584,47.047],[25.671,47.058],[25.696,47.123],[25.819,47.225],[25.982,47.257],[26.223,47.254],[26.353,47.293],[26.482,47.254],[26.573,47.286],[26.658,47.427],[26.744,47.493],[26.957,47.477],[27.092,47.518],[27.232,47.491],[27.307,47.558],[27.431,47.573],[27.429,47.578],[27.272,47.715],[27.288,47.751],[27.219,47.814],[27.178,47.942],[27.048,48.121]]]}},
        {"type":"Feature","properties":{"id":"ro_tl"},"geometry":{"type":"Polygon","coordinates":[[[28.785,44.68],[28.924,44.758],[28.952,44.827],[28.882,44.87],[28.88,44.955],[29.045,45.005],[29.044,44.866],[29.098,44.775],[29.511,44.821],[29.611,44.849],[29.677,45.145],[29.659,45.216],[29.65,45.346],[29.57,45.395],[29.322,45.444],[28.966,45.32],[28.816,45.326],[28.71,45.227],[28.577,45.248],[28.33,45.323],[28.267,45.44],[28.215,45.45],[28.03,45.395],[27.82,45.412],[27.703,45.477],[27.58,45.493],[27.483,45.457],[27.423,45.387],[27.138,45.468],[27.064,45.451],[26.976,45.533],[26.831,45.528],[26.669,45.621],[26.569,45.625],[26.38,45.803],[26.395,45.75],[26.329,45.618],[26.235,45.626],[26.1,45.564],[26.046,45.482],[25.946,45.51],[25.863,45.442],[25.628,45.485],[25.43,45.452],[25.526,45.224],[25.681,45.048],[25.695,44.981],[25.814,44.922],[25.817,44.847],[26.029,44.738],[26.27,44.76],[26.354,44.796],[26.52,44.807],[26.604,44.865],[26.66,44.836],[26.9,44.827],[27,44.803],[27.201,44.819],[27.283,44.795],[27.686,44.787],[27.855,44.812],[27.911,44.775],[28.055,44.777],[28.196,44.768],[28.282,44.711],[28.404,44.761],[28.527,44.696],[28.671,44.711],[28.785,44.68]]]}},
        {"type":"Feature","properties":{"id":"ro_tm"},"geometry":{"type":"Polygon","coordinates":[[[20.704,46.169],[20.608,46.129],[20.283,46.144],[20.243,46.108],[20.339,45.993],[20.572,45.888],[20.643,45.795],[20.786,45.753],[20.754,45.606],[20.816,45.463],[21.017,45.321],[21.139,45.304],[21.206,45.246],[21.406,45.2],[21.484,45.153],[21.408,44.958],[21.516,44.934],[21.36,44.827],[21.412,44.785],[21.558,44.782],[21.656,44.688],[21.855,44.698],[22.004,44.652],[22.034,44.596],[22.15,44.598],[22.222,44.806],[22.388,44.754],[22.442,44.769],[22.567,45.024],[22.641,45.092],[22.573,45.171],[22.669,45.24],[22.707,45.322],[22.653,45.52],[22.542,45.57],[22.445,45.663],[22.541,45.761],[22.486,45.786],[22.355,45.95],[22.229,45.893],[22.131,45.905],[21.955,45.982],[21.889,45.935],[21.737,45.95],[21.67,45.902],[21.584,45.992],[21.431,46.034],[21.369,45.973],[20.92,46.037],[20.86,46.096],[20.704,46.169]]]}},
        {"type":"Feature","properties":{"id":"ro_tr"},"geometry":{"type":"Polygon","coordinates":[[[26.416,44.064],[26.46,44.185],[26.415,44.244],[26.28,44.321],[26.342,44.401],[26.438,44.443],[26.434,44.523],[26.368,44.565],[26.431,44.651],[26.27,44.76],[26.029,44.738],[25.907,44.566],[25.599,44.553],[25.514,44.506],[25.396,44.528],[25.279,44.437],[25.19,44.453],[24.981,44.391],[24.851,44.39],[24.841,44.116],[24.658,44.045],[24.632,43.991],[24.745,43.807],[24.662,43.756],[24.753,43.739],[24.964,43.75],[25.285,43.69],[25.36,43.654],[25.482,43.67],[25.733,43.719],[25.781,43.732],[25.934,43.87],[26.151,44.012],[26.332,44.055],[26.416,44.064]]]}},
        {"type":"Feature","properties":{"id":"rs_06"},"geometry":{"type":"Polygon","coordinates":[[[18.901,45.931],[18.845,45.816],[18.968,45.669],[18.912,45.619],[18.942,45.539],[19.018,45.498],[19.002,45.444],[18.976,45.391],[19.104,45.299],[19.29,45.236],[19.394,45.172],[19.6,45.138],[19.913,45.143],[20.185,45.185],[20.278,45.141],[20.339,45.08],[20.395,45.065],[20.399,45.029],[20.636,44.849],[20.633,44.765],[20.795,44.665],[21.037,44.722],[21.164,44.748],[21.36,44.827],[21.516,44.934],[21.408,44.958],[21.484,45.153],[21.406,45.2],[21.206,45.246],[21.139,45.304],[21.017,45.321],[20.816,45.463],[20.754,45.606],[20.786,45.753],[20.643,45.795],[20.572,45.888],[20.339,45.993],[20.243,46.108],[20.115,46.152],[20.063,46.145],[19.874,46.153],[19.712,46.159],[19.55,46.164],[19.379,46.034],[19.298,46.022],[18.986,45.931],[18.901,45.931]]]}},
        {"type":"Feature","properties":{"id":"rs_11"},"geometry":{"type":"Polygon","coordinates":[[[22.692,44.228],[22.682,44.305],[22.583,44.328],[22.505,44.404],[22.484,44.5],[22.621,44.569],[22.621,44.637],[22.484,44.724],[22.32,44.685],[22.185,44.515],[22.104,44.51],[22.036,44.589],[22.034,44.596],[22.004,44.652],[21.855,44.698],[21.656,44.688],[21.558,44.782],[21.412,44.785],[21.36,44.827],[21.164,44.748],[21.037,44.722],[20.795,44.665],[20.633,44.765],[20.636,44.849],[20.399,45.029],[20.395,45.065],[20.339,45.08],[20.278,45.141],[20.185,45.185],[19.913,45.143],[19.6,45.138],[19.394,45.172],[19.142,45.162],[19.082,45.085],[19.132,44.953],[19.016,44.866],[19.174,44.925],[19.357,44.896],[19.328,44.734],[19.18,44.538],[19.13,44.518],[19.107,44.383],[19.177,44.287],[19.324,44.264],[19.362,44.191],[19.516,44.091],[19.618,44.144],[19.741,44.104],[19.894,44.128],[19.978,44.076],[20.062,44.085],[20.288,44.123],[20.423,44.242],[20.595,44.011],[20.526,43.947],[20.621,43.859],[20.688,43.79],[20.765,43.824],[20.908,43.807],[20.957,43.728],[21.137,43.714],[21.239,43.769],[21.466,43.749],[21.646,43.803],[21.68,43.891],[21.772,43.992],[21.9,43.986],[22.122,43.876],[22.24,44.042],[22.193,44.12],[22.392,44.141],[22.483,44.09],[22.466,44.018],[22.605,44.079],[22.606,44.175],[22.692,44.228]]]}},
        {"type":"Feature","properties":{"id":"rs_15"},"geometry":{"type":"Polygon","coordinates":[[[21.564,42.246],[21.677,42.235],[21.72,42.261],[21.942,42.333],[22.045,42.302],[22.138,42.319],[22.26,42.369],[22.345,42.313],[22.424,42.326],[22.509,42.405],[22.525,42.508],[22.43,42.571],[22.441,42.633],[22.481,42.74],[22.43,42.817],[22.545,42.872],[22.74,42.899],[22.935,43.086],[22.983,43.187],[22.833,43.275],[22.724,43.386],[22.659,43.401],[22.519,43.474],[22.473,43.636],[22.39,43.712],[22.349,43.808],[22.4,43.993],[22.466,44.018],[22.483,44.09],[22.392,44.141],[22.193,44.12],[22.24,44.042],[22.122,43.876],[21.9,43.986],[21.772,43.992],[21.68,43.891],[21.646,43.803],[21.466,43.749],[21.239,43.769],[21.137,43.714],[20.957,43.728],[20.913,43.701],[20.908,43.564],[20.945,43.506],[20.782,43.46],[20.829,43.383],[20.81,43.26],[20.839,43.17],[20.912,43.139],[20.993,43.104],[21.093,43.091],[21.232,42.911],[21.408,42.842],[21.387,42.755],[21.48,42.732],[21.613,42.68],[21.744,42.679],[21.718,42.551],[21.619,42.449],[21.597,42.372],[21.515,42.318],[21.564,42.246]]]}},
        {"type":"Feature","properties":{"id":"rs_16"},"geometry":{"type":"Polygon","coordinates":[[[20.81,43.26],[20.829,43.383],[20.782,43.46],[20.945,43.506],[20.908,43.564],[20.913,43.701],[20.957,43.728],[20.908,43.807],[20.765,43.824],[20.688,43.79],[20.621,43.859],[20.526,43.947],[20.595,44.011],[20.423,44.242],[20.288,44.123],[20.062,44.085],[19.978,44.076],[19.894,44.128],[19.741,44.104],[19.618,44.144],[19.516,44.091],[19.619,44.036],[19.552,43.983],[19.241,43.952],[19.462,43.762],[19.506,43.674],[19.482,43.561],[19.363,43.602],[19.253,43.589],[19.195,43.533],[19.218,43.438],[19.356,43.393],[19.548,43.219],[19.714,43.166],[19.805,43.09],[19.929,43.114],[20.054,43.022],[20.056,43.021],[20.129,42.974],[20.337,42.907],[20.345,42.827],[20.494,42.887],[20.476,42.966],[20.617,43.022],[20.644,43.052],[20.598,43.185],[20.81,43.26]]]}},
        {"type":"Feature","properties":{"id":"ru_ark"},"geometry":{"type":"MultiPolygon","coordinates":[[[[37.773,61.522],[37.857,61.285],[37.963,61.16],[38.166,61.133],[38.213,60.924],[38.418,60.874],[38.43,60.805],[38.574,60.799],[38.633,60.723],[38.789,60.713],[38.948,60.803],[39.068,60.714],[39.338,60.684],[39.648,60.746],[39.764,60.737],[39.923,60.652],[40.534,60.725],[40.757,60.774],[40.819,60.711],[41.059,60.65],[41.34,60.676],[41.412,60.791],[41.394,60.858],[41.519,60.899],[41.801,60.899],[42.024,60.836],[42.395,60.769],[42.65,60.863],[42.823,60.855],[43.049,60.74],[43.15,60.806],[43.511,60.767],[43.536,60.853],[43.715,60.885],[43.776,61.021],[44.158,61.082],[44.206,60.972],[44.455,60.947],[45.229,60.904],[45.332,61.189],[45.723,61.179],[45.767,61.055],[45.878,61.016],[46.285,60.968],[46.527,61.051],[46.737,60.986],[46.753,60.907],[47.043,60.854],[47.104,60.956],[47.245,61.056],[47.568,61.059],[47.965,60.999],[47.984,60.896],[48.419,60.854],[48.509,61.048],[48.889,61.141],[49.098,61.175],[49.302,61.176],[49.461,61.586],[49.417,61.618],[49.097,61.658],[49.052,61.691],[49.213,62.091],[49.369,62.149],[49.609,62.77],[48.875,62.829],[48.714,62.816],[48.629,62.706],[48.366,62.729],[48.237,62.473],[48.291,62.322],[47.751,62.322],[47.65,62.297],[47.621,62.185],[47.413,62.193],[47.386,62.32],[47.235,62.351],[47.238,62.636],[47.083,62.84],[47.4,62.955],[47.516,63.037],[47.555,63.148],[47.366,63.167],[47.091,63.246],[46.937,63.352],[47.026,63.531],[46.97,63.64],[46.819,63.747],[46.436,63.888],[45.884,63.964],[45.593,64.064],[45.442,64.188],[45.825,64.284],[46.323,64.265],[46.611,64.327],[48.116,64.348],[48.196,64.239],[48.408,64.224],[48.518,64.356],[48.84,64.357],[48.95,64.491],[49.45,64.463],[49.627,64.592],[50.273,64.513],[50.348,64.538],[50.467,64.792],[50.16,64.847],[50.063,64.89],[49.663,65.255],[49.567,65.292],[49.021,65.238],[48.989,65.269],[49.006,66.119],[48.156,66.13],[47.753,65.941],[47.764,65.861],[47.661,65.808],[47.407,65.836],[47.11,65.821],[46.347,66.028],[45.832,66.088],[45.741,66.068],[44.578,66.307],[44.476,66.37],[44.214,66.408],[44.124,66.315],[44.046,66.081],[43.836,66.186],[43.715,66.186],[43.655,66.285],[43.406,66.332],[43.252,66.437],[42.749,66.395],[42.645,66.453],[42.201,66.532],[42.12,66.505],[41.858,66.296],[41.343,66.063],[40.796,65.992],[40.636,65.933],[40.472,65.813],[40.28,65.73],[39.827,65.607],[39.749,65.552],[39.712,65.402],[40.114,65.075],[40.273,65.021],[40.378,64.923],[40.415,64.755],[40.528,64.578],[40.182,64.559],[40.063,64.622],[39.736,64.555],[39.567,64.545],[39.303,64.646],[39.142,64.662],[38.922,64.733],[38.512,64.788],[38.173,64.716],[38.358,64.852],[38.046,64.854],[37.795,64.921],[37.706,65.017],[37.399,65.102],[37.008,65.173],[36.9,65.151],[36.807,64.959],[36.569,64.902],[36.44,64.917],[36.56,64.717],[36.744,64.681],[36.835,64.593],[37.122,64.395],[37.339,64.34],[37.687,64.431],[38.003,64.317],[37.914,64.22],[38.046,64.148],[38.086,64.059],[38.002,63.956],[37.829,63.902],[37.614,63.881],[37.608,63.816],[37.438,63.792],[37.291,63.818],[37.169,63.895],[36.955,63.927],[36.703,63.925],[36.523,63.971],[36.555,63.764],[36.375,63.645],[35.945,63.62],[35.882,63.573],[36.058,63.46],[36.22,63.416],[36.262,63.236],[36.32,63.161],[36.259,63.032],[36.501,62.826],[36.76,62.718],[37.081,62.656],[37.352,62.684],[37.505,62.645],[37.588,62.473],[37.573,62.361],[37.43,62.237],[37.719,62.203],[37.808,61.998],[37.927,61.968],[37.857,61.698],[37.762,61.648],[37.773,61.522]]],[[[51.41,71.806],[51.532,71.566],[51.862,71.456],[52.139,71.485],[52.259,71.539],[52.574,71.576],[52.61,71.469],[52.868,71.402],[53.252,71.456],[53.362,71.333],[53.577,71.199],[54.078,71.1],[53.492,71.072],[53.673,71.005],[53.684,70.908],[53.547,70.812],[53.855,70.822],[54.007,70.758],[54.492,70.784],[54.691,70.768],[54.761,70.681],[55.267,70.585],[55.233,70.667],[55.445,70.744],[55.818,70.613],[56.132,70.596],[56.362,70.647],[57.172,70.613],[57.44,70.631],[57.639,70.73],[57.48,70.789],[57.063,70.862],[56.106,71.259],[56.027,71.371],[55.672,71.611],[55.529,71.785],[55.496,71.902],[55.355,71.943],[55.343,72.066],[55.575,72.2],[55.377,72.303],[55.466,72.436],[55.685,72.573],[55.764,72.676],[55.739,72.784],[56.138,72.782],[56.22,72.827],[56.225,73.009],[56.548,73.122],[56.435,73.23],[55.818,73.29],[55.758,73.328],[55.49,73.321],[55.304,73.339],[54.935,73.425],[54.532,73.376],[54.191,73.272],[53.753,73.299],[53.533,73.23],[53.323,73.221],[53.156,73.151],[53.142,72.962],[52.617,72.863],[52.398,72.718],[52.575,72.671],[52.794,72.682],[52.914,72.597],[52.697,72.498],[52.669,72.306],[52.402,72.223],[52.483,72.174],[52.332,72.071],[51.956,72.115],[51.61,72.092],[51.44,71.942],[51.41,71.806]]],[[[56.987,74.69],[56.556,74.684],[56.387,74.721],[55.896,74.661],[55.53,74.655],[55.709,74.522],[56.04,74.465],[55.388,74.445],[55.233,74.376],[55.527,74.346],[55.623,74.19],[55.019,74.173],[54.678,74.068],[54.726,73.978],[54.253,73.916],[53.869,73.779],[53.631,73.76],[54.074,73.609],[54.404,73.642],[54.542,73.611],[54.204,73.505],[54.277,73.415],[54.474,73.391],[55.021,73.444],[55.435,73.332],[55.772,73.348],[56.121,73.29],[56.579,73.261],[56.908,73.315],[57.254,73.457],[57.33,73.574],[57.57,73.607],[57.591,73.704],[57.946,73.807],[57.878,73.934],[58.108,73.986],[58.097,74.06],[58.385,74.14],[58.508,74.217],[58.728,74.239],[58.57,74.389],[59.091,74.495],[59.221,74.615],[59.602,74.597],[59.875,74.628],[59.934,74.725],[60.276,74.75],[60.561,74.866],[60.833,75.153],[61.107,75.198],[61.387,75.3],[62.048,75.45],[62.273,75.44],[63.03,75.588],[63.304,75.589],[63.61,75.681],[63.856,75.669],[64.311,75.722],[65.217,75.854],[66.179,75.962],[66.686,76.06],[67.146,76.105],[67.366,76.167],[67.912,76.258],[68.288,76.281],[68.344,76.35],[68.747,76.51],[68.931,76.719],[68.463,76.967],[67.588,77.013],[67.211,76.952],[66.944,76.949],[66.41,76.849],[65.753,76.683],[65.611,76.58],[65.169,76.475],[64.826,76.484],[64.035,76.315],[63.719,76.35],[62.957,76.207],[62.779,76.271],[62.094,76.253],[61.637,76.312],[61.077,76.28],[60.838,76.123],[60.268,76.11],[60.048,75.993],[59.749,75.931],[59.399,75.937],[59.137,75.865],[58.931,75.868],[58.723,75.792],[58.259,75.693],[58.187,75.589],[57.564,75.52],[57.741,75.328],[57.046,75.398],[56.761,75.287],[56.881,75.223],[56.613,75.107],[56.371,75.188],[55.808,75.157],[55.946,75.074],[55.865,75.004],[56.543,74.925],[55.885,74.846],[55.938,74.781],[56.466,74.799],[56.627,74.694],[56.987,74.69]]],[[[53.232,71.216],[53.061,71.238],[52.741,71.406],[52.258,71.349],[52.255,71.273],[52.558,71.249],[52.772,71.168],[52.8,71.093],[53.122,71.086],[53.232,71.216]]],[[[51.347,79.953],[51.001,80.103],[50.553,79.988],[51.347,79.953]]],[[[50.081,80.068],[50.229,80.226],[49.899,80.234],[49.531,80.159],[50.081,80.068]]],[[[55.795,80.642],[56.928,80.663],[56.53,80.787],[55.782,80.761],[55.432,80.714],[55.795,80.642]]],[[[46.687,80.529],[46.992,80.553],[47.558,80.748],[48.064,80.662],[48.764,80.66],[48.655,80.755],[48.275,80.831],[47.865,80.812],[47.536,80.857],[46.921,80.749],[45.095,80.649],[45.489,80.524],[46.071,80.567],[46.084,80.44],[46.48,80.46],[46.687,80.529]]],[[[62.222,80.813],[62.068,80.88],[60.564,80.823],[60.171,80.854],[59.694,80.837],[59.229,80.644],[59.242,80.529],[59.636,80.431],[60.307,80.496],[61.045,80.405],[61.706,80.597],[62.072,80.614],[62.222,80.813]]],[[[58.13,80.781],[58.421,80.749],[58.934,80.781],[58.929,80.882],[58.157,80.871],[58.13,80.781]]],[[[55.766,80.784],[55.097,80.903],[54.407,80.851],[54.877,80.721],[55.766,80.784]]],[[[51.689,80.727],[50.724,80.895],[49.677,80.854],[49.004,80.776],[49.203,80.694],[49.631,80.64],[48.827,80.498],[48.414,80.57],[48.013,80.547],[47.969,80.468],[48.202,80.416],[47.428,80.323],[47.089,80.372],[46.66,80.274],[47.102,80.17],[47.451,80.24],[47.929,80.247],[47.633,80.118],[48.444,80.101],[48.552,80.159],[49.107,80.19],[48.654,80.317],[48.84,80.388],[49.49,80.364],[49.816,80.401],[49.728,80.494],[50.121,80.527],[50.95,80.537],[51.175,80.618],[51.701,80.677],[51.689,80.727]]],[[[58.654,81.044],[58.07,81.112],[57.883,81.03],[58.254,80.955],[58.654,81.044]]],[[[57.336,80.892],[57.838,80.853],[58.282,80.927],[57.75,80.971],[57.645,81.024],[56.944,81.072],[56.799,81.027],[57.336,80.892]]],[[[54.564,80.995],[55.405,80.958],[55.799,80.854],[56.668,80.809],[57.059,80.692],[57.562,80.748],[57.681,80.817],[56.652,80.944],[56.019,81.044],[55.577,81.007],[54.863,81.084],[54.564,80.995]]],[[[57.266,81.427],[57.798,81.379],[58.306,81.377],[58.4,81.474],[57.482,81.533],[57.013,81.537],[56.755,81.45],[57.266,81.427]]],[[[62.504,81.653],[62.691,81.614],[63.467,81.589],[63.678,81.695],[62.766,81.707],[62.504,81.653]]],[[[58.295,81.714],[59.356,81.753],[59.215,81.859],[58.156,81.83],[58.295,81.714]]],[[[59.002,79.981],[59.207,79.929],[59.927,79.995],[59.786,80.094],[59.529,80.121],[58.796,80.044],[59.002,79.981]]],[[[55.712,80.103],[55.949,80.078],[56.957,80.066],[57.138,80.118],[57.131,80.306],[55.989,80.337],[56.019,80.182],[55.712,80.103]]],[[[52.623,80.183],[53.49,80.172],[53.59,80.242],[53.341,80.399],[52.86,80.405],[52.569,80.289],[52.623,80.183]]],[[[57.529,80.131],[57.913,80.184],[58.195,80.291],[59.193,80.378],[58.452,80.468],[56.946,80.482],[57.274,80.392],[57.22,80.241],[57.529,80.131]]],[[[53.798,80.473],[54.239,80.42],[54.465,80.482],[54.269,80.589],[53.798,80.473]]],[[[60.256,81.036],[60.07,80.98],[60.988,80.922],[61.6,81.031],[61.68,81.114],[60.613,81.092],[60.256,81.036]]],[[[62.771,80.886],[62.617,80.798],[63.131,80.683],[64.426,80.741],[65,80.809],[65.446,80.92],[65.45,81.023],[65.23,81.137],[64.868,81.193],[64.423,81.194],[64.12,81.094],[64.036,80.987],[63.142,80.971],[62.771,80.886]]],[[[55.647,81.2],[56.24,81.228],[56.431,81.174],[57.048,81.253],[57.811,81.275],[57.689,81.331],[56.726,81.397],[56.336,81.385],[56.545,81.255],[55.835,81.325],[55.647,81.2]]],[[[58.563,81.324],[59.054,81.287],[59.3,81.364],[59.018,81.403],[58.563,81.324]]],[[[40.455,64.582],[40.228,64.7],[40.043,64.701],[40.195,64.574],[40.455,64.582]]]]}},
        {"type":"Feature","properties":{"id":"ru_ast"},"geometry":{"type":"Polygon","coordinates":[[[46.62,48.67],[46.298,48.84],[46.057,48.869],[45.948,48.836],[45.76,48.666],[45.609,48.593],[45.301,48.558],[45.375,48.464],[45.172,48.439],[45.042,48.395],[44.987,48.268],[45.15,48.238],[45.301,48.098],[45.405,48.092],[45.547,47.997],[45.677,48.032],[45.741,48],[45.707,47.908],[45.843,47.719],[46.116,47.502],[46.297,47.437],[46.449,47.478],[46.685,47.628],[46.788,47.557],[46.526,47.435],[46.511,47.406],[46.726,47.089],[46.801,47.004],[46.912,46.98],[46.988,46.863],[47.126,46.851],[47.213,46.742],[47.15,46.668],[47.022,46.635],[46.93,46.556],[46.94,46.432],[46.664,46.429],[46.531,46.338],[46.504,46.274],[46.856,46.244],[46.846,46.076],[47.089,46.118],[47.17,46.078],[47.04,45.966],[46.906,45.637],[46.922,45.578],[47.296,45.646],[47.354,45.684],[47.47,45.635],[47.496,45.565],[47.615,45.57],[47.626,45.709],[47.897,45.694],[48.064,45.746],[48.27,45.779],[48.289,45.837],[48.394,45.868],[48.466,45.94],[48.573,45.971],[48.627,45.912],[48.741,45.923],[48.714,46.13],[48.86,46.074],[48.887,46.122],[49.112,46.221],[49.076,46.286],[49.227,46.328],[49.033,46.405],[48.897,46.482],[48.82,46.479],[48.705,46.55],[48.573,46.558],[48.455,46.661],[48.557,46.762],[48.677,46.758],[48.764,46.683],[48.917,46.703],[49.006,46.769],[48.697,47.101],[48.525,47.41],[48.361,47.493],[48.174,47.713],[48.044,47.77],[47.65,47.766],[47.435,47.834],[47.389,47.812],[47.36,47.683],[47.174,47.771],[47.155,47.877],[47.051,47.975],[47.178,48.052],[47.104,48.101],[47.078,48.275],[46.479,48.41],[46.62,48.67]]]}},
        {"type":"Feature","properties":{"id":"ru_ba"},"geometry":{"type":"Polygon","coordinates":[[[58.828,52.433],[58.777,52.525],[58.812,52.587],[58.724,52.645],[58.778,52.704],[58.749,52.835],[58.9,53.066],[58.865,53.32],[58.868,53.502],[58.821,53.596],[58.907,53.666],[58.873,53.758],[58.906,53.862],[59.014,53.958],[59.162,53.993],[59.263,54.14],[59.344,54.185],[59.544,54.196],[59.694,54.129],[59.801,54.242],[59.667,54.34],[59.746,54.447],[59.679,54.498],[59.86,54.603],[59.975,54.801],[59.614,54.867],[59.404,54.703],[59.228,54.611],[59.061,54.632],[58.825,54.572],[58.614,54.47],[58.364,54.547],[58.206,54.515],[57.971,54.393],[57.743,54.501],[57.742,54.583],[57.594,54.629],[57.497,54.701],[57.386,54.72],[57.165,54.819],[57.243,54.957],[57.137,55.092],[57.234,55.15],[57.264,55.262],[57.518,55.334],[57.675,55.3],[58.03,55.275],[58.144,55.209],[57.965,55.159],[58.089,55.02],[58.147,55.117],[58.288,55.171],[58.364,55.084],[58.62,54.95],[58.816,55.025],[58.674,55.188],[58.797,55.203],[58.872,55.323],[58.981,55.303],[59.159,55.332],[59.201,55.45],[59.565,55.5],[59.447,55.632],[59.255,55.614],[59.296,55.78],[59.165,55.79],[59.228,55.911],[59.178,55.99],[59.269,56.048],[59.188,56.127],[59.026,56.169],[58.944,56.066],[58.747,56.063],[58.543,56.163],[58.308,56.105],[58.079,56.141],[57.907,56.115],[57.802,56.151],[57.537,56.1],[57.411,56.235],[57.408,56.329],[57.274,56.305],[57.213,56.182],[56.864,56.108],[56.73,56.224],[56.655,56.22],[56.402,56.387],[56.275,56.305],[56.073,56.289],[55.876,56.437],[55.548,56.4],[55.448,56.341],[54.968,56.32],[54.918,56.392],[54.532,56.515],[54.43,56.343],[54.352,56.359],[54.346,56.253],[54.117,56.158],[54.047,56.058],[53.838,56.039],[53.777,55.97],[53.632,55.907],[53.759,55.866],[53.976,55.853],[54.177,55.707],[54.175,55.624],[53.997,55.544],[53.891,55.381],[53.723,55.338],[53.591,55.212],[53.418,55.222],[53.327,55.166],[53.147,55.147],[53.141,55.099],[53.269,55.012],[53.422,54.982],[53.579,54.822],[53.607,54.728],[53.348,54.382],[53.47,54.046],[53.598,53.883],[53.656,53.752],[53.878,53.658],[54.108,53.417],[54.302,53.41],[54.52,53.36],[54.559,53.27],[54.664,53.236],[54.802,53.271],[54.927,53.22],[54.955,53.11],[55.162,52.823],[55.264,52.862],[55.407,52.837],[55.412,52.658],[55.545,52.542],[55.546,52.385],[55.778,52.344],[55.889,52.399],[55.919,52.499],[56.078,52.604],[56.365,52.523],[56.445,52.42],[56.451,52.309],[56.194,52.189],[56.217,52.132],[56.495,52.162],[56.627,52.118],[56.685,52.045],[56.608,51.829],[56.748,51.773],[56.715,51.721],[56.78,51.592],[56.89,51.625],[56.876,51.699],[56.999,51.728],[57.036,51.66],[57.207,51.575],[57.374,51.639],[57.432,51.726],[57.621,51.759],[57.653,51.863],[57.784,51.826],[57.882,51.846],[57.981,51.786],[58.092,51.795],[58.236,51.738],[58.494,51.762],[58.576,51.793],[58.639,52.016],[58.694,52.049],[58.606,52.181],[58.691,52.265],[58.857,52.263],[58.828,52.433]]]}},
        {"type":"Feature","properties":{"id":"ru_bel"},"geometry":{"type":"Polygon","coordinates":[[[35.692,50.344],[35.837,50.423],[36.106,50.421],[36.269,50.281],[36.4,50.307],[36.683,50.261],[36.914,50.339],[37.197,50.362],[37.285,50.415],[37.435,50.425],[37.48,50.34],[37.599,50.291],[37.589,50.215],[37.728,50.079],[37.916,50.003],[38.023,49.909],[38.166,49.941],[38.174,50.06],[38.3,50.061],[38.344,49.992],[38.498,49.948],[38.664,49.963],[38.687,49.914],[38.852,49.866],[38.937,49.803],[39.181,49.859],[39.234,50.056],[39.099,50.173],[39.085,50.349],[38.99,50.433],[39.098,50.506],[39.072,50.636],[38.966,50.647],[38.724,50.79],[38.737,50.901],[38.874,50.911],[38.846,51.036],[38.738,51.074],[38.618,50.998],[38.516,51.062],[38.397,51.077],[38.396,51.157],[38.501,51.189],[38.446,51.257],[38.292,51.292],[38.027,51.366],[38.046,51.42],[37.829,51.42],[37.667,51.366],[37.539,51.394],[37.379,51.385],[37.249,51.331],[37.144,51.343],[37.054,51.247],[36.856,51.186],[36.618,51.08],[36.314,51.103],[35.976,51.158],[36,51.058],[35.877,51.012],[35.817,50.945],[35.546,50.906],[35.512,50.947],[35.282,50.961],[35.342,50.916],[35.445,50.688],[35.378,50.622],[35.425,50.5],[35.523,50.46],[35.57,50.376],[35.692,50.344]]]}},
        {"type":"Feature","properties":{"id":"ru_bry"},"geometry":{"type":"Polygon","coordinates":[[[33.401,52.344],[33.532,52.289],[33.688,52.356],[33.804,52.355],[34.056,52.17],[34.068,52.031],[34.146,51.952],[34.371,51.827],[34.407,52.013],[34.531,52.07],[34.672,52.065],[34.715,52.216],[34.805,52.185],[34.917,52.322],[34.897,52.353],[34.833,52.424],[34.99,52.511],[35.011,52.614],[35.092,52.698],[34.948,52.783],[34.869,52.784],[34.805,52.868],[34.967,52.97],[35.157,52.969],[35.314,53.066],[35.182,53.102],[35.122,53.186],[35.104,53.311],[35.017,53.381],[34.673,53.39],[34.582,53.428],[34.488,53.544],[34.49,53.666],[34.385,53.719],[34.199,53.892],[34.031,53.862],[33.86,53.879],[33.78,53.982],[33.682,54.026],[33.501,54.016],[33.475,53.972],[33.287,53.954],[33.289,53.822],[32.899,53.569],[32.908,53.493],[32.718,53.431],[32.717,53.335],[32.58,53.324],[32.406,53.193],[32.206,53.1],[31.907,53.092],[31.78,53.128],[31.739,53.193],[31.416,53.2],[31.362,53.12],[31.247,53.014],[31.388,52.888],[31.505,52.849],[31.57,52.725],[31.481,52.683],[31.579,52.578],[31.608,52.372],[31.567,52.311],[31.683,52.257],[31.764,52.101],[31.892,52.036],[32.096,52.041],[32.233,52.081],[32.307,52.141],[32.34,52.287],[32.528,52.316],[32.725,52.252],[32.927,52.247],[33.197,52.369],[33.401,52.344]]]}},
        {"type":"Feature","properties":{"id":"ru_ce"},"geometry":{"type":"Polygon","coordinates":[[[45.076,42.691],[45.184,42.675],[45.302,42.56],[45.356,42.52],[45.479,42.542],[45.621,42.53],[45.74,42.471],[45.821,42.487],[45.948,42.575],[46.095,42.715],[46.17,42.73],[46.123,42.843],[46.336,42.904],[46.425,42.877],[46.534,42.961],[46.403,43.114],[46.423,43.315],[46.36,43.361],[46.338,43.458],[46.439,43.541],[46.483,43.672],[46.585,43.772],[46.586,43.872],[46.452,43.887],[46.462,43.962],[46.349,43.998],[46.257,43.948],[46.22,43.863],[46.016,43.876],[46.045,43.934],[45.803,43.978],[45.71,43.955],[45.509,44.015],[45.459,44],[45.432,43.879],[45.237,43.88],[45.19,43.952],[45.083,43.953],[45.08,43.788],[45,43.705],[44.839,43.661],[44.839,43.584],[45.047,43.494],[45.121,43.204],[45.169,43.127],[45.137,43.075],[45.161,42.946],[45.137,42.835],[45.172,42.792],[45.076,42.691]]]}},
        {"type":"Feature","properties":{"id":"ru_cu"},"geometry":{"type":"Polygon","coordinates":[[[48.412,55.829],[48.285,55.846],[48.024,55.937],[47.905,56.114],[47.829,56.145],[47.529,56.154],[47.437,56.188],[47.385,56.33],[47.277,56.335],[47.056,56.288],[46.658,56.12],[46.402,56.119],[46.214,56.05],[46.099,55.941],[46.094,55.808],[45.92,55.688],[46.14,55.524],[46.244,55.524],[46.384,55.463],[46.254,55.385],[46.229,55.273],[46.098,55.204],[46.056,55.042],[46.415,54.895],[46.441,54.772],[46.869,54.632],[47.063,54.69],[47.242,54.678],[47.37,54.753],[47.379,54.832],[47.487,54.858],[47.729,54.831],[47.803,54.945],[47.996,54.968],[48.075,55.108],[48.017,55.276],[47.913,55.316],[47.763,55.214],[47.703,55.328],[47.834,55.342],[47.974,55.5],[48.101,55.545],[48.025,55.63],[48.205,55.694],[48.412,55.829]]]}},
        {"type":"Feature","properties":{"id":"ru_da"},"geometry":{"type":"Polygon","coordinates":[[[45.74,42.471],[45.621,42.224],[45.948,42.023],[46.13,41.984],[46.224,41.993],[46.431,41.89],[46.526,41.882],[46.587,41.787],[46.71,41.835],[46.835,41.73],[46.907,41.707],[47.028,41.557],[47.107,41.57],[47.179,41.492],[47.268,41.303],[47.367,41.262],[47.501,41.246],[47.568,41.205],[47.695,41.207],[47.813,41.197],[48.002,41.362],[48.054,41.461],[48.202,41.493],[48.37,41.58],[48.462,41.721],[48.579,41.845],[48.416,41.915],[48.304,42.103],[48.222,42.175],[48.096,42.35],[48.024,42.393],[47.868,42.585],[47.752,42.637],[47.716,42.697],[47.698,42.867],[47.462,43.021],[47.481,43.202],[47.565,43.268],[47.487,43.311],[47.491,43.463],[47.602,43.766],[47.702,43.874],[47.555,43.878],[47.465,43.552],[47.38,43.56],[47.459,43.754],[47.503,43.781],[47.358,44.021],[47.29,44.093],[47.246,44.212],[47.167,44.203],[47.078,44.264],[47.044,44.346],[46.701,44.446],[46.68,44.528],[46.722,44.655],[46.888,44.752],[46.603,44.885],[46.434,44.937],[45.854,45.001],[45.706,44.976],[45.621,44.899],[45.614,44.766],[45.435,44.617],[45.271,44.591],[45.237,44.46],[45.398,44.444],[45.444,44.402],[45.404,44.318],[45.131,44.268],[45.124,44.202],[45.506,44.19],[45.509,44.015],[45.71,43.955],[45.803,43.978],[46.045,43.934],[46.016,43.876],[46.22,43.863],[46.257,43.948],[46.349,43.998],[46.462,43.962],[46.452,43.887],[46.586,43.872],[46.585,43.772],[46.483,43.672],[46.439,43.541],[46.338,43.458],[46.36,43.361],[46.423,43.315],[46.403,43.114],[46.534,42.961],[46.425,42.877],[46.336,42.904],[46.123,42.843],[46.17,42.73],[46.095,42.715],[45.948,42.575],[45.821,42.487],[45.74,42.471]]]}},
        {"type":"Feature","properties":{"id":"ru_iva"},"geometry":{"type":"Polygon","coordinates":[[[40.445,57.276],[40.327,57.293],[40.193,57.213],[40.064,57.219],[39.842,57.177],[39.844,57.129],[39.52,57.027],[39.527,56.956],[39.387,56.835],[39.417,56.772],[39.679,56.822],[39.859,56.78],[39.879,56.646],[39.943,56.53],[40.156,56.434],[40.491,56.584],[40.715,56.598],[40.934,56.502],[41.053,56.475],[41.934,56.517],[41.958,56.391],[42.066,56.368],[42.289,56.471],[42.588,56.42],[42.648,56.481],[42.882,56.472],[42.845,56.552],[42.902,56.646],[42.787,56.669],[42.83,56.802],[42.978,56.842],[43.339,56.861],[43.501,56.906],[43.67,57.043],[43.514,57.118],[43.539,57.262],[43.689,57.279],[43.727,57.466],[43.542,57.567],[43.312,57.517],[43.264,57.424],[42.973,57.388],[42.853,57.394],[42.851,57.667],[42.726,57.702],[42.65,57.635],[42.404,57.633],[42.336,57.579],[42.186,57.56],[42.026,57.589],[41.886,57.686],[41.63,57.75],[41.567,57.704],[41.604,57.524],[41.27,57.426],[41.17,57.435],[41.073,57.348],[40.571,57.316],[40.445,57.276]]]}},
        {"type":"Feature","properties":{"id":"ru_kb"},"geometry":{"type":"Polygon","coordinates":[[[42.363,43.235],[42.596,43.14],[42.752,43.177],[43,43.099],[42.99,43.053],[43.175,42.934],[43.386,42.887],[43.586,42.836],[43.663,42.78],[43.801,42.746],[43.726,42.654],[43.751,42.599],[43.908,42.566],[44.055,42.615],[44.186,42.627],[44.272,42.702],[44.479,42.744],[44.639,42.74],[44.736,42.678],[44.859,42.76],[45.076,42.691],[45.172,42.792],[45.137,42.835],[45.161,42.946],[45.137,43.075],[45.169,43.127],[45.121,43.204],[45.047,43.494],[44.839,43.584],[44.839,43.661],[44.803,43.802],[44.694,43.83],[44.399,43.795],[44.285,43.819],[44.259,43.925],[43.906,43.994],[43.803,43.941],[43.729,43.839],[43.502,43.867],[43.3,43.824],[43.266,43.91],[43.175,43.948],[43.111,43.896],[42.975,43.891],[42.852,43.817],[42.683,43.807],[42.671,43.696],[42.46,43.615],[42.479,43.5],[42.405,43.395],[42.404,43.284],[42.363,43.235]]]}},
        {"type":"Feature","properties":{"id":"ru_kc"},"geometry":{"type":"Polygon","coordinates":[[[40.69,43.523],[40.875,43.456],[41.012,43.375],[41.181,43.375],[41.381,43.335],[41.551,43.226],[42.011,43.182],[42.154,43.217],[42.363,43.235],[42.404,43.284],[42.405,43.395],[42.479,43.5],[42.46,43.615],[42.671,43.696],[42.683,43.807],[42.66,43.917],[42.497,44.03],[42.378,43.971],[42.306,44.058],[42.303,44.129],[42.555,44.245],[42.499,44.299],[42.346,44.306],[42.23,44.344],[42.038,44.364],[41.945,44.403],[41.905,44.495],[41.729,44.459],[41.602,44.367],[41.704,44.308],[41.711,44.243],[41.633,44.122],[41.538,44.085],[41.449,43.994],[41.282,44.012],[41.256,44.081],[40.985,44.116],[40.951,43.989],[40.782,43.927],[40.724,43.81],[40.723,43.631],[40.69,43.523]]]}},
        {"type":"Feature","properties":{"id":"ru_kda"},"geometry":{"type":"Polygon","coordinates":[[[39.986,43.389],[40.059,43.535],[40.233,43.576],[40.48,43.509],[40.69,43.523],[40.723,43.631],[40.724,43.81],[40.782,43.927],[40.951,43.989],[40.985,44.116],[41.256,44.081],[41.282,44.012],[41.449,43.994],[41.538,44.085],[41.633,44.122],[41.711,44.243],[41.704,44.308],[41.602,44.367],[41.729,44.459],[41.567,44.546],[41.417,44.708],[41.538,44.736],[41.651,44.897],[41.642,44.981],[41.469,44.987],[41.347,45.122],[41.36,45.212],[41.26,45.228],[41.038,45.218],[41.008,45.385],[40.925,45.43],[40.841,45.539],[40.87,45.696],[41.172,45.702],[41.274,45.754],[41.261,45.872],[41.162,45.954],[41.126,46.068],[41,46.127],[40.954,46.198],[40.757,46.233],[40.735,46.276],[40.339,46.28],[40.234,46.358],[40.284,46.403],[40.214,46.525],[40.059,46.542],[40.045,46.616],[40.132,46.722],[40.023,46.765],[39.817,46.785],[39.577,46.778],[39.444,46.809],[39.18,46.688],[39.099,46.601],[38.884,46.635],[38.849,46.713],[38.883,46.808],[38.69,46.821],[38.674,46.863],[38.475,46.862],[38.403,46.821],[38.374,46.729],[38.553,46.717],[38.462,46.647],[38.314,46.676],[38.28,46.726],[38.104,46.676],[38.037,46.629],[37.852,46.623],[37.738,46.676],[37.827,46.477],[37.991,46.402],[38.123,46.378],[38.271,46.274],[38.3,46.219],[38.557,46.115],[38.56,46.033],[38.446,46.034],[38.249,46.142],[38.167,46.121],[38.131,45.99],[38.038,46.057],[37.94,46.02],[37.829,45.753],[37.595,45.635],[37.649,45.585],[37.738,45.375],[37.635,45.334],[37.505,45.361],[37.431,45.322],[37.159,45.326],[36.833,45.443],[36.782,45.388],[36.83,45.231],[36.593,45.165],[36.702,45.104],[36.84,45.109],[37.192,44.991],[37.287,44.928],[37.351,44.779],[37.478,44.677],[37.632,44.669],[37.769,44.632],[37.875,44.689],[37.923,44.614],[38.108,44.497],[38.178,44.406],[38.31,44.366],[38.595,44.332],[38.776,44.261],[38.874,44.173],[38.978,44.148],[39.116,44.024],[39.329,43.896],[39.458,43.771],[39.718,43.568],[39.847,43.51],[39.986,43.389]]]}},
        {"type":"Feature","properties":{"id":"ru_kgd"},"geometry":{"type":"Polygon","coordinates":[[[21.268,55.249],[21.181,55.193],[21.23,54.939],[21.079,54.9],[20.86,54.911],[20.764,54.948],[20.531,54.965],[20.824,55.143],[20.989,55.273],[20.925,55.283],[20.634,55.049],[20.366,54.946],[20.034,54.948],[19.921,54.89],[19.962,54.773],[19.832,54.598],[19.61,54.457],[19.758,54.434],[20.93,54.398],[21.721,54.373],[22.698,54.343],[22.767,54.356],[22.68,54.453],[22.725,54.723],[22.833,54.779],[22.809,54.894],[22.633,54.958],[22.571,55.064],[22.27,55.07],[22.1,55.03],[21.751,55.128],[21.605,55.192],[21.504,55.194],[21.406,55.272],[21.268,55.249]]]}},
        {"type":"Feature","properties":{"id":"ru_kir"},"geometry":{"type":"Polygon","coordinates":[[[47.043,60.854],[47.084,60.819],[46.959,60.66],[47.049,60.575],[46.862,60.507],[46.807,60.318],[46.75,60.261],[46.441,60.271],[46.349,60.214],[46.404,60.107],[46.608,60.067],[47.036,60.1],[46.923,59.844],[46.935,59.789],[47.113,59.753],[47.114,59.611],[47.056,59.379],[47.252,59.355],[47.239,59.22],[47.571,59.06],[47.602,58.907],[47.452,58.921],[47.282,58.893],[47.313,58.807],[47.12,58.775],[46.947,58.607],[46.687,58.567],[46.554,58.488],[46.541,58.397],[46.424,58.347],[46.407,58.209],[46.341,58.075],[46.43,58.02],[47.354,58.026],[47.452,57.987],[47.703,57.958],[47.762,57.876],[47.572,57.81],[47.521,57.586],[47.471,57.529],[47.249,57.567],[47.054,57.498],[46.75,57.517],[46.695,57.32],[46.79,57.281],[46.742,57.205],[46.763,57.03],[46.715,56.966],[47.161,56.901],[47.174,56.814],[47.509,56.893],[47.77,57.06],[47.91,56.983],[48.202,57.028],[48.293,57.163],[48.451,57.128],[48.569,57.172],[48.822,57.164],[48.961,57.089],[49.035,57.288],[49.213,57.291],[49.15,57.15],[49.285,57.039],[49.411,57.025],[49.529,57.073],[49.7,57.073],[49.742,56.9],[50.017,56.864],[50.101,56.792],[50.072,56.623],[50.35,56.67],[50.497,56.511],[50.586,56.367],[50.706,56.33],[50.851,56.39],[50.908,56.296],[50.837,56.248],[51.073,56.131],[51.224,56.1],[51.436,56.144],[51.42,56.284],[51.32,56.329],[51.273,56.44],[51.145,56.515],[51.206,56.67],[51.379,56.68],[51.4,56.767],[51.54,56.883],[51.359,56.927],[51.227,57.067],[51.193,57.203],[51.12,57.265],[51.181,57.447],[51.397,57.478],[51.601,57.457],[51.64,57.544],[51.748,57.546],[51.862,57.647],[51.924,57.817],[51.852,57.842],[51.885,57.986],[51.793,58.043],[51.766,58.141],[51.673,58.166],[51.791,58.281],[51.796,58.361],[51.971,58.464],[52.167,58.49],[52.329,58.45],[52.87,58.411],[52.921,58.534],[53.13,58.537],[53.165,58.456],[53.34,58.389],[53.498,58.45],[53.785,58.44],[53.705,58.595],[53.75,58.697],[53.922,58.783],[53.726,58.917],[53.767,59.022],[53.877,59.093],[53.434,59.144],[53.335,59.185],[53.206,59.364],[53.354,59.501],[53.418,59.678],[53.592,59.709],[53.707,60.001],[53.608,60.143],[53.457,60.205],[53.358,60.166],[52.454,60.201],[52.298,60.242],[52.061,60.317],[51.9,60.244],[51.802,60.115],[51.521,59.946],[51.421,59.943],[51.307,60.028],[51.075,60.061],[50.83,59.871],[50.386,59.84],[50.212,59.754],[49.999,59.777],[50.04,59.682],[49.834,59.638],[49.795,59.233],[49.664,59.208],[49.527,59.235],[49.525,59.397],[49.363,59.416],[49.151,59.506],[49.039,59.5],[49.073,59.66],[48.508,59.715],[48.493,59.989],[48.456,60.115],[48.497,60.218],[48.755,60.361],[48.519,60.476],[48.538,60.564],[48.419,60.854],[47.984,60.896],[47.965,60.999],[47.568,61.059],[47.245,61.056],[47.104,60.956],[47.043,60.854]]]}},
        {"type":"Feature","properties":{"id":"ru_kl"},"geometry":{"type":"Polygon","coordinates":[[[46.888,44.752],[47.071,44.785],[47.146,44.929],[47.201,44.97],[47.297,45.187],[47.536,45.508],[47.496,45.565],[47.47,45.635],[47.354,45.684],[47.296,45.646],[46.922,45.578],[46.906,45.637],[47.04,45.966],[47.17,46.078],[47.089,46.118],[46.846,46.076],[46.856,46.244],[46.504,46.274],[46.531,46.338],[46.664,46.429],[46.94,46.432],[46.93,46.556],[47.022,46.635],[47.15,46.668],[47.213,46.742],[47.126,46.851],[46.988,46.863],[46.912,46.98],[46.801,47.004],[46.726,47.089],[46.511,47.406],[46.526,47.435],[46.788,47.557],[46.685,47.628],[46.449,47.478],[46.297,47.437],[46.116,47.502],[45.843,47.719],[45.707,47.908],[45.741,48],[45.677,48.032],[45.547,47.997],[45.405,48.092],[45.301,48.098],[45.137,48.112],[44.963,48.209],[44.933,48.135],[44.766,48.059],[44.662,48.089],[44.547,48.063],[44.54,48.197],[44.306,48.255],[44.314,48.094],[44.448,48.05],[44.467,47.99],[44.389,47.868],[44.083,47.909],[43.951,47.756],[43.822,47.75],[43.705,47.683],[43.634,47.57],[43.732,47.477],[43.799,47.371],[43.802,47.283],[43.939,47.269],[43.953,47.365],[44.11,47.414],[44.117,47.533],[44.228,47.575],[44.334,47.475],[44.328,47.111],[44.262,46.9],[43.93,46.723],[43.817,46.589],[43.928,46.521],[43.918,46.416],[43.786,46.407],[43.646,46.216],[43.559,46.169],[43.356,46.172],[43.08,46.36],[42.912,46.435],[42.787,46.389],[42.597,46.411],[42.409,46.525],[42.181,46.578],[42.034,46.543],[42.1,46.407],[42.202,46.314],[41.995,46.301],[41.915,46.185],[41.84,46.153],[41.726,46.214],[41.656,46.105],[41.713,45.996],[42.15,45.949],[42.177,46.099],[42.34,46.107],[42.317,45.981],[42.533,45.998],[42.671,46.088],[42.835,46.156],[42.905,46.24],[42.991,46.18],[43.237,46.112],[43.393,46.016],[43.568,45.981],[43.742,45.979],[43.878,45.945],[44.097,45.774],[44.148,45.653],[44.421,45.527],[44.706,45.506],[45.353,45.243],[45.586,45.158],[45.712,45.014],[45.706,44.976],[45.854,45.001],[46.434,44.937],[46.603,44.885],[46.888,44.752]]]}},
        {"type":"Feature","properties":{"id":"ru_klu"},"geometry":{"type":"Polygon","coordinates":[[[33.501,54.016],[33.682,54.026],[33.78,53.982],[33.86,53.879],[34.031,53.862],[34.199,53.892],[34.385,53.719],[34.49,53.666],[34.488,53.544],[34.582,53.428],[34.673,53.39],[35.017,53.381],[35.104,53.311],[35.205,53.272],[35.356,53.284],[35.422,53.404],[35.637,53.543],[35.766,53.519],[35.911,53.644],[36.01,53.618],[35.931,53.786],[35.989,53.916],[36.111,53.961],[36.201,54.098],[36.237,54.229],[36.354,54.223],[36.461,54.288],[36.714,54.317],[36.891,54.283],[36.965,54.396],[36.848,54.472],[36.805,54.61],[37.089,54.549],[37.208,54.688],[37.259,54.836],[37.12,54.991],[37.084,55.096],[36.904,55.229],[36.586,55.309],[36.423,55.319],[36.238,55.194],[35.856,55.238],[35.755,55.287],[35.579,55.29],[35.465,55.22],[35.37,55.239],[35.284,55.112],[35.144,55.022],[35.002,54.887],[34.866,54.884],[34.921,54.772],[34.817,54.709],[34.5,54.632],[34.416,54.451],[34.326,54.43],[34.108,54.55],[33.927,54.572],[33.729,54.562],[33.643,54.485],[33.617,54.381],[33.684,54.321],[33.562,54.156],[33.501,54.016]]]}},
        {"type":"Feature","properties":{"id":"ru_ko"},"geometry":{"type":"Polygon","coordinates":[[[49.006,66.119],[48.989,65.269],[49.021,65.238],[49.567,65.292],[49.663,65.255],[50.063,64.89],[50.16,64.847],[50.467,64.792],[50.348,64.538],[50.273,64.513],[49.627,64.592],[49.45,64.463],[48.95,64.491],[48.84,64.357],[48.518,64.356],[48.408,64.224],[48.196,64.239],[48.116,64.348],[46.611,64.327],[46.323,64.265],[45.825,64.284],[45.442,64.188],[45.593,64.064],[45.884,63.964],[46.436,63.888],[46.819,63.747],[46.97,63.64],[47.026,63.531],[46.937,63.352],[47.091,63.246],[47.366,63.167],[47.555,63.148],[47.516,63.037],[47.4,62.955],[47.083,62.84],[47.238,62.636],[47.235,62.351],[47.386,62.32],[47.413,62.193],[47.621,62.185],[47.65,62.297],[47.751,62.322],[48.291,62.322],[48.237,62.473],[48.366,62.729],[48.629,62.706],[48.714,62.816],[48.875,62.829],[49.609,62.77],[49.369,62.149],[49.213,62.091],[49.052,61.691],[49.097,61.658],[49.417,61.618],[49.461,61.586],[49.302,61.176],[49.098,61.175],[48.889,61.141],[48.509,61.048],[48.419,60.854],[48.538,60.564],[48.519,60.476],[48.755,60.361],[48.497,60.218],[48.456,60.115],[48.493,59.989],[48.508,59.715],[49.073,59.66],[49.039,59.5],[49.151,59.506],[49.363,59.416],[49.525,59.397],[49.527,59.235],[49.664,59.208],[49.795,59.233],[49.834,59.638],[50.04,59.682],[49.999,59.777],[50.212,59.754],[50.386,59.84],[50.83,59.871],[51.075,60.061],[51.307,60.028],[51.421,59.943],[51.521,59.946],[51.802,60.115],[51.9,60.244],[52.061,60.317],[52.298,60.242],[52.324,60.432],[52.138,60.473],[52.134,60.547],[51.774,60.606],[51.89,60.876],[52.355,60.844],[52.442,60.98],[52.79,60.949],[52.876,61.094],[53.349,61.037],[53.354,60.893],[53.791,60.848],[53.853,60.98],[54.98,60.864],[55.062,61.009],[55.214,61.019],[55.316,61.123],[55.69,61.086],[55.841,61.25],[56.257,61.206],[56.391,61.42],[56.545,61.435],[56.702,61.525],[57.086,61.488],[57.204,61.511],[58.692,61.503],[59.023,61.552],[59.114,61.615],[59.349,61.682],[59.389,61.744],[59.345,61.857],[59.485,61.993],[59.404,62.108],[59.507,62.307],[59.565,62.335],[59.644,62.51],[59.527,62.541],[59.394,62.731],[59.483,62.892],[59.278,62.97],[59.232,63.089],[59.33,63.274],[59.292,63.342],[59.494,63.611],[59.521,63.791],[59.584,63.938],[59.761,63.996],[59.838,64.08],[59.588,64.233],[59.633,64.344],[59.589,64.467],[59.484,64.497],[59.704,64.668],[59.648,64.772],[59.75,64.859],[59.889,64.901],[60.147,65.065],[60.305,65.071],[60.677,64.912],[60.831,65.051],[61.003,65.06],[61.107,65.161],[61.241,65.192],[61.263,65.307],[61.511,65.5],[61.882,65.702],[62.101,65.722],[62.504,65.831],[62.839,65.869],[62.807,65.937],[62.87,66.079],[63.066,66.232],[63.241,66.313],[63.306,66.4],[63.809,66.547],[63.969,66.646],[64.316,66.668],[64.567,66.794],[64.999,66.865],[65.116,66.908],[65.09,67.054],[65.19,67.145],[65.422,67.215],[65.708,67.335],[65.937,67.393],[66.11,67.489],[66.026,67.576],[65.836,67.555],[65.831,67.643],[66.206,67.693],[66.022,67.794],[66.083,67.934],[65.437,67.92],[65.29,68.012],[65.33,68.085],[65.273,68.216],[65.48,68.43],[64.745,68.404],[64.523,68.344],[64.53,68.2],[64.325,68.134],[63.829,68.017],[63.944,67.884],[63.69,67.762],[63.445,67.771],[63.161,67.691],[62.871,67.58],[62.821,67.388],[61.851,67.126],[61.695,67.03],[61.432,67],[60.082,66.99],[59.918,67.002],[58.79,67],[53.772,66.999],[52.246,67.089],[51.836,66.995],[51.811,66.954],[51.495,66.907],[51.51,66.783],[49.006,66.119]]]}},
        {"type":"Feature","properties":{"id":"ru_kos"},"geometry":{"type":"Polygon","coordinates":[[[40.926,58.579],[41.034,58.522],[41.065,58.411],[41.164,58.361],[40.889,58.198],[40.885,58.126],[40.744,58.052],[40.626,57.94],[40.623,57.655],[40.663,57.581],[40.499,57.58],[40.385,57.498],[40.448,57.441],[40.445,57.276],[40.571,57.316],[41.073,57.348],[41.17,57.435],[41.27,57.426],[41.604,57.524],[41.567,57.704],[41.63,57.75],[41.886,57.686],[42.026,57.589],[42.186,57.56],[42.336,57.579],[42.404,57.633],[42.65,57.635],[42.726,57.702],[42.851,57.667],[42.853,57.394],[42.973,57.388],[43.264,57.424],[43.312,57.517],[43.542,57.567],[43.727,57.466],[43.846,57.431],[43.995,57.44],[44.303,57.517],[44.612,57.707],[44.728,57.704],[44.865,57.88],[44.793,57.955],[44.863,58.075],[45.155,58.08],[45.462,58.035],[45.557,57.939],[45.706,57.974],[45.817,58.047],[46.341,58.075],[46.407,58.209],[46.424,58.347],[46.541,58.397],[46.554,58.488],[46.687,58.567],[46.947,58.607],[47.12,58.775],[47.313,58.807],[47.282,58.893],[47.452,58.921],[47.602,58.907],[47.571,59.06],[47.239,59.22],[47.252,59.355],[47.056,59.379],[47.114,59.611],[46.875,59.632],[46.757,59.607],[46.406,59.633],[46.356,59.347],[46.182,59.345],[46.004,59.282],[45.918,59.184],[45.366,59.198],[45.091,59.184],[44.991,59.122],[44.391,59.153],[44.207,59.172],[44.103,59.23],[43.96,59.205],[43.742,59.26],[43.582,59.188],[43.498,59.294],[43.294,59.218],[43.151,59.261],[43.026,59.208],[42.8,59.17],[42.671,59.228],[42.632,59.308],[42.197,59.303],[42.188,59.391],[42.058,59.427],[41.959,59.278],[42.09,59.23],[42.012,59.118],[41.687,59.08],[41.522,59.037],[41.245,58.902],[41.146,58.785],[41.218,58.74],[40.926,58.579]]]}},
        {"type":"Feature","properties":{"id":"ru_kr"},"geometry":{"type":"MultiPolygon","coordinates":[[[[29.546,66.432],[29.651,66.288],[29.9,66.108],[30.075,65.823],[30.112,65.712],[29.703,65.629],[29.839,65.565],[29.732,65.497],[29.72,65.329],[29.58,65.235],[29.833,65.205],[29.82,65.094],[29.668,65.078],[29.588,64.991],[29.698,64.839],[29.78,64.796],[30.063,64.784],[30.171,64.682],[30.136,64.615],[29.966,64.579],[30.07,64.472],[30.093,64.361],[30.321,64.318],[30.558,64.22],[30.586,64.085],[30.509,63.991],[30.202,63.793],[29.998,63.747],[30.001,63.715],[30.489,63.462],[30.821,63.376],[30.975,63.289],[31.226,63.196],[31.251,63.115],[31.57,62.906],[31.441,62.789],[31.363,62.652],[31.222,62.492],[30.908,62.293],[30.635,62.184],[30.146,61.85],[29.779,61.593],[29.54,61.485],[29.277,61.305],[29.491,61.239],[29.576,61.171],[29.87,61.176],[32.703,60.646],[32.91,60.724],[33.078,60.738],[33.253,60.899],[33.423,60.936],[33.406,60.989],[33.752,60.944],[33.867,61.071],[33.696,61.122],[33.585,61.071],[33.452,61.134],[33.535,61.221],[34.216,61.242],[34.457,61.168],[34.544,61.27],[34.741,61.32],[34.822,61.278],[35.258,61.254],[35.392,61.162],[35.604,61.188],[36.467,61.407],[36.578,61.529],[36.873,61.545],[36.996,61.594],[37.278,61.501],[37.773,61.522],[37.762,61.648],[37.857,61.698],[37.927,61.968],[37.808,61.998],[37.719,62.203],[37.43,62.237],[37.573,62.361],[37.588,62.473],[37.505,62.645],[37.352,62.684],[37.081,62.656],[36.76,62.718],[36.501,62.826],[36.259,63.032],[36.32,63.161],[36.262,63.236],[36.22,63.416],[36.058,63.46],[35.882,63.573],[35.945,63.62],[36.375,63.645],[36.555,63.764],[36.523,63.971],[36.292,64.01],[36.235,64.125],[36.06,64.218],[35.977,64.199],[35.811,64.342],[35.618,64.34],[35.411,64.287],[35.28,64.377],[35.161,64.38],[34.956,64.452],[34.847,64.56],[34.978,64.612],[34.798,64.756],[34.942,64.858],[34.778,64.967],[34.816,65.043],[34.627,65.172],[34.615,65.255],[34.471,65.289],[34.369,65.392],[34.633,65.487],[34.777,65.597],[34.771,65.775],[34.866,65.878],[34.497,66.116],[34.161,66.185],[33.972,66.251],[33.62,66.309],[33.705,66.444],[33.355,66.48],[33.166,66.556],[33.046,66.576],[32.884,66.586],[32.594,66.582],[32.531,66.489],[32.363,66.467],[32.329,66.359],[31.902,66.356],[31.785,66.503],[31.652,66.537],[31.555,66.655],[31.073,66.684],[29.362,66.627],[29.546,66.432]]],[[[35.867,65.031],[35.815,65.154],[35.524,65.144],[35.603,65.038],[35.867,65.031]]]]}},
        {"type":"Feature","properties":{"id":"ru_krs"},"geometry":{"type":"Polygon","coordinates":[[[34.371,51.827],[34.376,51.709],[34.128,51.681],[34.224,51.515],[34.22,51.427],[34.28,51.361],[34.282,51.226],[34.409,51.253],[34.622,51.225],[34.748,51.165],[34.962,51.215],[35.099,51.183],[35.173,51.041],[35.309,51.047],[35.282,50.961],[35.512,50.947],[35.546,50.906],[35.817,50.945],[35.877,51.012],[36,51.058],[35.976,51.158],[36.314,51.103],[36.618,51.08],[36.856,51.186],[37.054,51.247],[37.144,51.343],[37.249,51.331],[37.379,51.385],[37.539,51.394],[37.667,51.366],[37.829,51.42],[38.046,51.42],[38.027,51.366],[38.292,51.292],[38.323,51.341],[38.276,51.526],[38.207,51.629],[38.22,51.708],[38.41,51.688],[38.41,51.92],[38.299,51.961],[38.192,51.912],[38.101,51.927],[37.997,51.879],[37.821,51.912],[37.747,52.017],[37.652,51.971],[37.481,52.009],[37.354,51.936],[37.158,52.072],[36.82,52.12],[36.729,52.176],[36.552,52.215],[36.357,52.366],[35.893,52.274],[35.637,52.332],[35.572,52.387],[35.396,52.414],[35.241,52.39],[35.124,52.335],[34.897,52.353],[34.917,52.322],[34.805,52.185],[34.715,52.216],[34.672,52.065],[34.531,52.07],[34.407,52.013],[34.371,51.827]]]}},
        {"type":"Feature","properties":{"id":"ru_len"},"geometry":{"type":"Polygon","coordinates":[[[29.975,58.445],[30.167,58.533],[30.088,58.64],[30.101,58.73],[30.28,58.754],[30.413,58.711],[30.687,58.746],[30.728,58.829],[30.962,58.975],[30.981,59.06],[31.16,59.073],[31.258,58.981],[31.452,59.092],[31.563,59.368],[31.827,59.314],[31.882,59.375],[32.124,59.394],[32.291,59.207],[32.584,59.181],[32.706,59.142],[32.732,59.267],[32.955,59.422],[33.246,59.326],[33.368,59.38],[33.52,59.373],[33.716,59.302],[33.855,59.198],[34.1,59.145],[34.247,59.198],[34.568,59.108],[34.73,59.103],[34.901,59.238],[35.135,59.254],[35.301,59.301],[35.449,59.428],[35.324,59.507],[35.496,59.554],[35.497,59.647],[35.424,59.701],[35.382,59.875],[35.404,59.974],[35.238,59.985],[35.157,60.067],[35.147,60.269],[35.231,60.341],[35.259,60.585],[35.154,60.787],[35.281,60.85],[35.44,60.862],[35.489,60.959],[35.686,61.121],[35.604,61.188],[35.392,61.162],[35.258,61.254],[34.822,61.278],[34.741,61.32],[34.544,61.27],[34.457,61.168],[34.216,61.242],[33.535,61.221],[33.452,61.134],[33.585,61.071],[33.696,61.122],[33.867,61.071],[33.752,60.944],[33.406,60.989],[33.423,60.936],[33.253,60.899],[33.078,60.738],[32.91,60.724],[32.703,60.646],[29.87,61.176],[29.576,61.171],[29.491,61.239],[29.277,61.305],[29.203,61.246],[28.798,61.097],[28.615,60.962],[28.481,60.933],[28.004,60.664],[27.808,60.553],[28.034,60.526],[28.216,60.548],[28.401,60.665],[28.722,60.721],[28.658,60.594],[28.659,60.464],[28.607,60.389],[28.788,60.341],[29.092,60.178],[29.418,60.169],[29.701,60.201],[29.849,60.167],[29.948,60.03],[30.21,60.001],[30.193,59.881],[30.115,59.871],[29.697,59.95],[29.161,60.003],[29.014,59.93],[28.976,59.831],[28.846,59.79],[28.582,59.834],[28.428,59.813],[28.375,59.666],[28.224,59.691],[28.087,59.799],[27.993,59.703],[28.073,59.578],[28.019,59.482],[28.186,59.375],[28.077,59.305],[27.904,59.29],[27.842,59.161],[27.696,58.977],[27.873,59.014],[28.131,58.99],[28.272,58.856],[28.552,58.865],[28.975,58.78],[29.232,58.706],[29.449,58.595],[29.539,58.48],[29.786,58.44],[29.975,58.445]]]}},
        {"type":"Feature","properties":{"id":"ru_lip"},"geometry":{"type":"Polygon","coordinates":[[[38.299,51.961],[38.529,52.024],[38.698,52.098],[38.762,52.052],[38.88,52.093],[38.994,52.001],[39.182,52.098],[39.447,52.082],[39.497,51.973],[39.834,51.92],[39.913,51.98],[40.088,51.985],[40.295,51.956],[40.504,51.954],[40.507,52.022],[40.632,52.066],[40.616,52.129],[40.697,52.27],[40.477,52.374],[40.331,52.403],[40.203,52.512],[40.067,52.561],[39.953,52.654],[39.979,52.769],[40.08,52.804],[40.07,52.925],[40.141,53.072],[40.107,53.276],[40.16,53.342],[39.918,53.416],[39.907,53.499],[39.74,53.588],[39.512,53.525],[39.524,53.462],[39.415,53.414],[39.162,53.395],[39.041,53.55],[38.895,53.565],[38.697,53.5],[38.762,53.382],[38.477,53.31],[38.595,53.24],[38.633,53.123],[38.595,53.049],[38.473,53.041],[38.307,52.974],[38.108,53.059],[37.912,53.073],[37.841,53.009],[37.839,52.891],[37.79,52.845],[37.871,52.772],[37.777,52.719],[37.813,52.648],[37.727,52.597],[37.783,52.508],[37.911,52.473],[38.038,52.345],[37.948,52.246],[37.778,52.161],[37.747,52.017],[37.821,51.912],[37.997,51.879],[38.101,51.927],[38.192,51.912],[38.299,51.961]]]}},
        {"type":"Feature","properties":{"id":"ru_me"},"geometry":{"type":"Polygon","coordinates":[[[50.072,56.623],[50.101,56.792],[50.017,56.864],[49.742,56.9],[49.7,57.073],[49.529,57.073],[49.411,57.025],[49.285,57.039],[49.15,57.15],[49.213,57.291],[49.035,57.288],[48.961,57.089],[48.822,57.164],[48.569,57.172],[48.451,57.128],[48.293,57.163],[48.202,57.028],[47.91,56.983],[47.77,57.06],[47.509,56.893],[47.174,56.814],[47.161,56.901],[46.715,56.966],[46.601,56.92],[46.336,56.952],[46.313,56.907],[45.959,56.872],[45.859,56.629],[45.651,56.591],[45.663,56.461],[45.789,56.425],[45.949,56.433],[45.946,56.325],[45.874,56.259],[46.068,56.182],[46.092,56.056],[46.214,56.05],[46.402,56.119],[46.658,56.12],[47.056,56.288],[47.277,56.335],[47.385,56.33],[47.437,56.188],[47.529,56.154],[47.829,56.145],[47.905,56.114],[48.024,55.937],[48.285,55.846],[48.412,55.829],[48.401,55.888],[48.694,55.965],[48.69,56.068],[48.835,56.072],[49.016,56.233],[49.037,56.358],[49.276,56.353],[49.558,56.441],[49.578,56.505],[49.765,56.536],[49.885,56.442],[50.025,56.46],[50.18,56.549],[50.072,56.623]]]}},
        {"type":"Feature","properties":{"id":"ru_mo"},"geometry":{"type":"Polygon","coordinates":[[[46.441,54.772],[46.415,54.895],[46.056,55.042],[45.954,54.997],[45.815,55],[45.71,55.177],[45.605,55.164],[45.439,55.033],[45.424,54.882],[45.266,54.873],[45.041,54.714],[45.091,54.659],[45.029,54.568],[45.114,54.494],[44.917,54.476],[44.74,54.516],[44.597,54.58],[44.54,54.53],[44.376,54.59],[44.107,54.646],[44.091,54.734],[43.939,54.742],[43.949,54.807],[43.689,54.831],[43.61,54.901],[43.369,54.95],[43.155,54.903],[43.098,54.799],[42.636,54.787],[42.467,54.871],[42.391,54.807],[42.419,54.736],[42.524,54.723],[42.699,54.582],[42.557,54.492],[42.625,54.373],[42.527,54.367],[42.381,54.264],[42.206,54.231],[42.273,54.171],[42.463,54.254],[42.596,54.177],[42.308,53.847],[42.513,53.737],[42.631,53.808],[42.94,53.801],[43.17,53.839],[43.106,53.909],[43.182,54.001],[43.425,53.989],[43.528,54.015],[43.752,53.963],[43.933,53.862],[43.877,53.81],[44.099,53.736],[44.206,53.76],[44.314,53.701],[44.428,53.723],[44.534,53.664],[44.729,53.7],[44.615,53.831],[44.617,53.892],[44.883,53.969],[45.176,53.979],[45.339,53.885],[45.646,53.93],[45.792,54.004],[45.879,54.031],[46.018,54.189],[46.379,54.231],[46.488,54.284],[46.719,54.33],[46.734,54.384],[46.543,54.406],[46.482,54.499],[46.533,54.553],[46.441,54.772]]]}},
        {"type":"Feature","properties":{"id":"ru_mow"},"geometry":{"type":"Polygon","coordinates":[[[35.37,55.239],[35.465,55.22],[35.579,55.29],[35.755,55.287],[35.856,55.238],[36.238,55.194],[36.423,55.319],[36.586,55.309],[36.904,55.229],[37.084,55.096],[37.12,54.991],[37.259,54.836],[37.461,54.822],[37.564,54.737],[37.758,54.736],[37.75,54.82],[37.939,54.832],[38.039,54.714],[38.219,54.66],[38.462,54.64],[38.49,54.58],[38.39,54.469],[38.514,54.364],[38.521,54.289],[38.675,54.245],[38.737,54.345],[38.909,54.398],[38.798,54.451],[38.82,54.602],[39.216,54.632],[39.328,54.748],[39.398,54.876],[39.685,55.021],[39.813,54.997],[39.888,55.081],[39.827,55.183],[40.001,55.2],[40.206,55.309],[40.137,55.434],[40.085,55.613],[39.9,55.734],[39.823,55.833],[39.555,55.776],[39.358,55.761],[39.31,55.831],[39.123,55.83],[39.016,55.925],[38.839,55.901],[38.606,55.959],[38.562,56.083],[38.403,56.264],[38.412,56.369],[38.33,56.562],[38.374,56.697],[38.257,56.77],[38.015,56.774],[37.974,56.854],[37.656,56.944],[37.553,56.906],[37.499,56.785],[37.231,56.773],[37.157,56.683],[37.135,56.56],[37.055,56.518],[36.833,56.583],[36.537,56.475],[36.173,56.408],[36.096,56.347],[35.983,56.387],[35.783,56.392],[35.645,56.474],[35.458,56.448],[35.548,56.371],[35.484,56.242],[35.379,56.174],[35.317,56.054],[35.21,56.019],[35.174,55.948],[35.354,55.779],[35.316,55.727],[35.397,55.617],[35.303,55.571],[35.301,55.299],[35.37,55.239]]]}},
        {"type":"Feature","properties":{"id":"ru_mur"},"geometry":{"type":"Polygon","coordinates":[[[29.362,66.627],[31.073,66.684],[31.555,66.655],[31.652,66.537],[31.785,66.503],[31.902,66.356],[32.329,66.359],[32.363,66.467],[32.531,66.489],[32.594,66.582],[32.884,66.586],[33.035,66.592],[33.183,66.692],[32.975,66.691],[32.891,66.782],[32.705,66.796],[32.478,66.91],[32.557,66.989],[32.314,67.06],[32.205,67.134],[32.383,67.16],[32.636,67.133],[32.854,67.075],[32.843,66.976],[33.101,66.858],[33.483,66.73],[33.587,66.82],[33.833,66.696],[34.132,66.698],[34.284,66.672],[34.434,66.547],[34.565,66.543],[34.888,66.6],[35.381,66.418],[35.77,66.361],[36.406,66.295],[36.887,66.285],[37.273,66.23],[37.546,66.145],[37.927,66.089],[38.554,66.055],[39.344,66.135],[40.085,66.289],[40.444,66.406],[40.719,66.542],[40.745,66.597],[41.178,66.81],[41.36,67.014],[41.338,67.171],[41.109,67.254],[41.145,67.424],[40.999,67.467],[41.052,67.619],[41.017,67.698],[40.801,67.728],[40.574,67.811],[40.322,67.845],[40.362,67.903],[39.859,68.058],[39.521,68.076],[38.663,68.379],[38.435,68.356],[38.317,68.448],[38.067,68.51],[37.946,68.601],[37.681,68.713],[37.464,68.742],[36.25,69.111],[35.967,69.177],[35.33,69.276],[35.264,69.215],[34.662,69.249],[34.421,69.311],[33.852,69.339],[33.62,69.328],[33.576,69.199],[33.406,69.209],[33.376,69.308],[33.524,69.428],[32.687,69.503],[32.42,69.503],[32.434,69.564],[32.064,69.619],[32.06,69.659],[32.502,69.633],[32.872,69.583],[33.119,69.661],[33.129,69.726],[32.92,69.78],[32.523,69.803],[32.054,69.964],[31.754,69.854],[31.699,69.744],[31.409,69.716],[31.262,69.763],[30.841,69.806],[30.928,69.672],[30.853,69.527],[30.512,69.536],[30.294,69.62],[30.123,69.442],[29.901,69.358],[29.335,69.277],[29.24,69.115],[28.954,69.027],[28.456,68.9],[28.801,68.835],[28.716,68.728],[28.447,68.515],[28.664,68.204],[28.727,68.173],[29.299,68.082],[29.651,67.824],[30.009,67.686],[29.916,67.508],[29.52,67.298],[29.1,66.991],[29.089,66.838],[29.362,66.627]]]}},
        {"type":"Feature","properties":{"id":"ru_nen"},"geometry":{"type":"MultiPolygon","coordinates":[[[[44.214,66.408],[44.476,66.37],[44.578,66.307],[45.741,66.068],[45.832,66.088],[46.347,66.028],[47.11,65.821],[47.407,65.836],[47.661,65.808],[47.764,65.861],[47.753,65.941],[48.156,66.13],[49.006,66.119],[51.51,66.783],[51.495,66.907],[51.811,66.954],[51.836,66.995],[52.246,67.089],[53.772,66.999],[58.79,67],[59.918,67.002],[60.082,66.99],[61.432,67],[61.695,67.03],[61.851,67.126],[62.821,67.388],[62.871,67.58],[63.161,67.691],[63.445,67.771],[63.69,67.762],[63.944,67.884],[63.829,68.017],[64.325,68.134],[64.53,68.2],[64.523,68.344],[64.745,68.404],[65.48,68.43],[65.654,68.556],[65.517,68.588],[65.326,68.73],[65.315,68.803],[65.064,68.814],[64.904,68.871],[64.554,68.871],[64.545,69.032],[64.762,69.163],[64.856,69.295],[64.548,69.452],[64.128,69.55],[63.41,69.671],[62.631,69.742],[62.161,69.746],[61.409,69.791],[60.927,69.867],[60.77,69.849],[60.654,69.673],[60.233,69.665],[60.139,69.578],[60.519,69.332],[60.582,69.15],[60.844,69.158],[60.934,69.078],[60.938,68.963],[60.702,68.815],[60.467,68.722],[60.084,68.687],[59.911,68.72],[59.774,68.668],[59.964,68.466],[59.857,68.381],[59.675,68.336],[59.11,68.405],[59.119,68.532],[59.056,68.62],[59.202,68.706],[59.416,68.767],[58.879,69.003],[57.978,68.853],[57.93,68.751],[57.604,68.742],[57.33,68.565],[57.092,68.548],[56.848,68.572],[56.63,68.642],[56.202,68.62],[55.953,68.654],[55.787,68.595],[55.393,68.564],[55.109,68.482],[54.937,68.398],[54.864,68.185],[54.65,68.194],[54.465,68.304],[54.24,68.211],[53.808,68.251],[53.239,68.253],[53.319,68.348],[53.624,68.337],[53.932,68.391],[53.915,68.489],[53.72,68.657],[53.838,68.713],[53.958,68.877],[53.612,68.913],[54.356,68.959],[54.104,69.001],[53.437,68.918],[52.806,68.768],[52.499,68.62],[52.731,68.474],[52.402,68.338],[52.249,68.318],[52.159,68.399],[52.334,68.493],[52.06,68.544],[51.561,68.483],[51.336,68.401],[50.952,68.341],[50.796,68.377],[50.435,68.221],[49.655,67.981],[49.133,67.863],[48.843,67.865],[48.805,67.774],[48.925,67.688],[48.529,67.668],[48.256,67.683],[48.008,67.651],[47.825,67.56],[47.948,67.444],[47.77,67.338],[47.695,67.205],[47.75,67.121],[47.726,67.001],[47.591,66.919],[47.41,66.929],[46.927,66.845],[46.583,66.815],[46.489,66.878],[46.301,66.84],[46.042,66.831],[45.853,66.887],[45.594,67.158],[45.309,67.212],[44.952,67.321],[44.919,67.441],[45.028,67.532],[45.315,67.592],[45.35,67.73],[46.004,67.768],[46.375,67.819],[46.661,67.807],[46.722,67.845],[46.545,68.044],[46.535,68.133],[46.276,68.214],[46.029,68.324],[45.944,68.446],[45.306,68.545],[43.985,68.551],[43.477,68.669],[43.326,68.614],[44.16,68.336],[44.244,68.256],[44.087,67.841],[44.132,67.804],[44.003,67.576],[43.793,67.343],[43.761,67.221],[44.206,67.125],[44.41,67.012],[44.499,66.921],[44.466,66.82],[44.364,66.782],[44.488,66.676],[44.371,66.522],[44.214,66.408]]],[[[50.323,69.151],[50.164,69.261],[49.272,69.508],[48.806,69.493],[48.447,69.372],[48.304,69.277],[48.22,69.073],[48.219,68.909],[48.592,68.731],[48.798,68.729],[49.249,68.78],[49.72,68.89],[49.955,69.075],[50.133,69.142],[50.323,69.151]]],[[[60.54,69.819],[60.476,69.92],[60.01,70.104],[59.783,70.131],[59.44,70.287],[59.315,70.372],[59.024,70.48],[58.731,70.418],[58.522,70.331],[58.453,70.195],[58.611,70.14],[58.57,70.079],[58.696,70.003],[59.053,69.903],[59.431,69.889],[59.603,69.818],[59.563,69.715],[60.201,69.685],[60.476,69.722],[60.54,69.819]]]]}},
        {"type":"Feature","properties":{"id":"ru_ngr"},"geometry":{"type":"Polygon","coordinates":[[[31,56.965],[31.118,56.931],[31.307,56.969],[31.546,56.94],[31.678,57.013],[31.722,57.106],[31.967,57.117],[32.133,57.184],[32.272,57.195],[32.668,57.346],[32.807,57.46],[33.046,57.437],[33.216,57.454],[33.309,57.566],[33.325,57.655],[33.537,57.72],[33.581,57.858],[33.701,57.927],[33.686,58.003],[33.545,58.047],[33.719,58.158],[33.869,58.144],[34.142,58.208],[34.488,58.146],[34.651,58.081],[34.684,58.197],[34.786,58.242],[35.035,58.2],[35.269,58.271],[35.279,58.359],[35.394,58.431],[35.552,58.448],[35.935,58.423],[36.173,58.525],[36.126,58.695],[35.836,58.745],[35.751,58.827],[35.398,58.844],[35.266,58.765],[35.125,58.815],[35.131,58.937],[34.831,58.991],[34.879,59.043],[34.73,59.103],[34.568,59.108],[34.247,59.198],[34.1,59.145],[33.855,59.198],[33.716,59.302],[33.52,59.373],[33.368,59.38],[33.246,59.326],[32.955,59.422],[32.732,59.267],[32.706,59.142],[32.584,59.181],[32.291,59.207],[32.124,59.394],[31.882,59.375],[31.827,59.314],[31.563,59.368],[31.452,59.092],[31.258,58.981],[31.16,59.073],[30.981,59.06],[30.962,58.975],[30.728,58.829],[30.687,58.746],[30.413,58.711],[30.28,58.754],[30.101,58.73],[30.088,58.64],[30.167,58.533],[29.975,58.445],[29.658,58.244],[29.679,58.077],[29.82,58.083],[29.95,57.944],[30.168,57.912],[30.53,57.887],[30.52,57.742],[30.472,57.682],[30.609,57.617],[30.493,57.488],[30.516,57.318],[30.773,57.258],[30.647,57.191],[30.645,56.982],[30.8,56.953],[31,56.965]]]}},
        {"type":"Feature","properties":{"id":"ru_niz"},"geometry":{"type":"Polygon","coordinates":[[[46.056,55.042],[46.098,55.204],[46.229,55.273],[46.254,55.385],[46.384,55.463],[46.244,55.524],[46.14,55.524],[45.92,55.688],[46.094,55.808],[46.099,55.941],[46.214,56.05],[46.092,56.056],[46.068,56.182],[45.874,56.259],[45.946,56.325],[45.949,56.433],[45.789,56.425],[45.663,56.461],[45.651,56.591],[45.859,56.629],[45.959,56.872],[46.313,56.907],[46.336,56.952],[46.601,56.92],[46.715,56.966],[46.763,57.03],[46.742,57.205],[46.79,57.281],[46.695,57.32],[46.75,57.517],[47.054,57.498],[47.249,57.567],[47.471,57.529],[47.521,57.586],[47.572,57.81],[47.762,57.876],[47.703,57.958],[47.452,57.987],[47.354,58.026],[46.43,58.02],[46.341,58.075],[45.817,58.047],[45.706,57.974],[45.557,57.939],[45.462,58.035],[45.155,58.08],[44.863,58.075],[44.793,57.955],[44.865,57.88],[44.728,57.704],[44.612,57.707],[44.303,57.517],[43.995,57.44],[43.846,57.431],[43.727,57.466],[43.689,57.279],[43.539,57.262],[43.514,57.118],[43.67,57.043],[43.501,56.906],[43.339,56.861],[42.978,56.842],[42.83,56.802],[42.787,56.669],[42.902,56.646],[42.845,56.552],[42.882,56.472],[42.648,56.481],[42.588,56.42],[42.761,56.306],[42.755,56.22],[42.906,56.152],[42.686,56.122],[42.694,56.003],[42.565,55.969],[42.486,55.852],[42.38,55.777],[42.281,55.77],[42.056,55.613],[42.068,55.481],[42.117,55.422],[41.933,55.33],[41.859,55.241],[41.87,55.158],[41.783,55.119],[41.886,55.059],[42.167,54.949],[42.44,55.013],[42.467,54.871],[42.636,54.787],[43.098,54.799],[43.155,54.903],[43.369,54.95],[43.61,54.901],[43.689,54.831],[43.949,54.807],[43.939,54.742],[44.091,54.734],[44.107,54.646],[44.376,54.59],[44.54,54.53],[44.597,54.58],[44.74,54.516],[44.917,54.476],[45.114,54.494],[45.029,54.568],[45.091,54.659],[45.041,54.714],[45.266,54.873],[45.424,54.882],[45.439,55.033],[45.605,55.164],[45.71,55.177],[45.815,55],[45.954,54.997],[46.056,55.042]]]}},
        {"type":"Feature","properties":{"id":"ru_ore"},"geometry":{"type":"Polygon","coordinates":[[[50.767,51.759],[50.925,51.68],[51.234,51.685],[51.372,51.63],[51.373,51.572],[51.242,51.544],[51.379,51.467],[51.62,51.519],[51.647,51.451],[51.782,51.493],[51.765,51.593],[51.869,51.673],[52.092,51.659],[52.148,51.716],[52.335,51.764],[52.378,51.66],[52.506,51.479],[52.664,51.463],[52.79,51.505],[52.96,51.456],[53.153,51.513],[53.407,51.484],[53.61,51.388],[53.594,51.289],[53.674,51.22],[53.936,51.186],[54.112,51.096],[54.177,50.968],[54.3,50.895],[54.479,50.853],[54.38,50.619],[54.436,50.548],[54.591,50.542],[54.676,50.603],[54.639,50.707],[54.638,50.886],[54.503,50.928],[54.525,50.991],[54.638,51.028],[54.812,50.972],[54.894,50.912],[55.048,50.884],[55.084,50.797],[55.305,50.665],[55.491,50.646],[55.66,50.53],[56.079,50.725],[56.175,50.909],[56.336,50.896],[56.508,51.066],[56.597,50.984],[56.695,51.063],[56.865,51.052],[57.168,51.094],[57.353,50.886],[57.491,50.867],[57.533,50.91],[57.689,50.897],[57.737,50.938],[57.769,51.12],[57.96,51.077],[58.077,51.098],[58.191,51.066],[58.308,51.15],[58.398,51.064],[58.595,51.023],[58.554,50.925],[58.664,50.79],[58.926,50.678],[59.197,50.663],[59.291,50.615],[59.438,50.631],[59.523,50.475],[59.622,50.524],[59.775,50.534],[59.92,50.691],[59.92,50.763],[60.021,50.854],[60.136,50.844],[60.177,50.742],[60.3,50.685],[60.718,50.653],[60.818,50.663],[61.372,50.782],[61.442,50.875],[61.513,51.16],[61.593,51.278],[61.474,51.426],[61.356,51.46],[61.023,51.486],[60.937,51.611],[60.515,51.618],[60.376,51.663],[60.452,51.805],[60.274,51.833],[60.138,51.889],[60.04,51.871],[59.986,51.952],[59.986,52.046],[59.914,52.1],[59.975,52.182],[60.14,52.267],[60.149,52.421],[59.946,52.428],[59.781,52.492],[59.509,52.435],[59.398,52.495],[59.249,52.487],[59.175,52.277],[58.828,52.433],[58.857,52.263],[58.691,52.265],[58.606,52.181],[58.694,52.049],[58.639,52.016],[58.576,51.793],[58.494,51.762],[58.236,51.738],[58.092,51.795],[57.981,51.786],[57.882,51.846],[57.784,51.826],[57.653,51.863],[57.621,51.759],[57.432,51.726],[57.374,51.639],[57.207,51.575],[57.036,51.66],[56.999,51.728],[56.876,51.699],[56.89,51.625],[56.78,51.592],[56.715,51.721],[56.748,51.773],[56.608,51.829],[56.685,52.045],[56.627,52.118],[56.495,52.162],[56.217,52.132],[56.194,52.189],[56.451,52.309],[56.445,52.42],[56.365,52.523],[56.078,52.604],[55.919,52.499],[55.889,52.399],[55.778,52.344],[55.546,52.385],[55.545,52.542],[55.412,52.658],[55.407,52.837],[55.264,52.862],[55.162,52.823],[54.955,53.11],[54.927,53.22],[54.802,53.271],[54.664,53.236],[54.559,53.27],[54.52,53.36],[54.302,53.41],[54.108,53.417],[53.878,53.658],[53.656,53.752],[53.598,53.883],[53.47,54.046],[53.384,53.974],[53.258,54.071],[53.141,54.076],[52.951,54.196],[53.001,54.271],[52.771,54.347],[52.539,54.377],[52.506,54.322],[52.271,54.327],[52.339,54.174],[52.476,54.077],[52.378,53.966],[52.413,53.927],[52.253,53.654],[52.079,53.501],[52.193,53.375],[52.128,53.174],[52.069,53.154],[52.061,53],[51.862,52.926],[51.715,52.84],[51.772,52.783],[51.732,52.668],[51.545,52.681],[51.471,52.569],[51.563,52.447],[51.413,52.35],[51.453,52.219],[51.415,52.103],[50.767,51.759]]]}},
        {"type":"Feature","properties":{"id":"ru_orl"},"geometry":{"type":"Polygon","coordinates":[[[34.897,52.353],[35.124,52.335],[35.241,52.39],[35.396,52.414],[35.572,52.387],[35.637,52.332],[35.893,52.274],[36.357,52.366],[36.552,52.215],[36.729,52.176],[36.82,52.12],[37.158,52.072],[37.354,51.936],[37.481,52.009],[37.652,51.971],[37.747,52.017],[37.778,52.161],[37.948,52.246],[38.038,52.345],[37.911,52.473],[37.783,52.508],[37.727,52.597],[37.813,52.648],[37.777,52.719],[37.871,52.772],[37.79,52.845],[37.839,52.891],[37.841,53.009],[37.787,53.089],[37.561,53.169],[37.568,53.289],[37.327,53.303],[37.197,53.251],[37.088,53.28],[36.807,53.297],[36.667,53.416],[36.535,53.391],[36.398,53.429],[36.22,53.57],[36.098,53.556],[36.01,53.618],[35.911,53.644],[35.766,53.519],[35.637,53.543],[35.422,53.404],[35.356,53.284],[35.205,53.272],[35.104,53.311],[35.122,53.186],[35.182,53.102],[35.314,53.066],[35.157,52.969],[34.967,52.97],[34.805,52.868],[34.869,52.784],[34.948,52.783],[35.092,52.698],[35.011,52.614],[34.99,52.511],[34.833,52.424],[34.897,52.353]]]}},
        {"type":"Feature","properties":{"id":"ru_per"},"geometry":{"type":"Polygon","coordinates":[[[57.408,56.329],[57.317,56.373],[57.373,56.552],[57.358,56.681],[57.219,56.853],[57.323,56.92],[57.56,56.888],[57.825,56.974],[57.869,57.058],[58.03,57.099],[58.039,57.237],[57.938,57.332],[57.995,57.477],[58.268,57.67],[58.436,57.676],[58.458,57.588],[58.58,57.594],[58.83,57.726],[58.864,57.827],[58.756,57.848],[58.605,57.996],[58.678,58.107],[58.868,58.205],[58.971,58.2],[59.203,58.305],[59.281,58.413],[59.456,58.493],[59.389,58.59],[59.388,58.703],[59.186,58.711],[59.083,58.769],[59.066,58.884],[59.181,58.953],[59.091,59.022],[59.175,59.147],[59.003,59.231],[58.67,59.293],[58.508,59.44],[58.311,59.468],[58.403,59.552],[58.451,59.705],[58.582,59.716],[58.675,59.859],[58.805,59.863],[58.962,60.005],[59.188,60.278],[59.169,60.374],[59.239,60.48],[59.385,60.574],[59.468,60.808],[59.458,60.953],[59.373,60.97],[59.358,61.143],[59.261,61.222],[59.317,61.377],[59.428,61.507],[59.349,61.682],[59.114,61.615],[59.023,61.552],[58.692,61.503],[57.204,61.511],[57.086,61.488],[56.702,61.525],[56.545,61.435],[56.391,61.42],[56.257,61.206],[55.841,61.25],[55.69,61.086],[55.316,61.123],[55.214,61.019],[55.062,61.009],[54.98,60.864],[53.853,60.98],[53.791,60.848],[53.354,60.893],[53.349,61.037],[52.876,61.094],[52.79,60.949],[52.442,60.98],[52.355,60.844],[51.89,60.876],[51.774,60.606],[52.134,60.547],[52.138,60.473],[52.324,60.432],[52.298,60.242],[52.454,60.201],[53.358,60.166],[53.457,60.205],[53.608,60.143],[53.707,60.001],[53.592,59.709],[53.418,59.678],[53.354,59.501],[53.206,59.364],[53.335,59.185],[53.434,59.144],[53.877,59.093],[53.767,59.022],[53.726,58.917],[53.922,58.783],[53.75,58.697],[53.705,58.595],[53.785,58.44],[53.886,58.319],[53.81,58.228],[54.087,57.994],[54.156,57.706],[54.096,57.607],[54.188,57.463],[54.158,57.314],[54.314,57.291],[54.295,57.084],[54.341,57.012],[54.099,56.966],[54.088,56.771],[53.869,56.713],[53.959,56.632],[54.168,56.534],[54.352,56.359],[54.43,56.343],[54.532,56.515],[54.918,56.392],[54.968,56.32],[55.448,56.341],[55.548,56.4],[55.876,56.437],[56.073,56.289],[56.275,56.305],[56.402,56.387],[56.655,56.22],[56.73,56.224],[56.864,56.108],[57.213,56.182],[57.274,56.305],[57.408,56.329]]]}},
        {"type":"Feature","properties":{"id":"ru_pnz"},"geometry":{"type":"Polygon","coordinates":[[[46.831,52.616],[46.852,52.726],[46.983,52.771],[46.913,53.079],[46.954,53.191],[46.906,53.335],[46.795,53.408],[46.494,53.511],[46.468,53.654],[46.193,53.85],[46.212,53.909],[45.957,54.005],[45.792,54.004],[45.646,53.93],[45.339,53.885],[45.176,53.979],[44.883,53.969],[44.617,53.892],[44.615,53.831],[44.729,53.7],[44.534,53.664],[44.428,53.723],[44.314,53.701],[44.206,53.76],[44.099,53.736],[43.877,53.81],[43.933,53.862],[43.752,53.963],[43.528,54.015],[43.425,53.989],[43.182,54.001],[43.106,53.909],[43.17,53.839],[42.94,53.801],[42.631,53.808],[42.513,53.737],[42.308,53.847],[42.134,53.812],[42.094,53.54],[42.312,53.44],[42.354,53.368],[42.748,53.022],[42.905,52.97],[43.095,52.822],[43.237,52.661],[43.042,52.561],[43.011,52.482],[43.08,52.403],[43.193,52.462],[43.353,52.393],[43.532,52.426],[43.747,52.433],[44.044,52.35],[44.347,52.316],[44.422,52.416],[44.539,52.432],[44.5,52.521],[44.873,52.434],[44.91,52.378],[45.072,52.377],[45.14,52.421],[45.264,52.392],[45.431,52.4],[45.528,52.481],[45.644,52.519],[45.717,52.471],[45.981,52.407],[45.971,52.486],[46.147,52.591],[46.276,52.619],[46.289,52.672],[46.516,52.695],[46.713,52.628],[46.831,52.616]]]}},
        {"type":"Feature","properties":{"id":"ru_psk"},"geometry":{"type":"Polygon","coordinates":[[[30.907,55.578],[31.047,55.769],[31.187,55.737],[31.467,55.729],[31.413,55.89],[31.345,55.964],[31.498,56.029],[31.474,56.119],[31.492,56.301],[31.231,56.346],[31.215,56.435],[31.017,56.519],[31.08,56.623],[30.913,56.656],[30.817,56.72],[30.89,56.808],[30.896,56.897],[31,56.965],[30.8,56.953],[30.645,56.982],[30.647,57.191],[30.773,57.258],[30.516,57.318],[30.493,57.488],[30.609,57.617],[30.472,57.682],[30.52,57.742],[30.53,57.887],[30.168,57.912],[29.95,57.944],[29.82,58.083],[29.679,58.077],[29.658,58.244],[29.975,58.445],[29.786,58.44],[29.539,58.48],[29.449,58.595],[29.232,58.706],[28.975,58.78],[28.552,58.865],[28.272,58.856],[28.131,58.99],[27.873,59.014],[27.696,58.977],[27.478,58.875],[27.446,58.819],[27.429,58.709],[27.555,58.395],[27.483,58.269],[27.52,58.195],[27.63,58.088],[27.673,57.913],[27.799,57.861],[27.556,57.813],[27.508,57.715],[27.408,57.689],[27.353,57.528],[27.528,57.528],[27.511,57.43],[27.694,57.356],[27.84,57.291],[27.824,57.159],[27.701,57.119],[27.746,57.031],[27.644,56.842],[27.786,56.871],[27.919,56.806],[27.865,56.743],[27.981,56.687],[27.997,56.604],[28.093,56.502],[28.168,56.427],[28.215,56.281],[28.149,56.142],[28.29,56.047],[28.39,56.089],[28.621,56.083],[28.706,55.96],[29.031,56.024],[29.377,55.954],[29.344,55.787],[29.461,55.687],[29.684,55.771],[29.806,55.771],[29.869,55.831],[30.106,55.822],[30.218,55.855],[30.469,55.794],[30.596,55.665],[30.742,55.594],[30.907,55.578]]]}},
        {"type":"Feature","properties":{"id":"ru_ros"},"geometry":{"type":"Polygon","coordinates":[[[41.162,45.954],[41.375,45.947],[41.42,45.995],[41.658,45.976],[41.713,45.996],[41.656,46.105],[41.726,46.214],[41.84,46.153],[41.915,46.185],[41.995,46.301],[42.202,46.314],[42.1,46.407],[42.034,46.543],[42.181,46.578],[42.409,46.525],[42.597,46.411],[42.787,46.389],[42.912,46.435],[43.08,46.36],[43.356,46.172],[43.559,46.169],[43.646,46.216],[43.786,46.407],[43.918,46.416],[43.928,46.521],[43.817,46.589],[43.93,46.723],[44.262,46.9],[44.328,47.111],[44.334,47.475],[44.228,47.575],[44.117,47.533],[44.11,47.414],[43.953,47.365],[43.939,47.269],[43.802,47.283],[43.799,47.371],[43.732,47.477],[43.482,47.484],[43.263,47.45],[43.054,47.573],[42.955,47.51],[42.785,47.731],[42.728,47.854],[42.492,48.014],[42.343,48.045],[42.283,48.016],[42.03,48.029],[42.096,48.154],[42.049,48.26],[42.147,48.287],[42.074,48.392],[42.165,48.464],[42.277,48.498],[42.442,48.505],[42.634,48.552],[42.701,48.624],[42.651,48.705],[42.74,48.786],[42.644,48.977],[42.411,49.047],[42.344,49.152],[42.095,49.141],[42.037,49.267],[42.092,49.289],[42.053,49.402],[42.072,49.502],[42.178,49.668],[42.115,49.75],[41.876,49.9],[41.617,49.962],[41.595,50.045],[41.492,50.084],[41.362,50.226],[41.288,50.179],[41.341,50.075],[41.179,50.016],[41.056,49.916],[41.029,49.794],[40.885,49.69],[40.612,49.648],[40.411,49.597],[40.17,49.624],[40.119,49.588],[40.041,49.455],[40.16,49.334],[40.142,49.246],[39.952,49.125],[39.919,49.048],[39.681,49.02],[39.759,48.895],[39.897,48.88],[39.703,48.747],[39.632,48.587],[39.809,48.584],[39.924,48.376],[39.816,48.308],[39.993,48.273],[39.843,48.12],[39.759,47.833],[39.392,47.823],[39.32,47.846],[39.093,47.832],[39.036,47.857],[38.877,47.861],[38.771,47.781],[38.735,47.677],[38.562,47.627],[38.353,47.607],[38.26,47.493],[38.258,47.393],[38.201,47.291],[38.217,47.103],[38.428,47.134],[38.625,47.136],[38.938,47.19],[38.945,47.253],[39.088,47.286],[39.264,47.261],[39.262,47.009],[39.075,47.033],[38.957,46.956],[38.674,46.863],[38.69,46.821],[38.883,46.808],[38.849,46.713],[38.884,46.635],[39.099,46.601],[39.18,46.688],[39.444,46.809],[39.577,46.778],[39.817,46.785],[40.023,46.765],[40.132,46.722],[40.045,46.616],[40.059,46.542],[40.214,46.525],[40.284,46.403],[40.234,46.358],[40.339,46.28],[40.735,46.276],[40.757,46.233],[40.954,46.198],[41,46.127],[41.126,46.068],[41.162,45.954]]]}},
        {"type":"Feature","properties":{"id":"ru_rya"},"geometry":{"type":"Polygon","coordinates":[[[40.16,53.342],[40.317,53.356],[40.502,53.461],[40.738,53.56],[40.84,53.487],[41.021,53.49],[41.174,53.434],[41.354,53.556],[41.349,53.741],[41.4,53.783],[41.748,53.823],[42.134,53.812],[42.308,53.847],[42.596,54.177],[42.463,54.254],[42.273,54.171],[42.206,54.231],[42.381,54.264],[42.527,54.367],[42.625,54.373],[42.557,54.492],[42.699,54.582],[42.524,54.723],[42.419,54.736],[42.391,54.807],[42.467,54.871],[42.44,55.013],[42.167,54.949],[41.886,55.059],[41.783,55.119],[41.658,55.109],[41.497,55.157],[41.412,55.131],[41.21,55.221],[41.047,55.183],[40.965,55.26],[40.729,55.204],[40.612,55.207],[40.517,55.328],[40.345,55.34],[40.206,55.309],[40.001,55.2],[39.827,55.183],[39.888,55.081],[39.813,54.997],[39.685,55.021],[39.398,54.876],[39.328,54.748],[39.216,54.632],[38.82,54.602],[38.798,54.451],[38.909,54.398],[38.737,54.345],[38.675,54.245],[38.714,54.001],[38.841,53.919],[38.795,53.872],[38.837,53.76],[38.909,53.753],[38.895,53.565],[39.041,53.55],[39.162,53.395],[39.415,53.414],[39.524,53.462],[39.512,53.525],[39.74,53.588],[39.907,53.499],[39.918,53.416],[40.16,53.342]]]}},
        {"type":"Feature","properties":{"id":"ru_sam"},"geometry":{"type":"Polygon","coordinates":[[[52.539,54.377],[52.482,54.467],[52.223,54.445],[52.099,54.388],[51.933,54.436],[51.936,54.528],[51.668,54.567],[51.513,54.639],[51.391,54.601],[51.169,54.637],[51.093,54.554],[51.004,54.539],[50.948,54.348],[50.697,54.427],[50.519,54.33],[50.384,54.486],[50.077,54.516],[50.206,54.418],[50.256,54.305],[50.197,54.038],[49.979,53.966],[49.957,53.907],[49.827,53.887],[49.624,53.815],[49.414,53.868],[49.299,53.84],[49.029,53.857],[48.874,53.716],[48.491,53.771],[48.456,53.666],[48.331,53.624],[48.376,53.471],[48.057,53.476],[47.949,53.359],[48.035,53.315],[48.144,53.162],[48.149,53.059],[48.222,52.999],[48.522,52.978],[48.593,52.919],[48.54,52.83],[48.437,52.78],[48.351,52.669],[48.524,52.682],[48.7,52.639],[48.73,52.568],[48.936,52.475],[49.159,52.486],[49.344,52.469],[49.478,52.331],[49.628,52.366],[49.812,52.193],[49.977,52.184],[50.221,52.13],[50.236,52.035],[50.517,51.991],[50.732,51.914],[50.767,51.759],[51.415,52.103],[51.453,52.219],[51.413,52.35],[51.563,52.447],[51.471,52.569],[51.545,52.681],[51.732,52.668],[51.772,52.783],[51.715,52.84],[51.862,52.926],[52.061,53],[52.069,53.154],[52.128,53.174],[52.193,53.375],[52.079,53.501],[52.253,53.654],[52.413,53.927],[52.378,53.966],[52.476,54.077],[52.339,54.174],[52.271,54.327],[52.506,54.322],[52.539,54.377]]]}},
        {"type":"Feature","properties":{"id":"ru_sar"},"geometry":{"type":"Polygon","coordinates":[[[42.873,51.231],[43.142,51.122],[43.33,51.018],[43.642,51.066],[43.682,51.113],[44.004,51.087],[44.182,51.117],[44.21,51.194],[44.66,51.173],[45.042,51.126],[45.202,51.04],[45.215,50.942],[45.308,50.877],[45.293,50.781],[45.191,50.697],[45.241,50.586],[45.495,50.613],[45.668,50.594],[45.678,50.729],[45.89,50.759],[46.068,50.652],[46.065,50.544],[46.255,50.529],[46.295,50.567],[46.461,50.547],[46.483,50.617],[46.583,50.701],[46.708,50.691],[46.83,50.633],[46.878,50.524],[47.008,50.48],[47.184,50.512],[47.277,50.372],[47.434,50.377],[47.557,50.453],[47.625,50.441],[47.993,50.182],[48.096,50.079],[48.142,49.964],[48.239,49.865],[48.418,49.812],[48.785,49.933],[48.886,50.02],[48.701,50.335],[48.673,50.58],[48.83,50.596],[49.013,50.683],[49.144,50.782],[49.369,50.827],[49.424,50.882],[49.347,50.964],[49.423,51.102],[49.779,51.102],[49.987,51.23],[50.325,51.303],[50.38,51.421],[50.518,51.46],[50.525,51.566],[50.582,51.635],[50.791,51.597],[50.767,51.759],[50.732,51.914],[50.517,51.991],[50.236,52.035],[50.221,52.13],[49.977,52.184],[49.812,52.193],[49.628,52.366],[49.478,52.331],[49.344,52.469],[49.159,52.486],[48.936,52.475],[48.73,52.568],[48.7,52.639],[48.524,52.682],[48.351,52.669],[48.437,52.78],[48.252,52.81],[47.998,52.754],[47.917,52.675],[47.777,52.68],[47.731,52.587],[47.531,52.611],[47.435,52.57],[47.062,52.57],[46.917,52.637],[46.831,52.616],[46.713,52.628],[46.516,52.695],[46.289,52.672],[46.276,52.619],[46.147,52.591],[45.971,52.486],[45.981,52.407],[45.717,52.471],[45.644,52.519],[45.528,52.481],[45.431,52.4],[45.264,52.392],[45.14,52.421],[45.072,52.377],[44.91,52.378],[44.873,52.434],[44.5,52.521],[44.539,52.432],[44.422,52.416],[44.347,52.316],[44.044,52.35],[43.747,52.433],[43.532,52.426],[43.353,52.393],[43.193,52.462],[43.08,52.403],[42.996,52.365],[42.752,52.174],[42.751,52.078],[42.806,52.012],[42.694,51.966],[42.643,51.804],[42.49,51.693],[42.489,51.608],[42.734,51.479],[42.861,51.381],[42.873,51.231]]]}},
        {"type":"Feature","properties":{"id":"ru_smo"},"geometry":{"type":"Polygon","coordinates":[[[31.179,54.453],[31.285,54.347],[31.325,54.229],[31.506,54.144],[31.748,54.086],[31.847,53.992],[31.754,53.82],[31.873,53.777],[32.084,53.81],[32.29,53.761],[32.481,53.662],[32.399,53.635],[32.453,53.546],[32.65,53.488],[32.718,53.431],[32.908,53.493],[32.899,53.569],[33.289,53.822],[33.287,53.954],[33.475,53.972],[33.501,54.016],[33.562,54.156],[33.684,54.321],[33.617,54.381],[33.643,54.485],[33.729,54.562],[33.927,54.572],[34.108,54.55],[34.326,54.43],[34.416,54.451],[34.5,54.632],[34.817,54.709],[34.921,54.772],[34.866,54.884],[35.002,54.887],[35.144,55.022],[35.284,55.112],[35.37,55.239],[35.301,55.299],[35.303,55.571],[35.397,55.617],[35.316,55.727],[35.354,55.779],[35.174,55.948],[35.031,55.984],[34.631,55.918],[34.201,56.075],[33.917,56.073],[33.838,55.949],[33.66,55.946],[33.67,55.865],[33.505,55.755],[33.188,55.653],[32.939,55.632],[32.722,55.69],[32.094,55.674],[31.894,55.77],[31.755,55.714],[31.586,55.747],[31.467,55.729],[31.187,55.737],[31.047,55.769],[30.907,55.578],[30.919,55.408],[30.794,55.286],[30.96,55.163],[31.006,55.042],[30.815,54.928],[30.771,54.786],[31.105,54.668],[31.168,54.622],[31.065,54.492],[31.179,54.453]]]}},
        {"type":"Feature","properties":{"id":"ru_sta"},"geometry":{"type":"Polygon","coordinates":[[[41.729,44.459],[41.905,44.495],[41.945,44.403],[42.038,44.364],[42.23,44.344],[42.346,44.306],[42.499,44.299],[42.555,44.245],[42.303,44.129],[42.306,44.058],[42.378,43.971],[42.497,44.03],[42.66,43.917],[42.683,43.807],[42.852,43.817],[42.975,43.891],[43.111,43.896],[43.175,43.948],[43.266,43.91],[43.3,43.824],[43.502,43.867],[43.729,43.839],[43.803,43.941],[43.906,43.994],[44.259,43.925],[44.285,43.819],[44.399,43.795],[44.694,43.83],[44.803,43.802],[44.839,43.661],[45,43.705],[45.08,43.788],[45.083,43.953],[45.19,43.952],[45.237,43.88],[45.432,43.879],[45.459,44],[45.509,44.015],[45.506,44.19],[45.124,44.202],[45.131,44.268],[45.404,44.318],[45.444,44.402],[45.398,44.444],[45.237,44.46],[45.271,44.591],[45.435,44.617],[45.614,44.766],[45.621,44.899],[45.706,44.976],[45.712,45.014],[45.586,45.158],[45.353,45.243],[44.706,45.506],[44.421,45.527],[44.148,45.653],[44.097,45.774],[43.878,45.945],[43.742,45.979],[43.568,45.981],[43.393,46.016],[43.237,46.112],[42.991,46.18],[42.905,46.24],[42.835,46.156],[42.671,46.088],[42.533,45.998],[42.317,45.981],[42.34,46.107],[42.177,46.099],[42.15,45.949],[41.713,45.996],[41.658,45.976],[41.42,45.995],[41.375,45.947],[41.162,45.954],[41.261,45.872],[41.274,45.754],[41.172,45.702],[40.87,45.696],[40.841,45.539],[40.925,45.43],[41.008,45.385],[41.038,45.218],[41.26,45.228],[41.36,45.212],[41.347,45.122],[41.469,44.987],[41.642,44.981],[41.651,44.897],[41.538,44.736],[41.417,44.708],[41.567,44.546],[41.729,44.459]]]}},
        {"type":"Feature","properties":{"id":"ru_ta"},"geometry":{"type":"Polygon","coordinates":[[[53.47,54.046],[53.348,54.382],[53.607,54.728],[53.579,54.822],[53.422,54.982],[53.269,55.012],[53.141,55.099],[53.147,55.147],[53.327,55.166],[53.418,55.222],[53.591,55.212],[53.723,55.338],[53.891,55.381],[53.997,55.544],[54.175,55.624],[54.177,55.707],[53.976,55.853],[53.759,55.866],[53.632,55.907],[53.289,55.858],[53.276,55.935],[53.405,56.023],[53.564,56.181],[53.551,56.241],[53.427,56.277],[53.26,56.254],[53.336,56.157],[53.273,56.085],[52.958,56.252],[52.945,56.366],[53.08,56.527],[52.934,56.538],[52.908,56.416],[52.733,56.378],[52.562,56.259],[52.711,56.23],[52.839,56.163],[52.794,56.095],[52.655,56.018],[52.439,56.033],[52.195,56.077],[52.242,55.965],[52.168,55.899],[52.064,55.896],[51.938,55.974],[51.829,55.918],[51.633,55.952],[51.442,55.925],[51.399,55.994],[51.501,56.082],[51.436,56.144],[51.224,56.1],[51.073,56.131],[50.837,56.248],[50.908,56.296],[50.851,56.39],[50.706,56.33],[50.586,56.367],[50.497,56.511],[50.35,56.67],[50.072,56.623],[50.18,56.549],[50.025,56.46],[49.885,56.442],[49.765,56.536],[49.578,56.505],[49.558,56.441],[49.276,56.353],[49.037,56.358],[49.016,56.233],[48.835,56.072],[48.69,56.068],[48.694,55.965],[48.401,55.888],[48.412,55.829],[48.205,55.694],[48.025,55.63],[48.101,55.545],[47.974,55.5],[47.834,55.342],[47.703,55.328],[47.763,55.214],[47.913,55.316],[48.017,55.276],[48.075,55.108],[47.996,54.968],[47.803,54.945],[47.729,54.831],[47.487,54.858],[47.379,54.832],[47.37,54.753],[47.242,54.678],[47.351,54.593],[47.366,54.527],[47.637,54.565],[47.754,54.731],[47.85,54.704],[48.086,54.766],[48.29,54.738],[48.47,54.634],[48.641,54.66],[48.828,54.648],[49.014,54.793],[49.118,54.795],[49.291,54.884],[49.476,54.775],[49.616,54.562],[49.746,54.574],[49.975,54.51],[50.077,54.516],[50.384,54.486],[50.519,54.33],[50.697,54.427],[50.948,54.348],[51.004,54.539],[51.093,54.554],[51.169,54.637],[51.391,54.601],[51.513,54.639],[51.668,54.567],[51.936,54.528],[51.933,54.436],[52.099,54.388],[52.223,54.445],[52.482,54.467],[52.539,54.377],[52.771,54.347],[53.001,54.271],[52.951,54.196],[53.141,54.076],[53.258,54.071],[53.384,53.974],[53.47,54.046]]]}},
        {"type":"Feature","properties":{"id":"ru_tam"},"geometry":{"type":"Polygon","coordinates":[[[42.489,51.608],[42.49,51.693],[42.643,51.804],[42.694,51.966],[42.806,52.012],[42.751,52.078],[42.752,52.174],[42.996,52.365],[43.08,52.403],[43.011,52.482],[43.042,52.561],[43.237,52.661],[43.095,52.822],[42.905,52.97],[42.748,53.022],[42.354,53.368],[42.312,53.44],[42.094,53.54],[42.134,53.812],[41.748,53.823],[41.4,53.783],[41.349,53.741],[41.354,53.556],[41.174,53.434],[41.021,53.49],[40.84,53.487],[40.738,53.56],[40.502,53.461],[40.317,53.356],[40.16,53.342],[40.107,53.276],[40.141,53.072],[40.07,52.925],[40.08,52.804],[39.979,52.769],[39.953,52.654],[40.067,52.561],[40.203,52.512],[40.331,52.403],[40.477,52.374],[40.697,52.27],[40.616,52.129],[40.632,52.066],[40.507,52.022],[40.504,51.954],[40.735,51.94],[40.938,51.89],[40.892,51.743],[41.066,51.71],[41.268,51.735],[41.311,51.794],[41.556,51.767],[41.952,51.656],[42.248,51.694],[42.274,51.6],[42.403,51.633],[42.489,51.608]]]}},
        {"type":"Feature","properties":{"id":"ru_tul"},"geometry":{"type":"Polygon","coordinates":[[[38.895,53.565],[38.909,53.753],[38.837,53.76],[38.795,53.872],[38.841,53.919],[38.714,54.001],[38.675,54.245],[38.521,54.289],[38.514,54.364],[38.39,54.469],[38.49,54.58],[38.462,54.64],[38.219,54.66],[38.039,54.714],[37.939,54.832],[37.75,54.82],[37.758,54.736],[37.564,54.737],[37.461,54.822],[37.259,54.836],[37.208,54.688],[37.089,54.549],[36.805,54.61],[36.848,54.472],[36.965,54.396],[36.891,54.283],[36.714,54.317],[36.461,54.288],[36.354,54.223],[36.237,54.229],[36.201,54.098],[36.111,53.961],[35.989,53.916],[35.931,53.786],[36.01,53.618],[36.098,53.556],[36.22,53.57],[36.398,53.429],[36.535,53.391],[36.667,53.416],[36.807,53.297],[37.088,53.28],[37.197,53.251],[37.327,53.303],[37.568,53.289],[37.561,53.169],[37.787,53.089],[37.841,53.009],[37.912,53.073],[38.108,53.059],[38.307,52.974],[38.473,53.041],[38.595,53.049],[38.633,53.123],[38.595,53.24],[38.477,53.31],[38.762,53.382],[38.697,53.5],[38.895,53.565]]]}},
        {"type":"Feature","properties":{"id":"ru_tve"},"geometry":{"type":"Polygon","coordinates":[[[31.467,55.729],[31.586,55.747],[31.755,55.714],[31.894,55.77],[32.094,55.674],[32.722,55.69],[32.939,55.632],[33.188,55.653],[33.505,55.755],[33.67,55.865],[33.66,55.946],[33.838,55.949],[33.917,56.073],[34.201,56.075],[34.631,55.918],[35.031,55.984],[35.174,55.948],[35.21,56.019],[35.317,56.054],[35.379,56.174],[35.484,56.242],[35.548,56.371],[35.458,56.448],[35.645,56.474],[35.783,56.392],[35.983,56.387],[36.096,56.347],[36.173,56.408],[36.537,56.475],[36.833,56.583],[37.055,56.518],[37.135,56.56],[37.157,56.683],[37.231,56.773],[37.499,56.785],[37.553,56.906],[37.656,56.944],[37.974,56.854],[38.015,56.774],[38.257,56.77],[38.154,56.832],[38.199,56.894],[38.25,57.129],[38.143,57.197],[38.306,57.276],[38.27,57.371],[38.148,57.337],[37.984,57.359],[37.794,57.443],[37.81,57.608],[37.391,57.828],[37.367,57.977],[37.484,57.981],[37.549,58.053],[37.673,58.083],[37.562,58.165],[37.35,58.239],[37.449,58.408],[37.644,58.429],[37.626,58.49],[37.188,58.771],[37.122,58.866],[36.864,58.843],[36.816,58.758],[36.669,58.685],[36.521,58.558],[36.324,58.5],[36.173,58.525],[35.935,58.423],[35.552,58.448],[35.394,58.431],[35.279,58.359],[35.269,58.271],[35.035,58.2],[34.786,58.242],[34.684,58.197],[34.651,58.081],[34.488,58.146],[34.142,58.208],[33.869,58.144],[33.719,58.158],[33.545,58.047],[33.686,58.003],[33.701,57.927],[33.581,57.858],[33.537,57.72],[33.325,57.655],[33.309,57.566],[33.216,57.454],[33.046,57.437],[32.807,57.46],[32.668,57.346],[32.272,57.195],[32.133,57.184],[31.967,57.117],[31.722,57.106],[31.678,57.013],[31.546,56.94],[31.307,56.969],[31.118,56.931],[31,56.965],[30.896,56.897],[30.89,56.808],[30.817,56.72],[30.913,56.656],[31.08,56.623],[31.017,56.519],[31.215,56.435],[31.231,56.346],[31.492,56.301],[31.474,56.119],[31.498,56.029],[31.345,55.964],[31.413,55.89],[31.467,55.729]]]}},
        {"type":"Feature","properties":{"id":"ru_ud"},"geometry":{"type":"Polygon","coordinates":[[[54.352,56.359],[54.168,56.534],[53.959,56.632],[53.869,56.713],[54.088,56.771],[54.099,56.966],[54.341,57.012],[54.295,57.084],[54.314,57.291],[54.158,57.314],[54.188,57.463],[54.096,57.607],[54.156,57.706],[54.087,57.994],[53.81,58.228],[53.886,58.319],[53.785,58.44],[53.498,58.45],[53.34,58.389],[53.165,58.456],[53.13,58.537],[52.921,58.534],[52.87,58.411],[52.329,58.45],[52.167,58.49],[51.971,58.464],[51.796,58.361],[51.791,58.281],[51.673,58.166],[51.766,58.141],[51.793,58.043],[51.885,57.986],[51.852,57.842],[51.924,57.817],[51.862,57.647],[51.748,57.546],[51.64,57.544],[51.601,57.457],[51.397,57.478],[51.181,57.447],[51.12,57.265],[51.193,57.203],[51.227,57.067],[51.359,56.927],[51.54,56.883],[51.4,56.767],[51.379,56.68],[51.206,56.67],[51.145,56.515],[51.273,56.44],[51.32,56.329],[51.42,56.284],[51.436,56.144],[51.501,56.082],[51.399,55.994],[51.442,55.925],[51.633,55.952],[51.829,55.918],[51.938,55.974],[52.064,55.896],[52.168,55.899],[52.242,55.965],[52.195,56.077],[52.439,56.033],[52.655,56.018],[52.794,56.095],[52.839,56.163],[52.711,56.23],[52.562,56.259],[52.733,56.378],[52.908,56.416],[52.934,56.538],[53.08,56.527],[52.945,56.366],[52.958,56.252],[53.273,56.085],[53.336,56.157],[53.26,56.254],[53.427,56.277],[53.551,56.241],[53.564,56.181],[53.405,56.023],[53.276,55.935],[53.289,55.858],[53.632,55.907],[53.777,55.97],[53.838,56.039],[54.047,56.058],[54.117,56.158],[54.346,56.253],[54.352,56.359]]]}},
        {"type":"Feature","properties":{"id":"ru_uly"},"geometry":{"type":"Polygon","coordinates":[[[48.437,52.78],[48.54,52.83],[48.593,52.919],[48.522,52.978],[48.222,52.999],[48.149,53.059],[48.144,53.162],[48.035,53.315],[47.949,53.359],[48.057,53.476],[48.376,53.471],[48.331,53.624],[48.456,53.666],[48.491,53.771],[48.874,53.716],[49.029,53.857],[49.299,53.84],[49.414,53.868],[49.624,53.815],[49.827,53.887],[49.957,53.907],[49.979,53.966],[50.197,54.038],[50.256,54.305],[50.206,54.418],[50.077,54.516],[49.975,54.51],[49.746,54.574],[49.616,54.562],[49.476,54.775],[49.291,54.884],[49.118,54.795],[49.014,54.793],[48.828,54.648],[48.641,54.66],[48.47,54.634],[48.29,54.738],[48.086,54.766],[47.85,54.704],[47.754,54.731],[47.637,54.565],[47.366,54.527],[47.351,54.593],[47.242,54.678],[47.063,54.69],[46.869,54.632],[46.441,54.772],[46.533,54.553],[46.482,54.499],[46.543,54.406],[46.734,54.384],[46.719,54.33],[46.488,54.284],[46.379,54.231],[46.018,54.189],[45.879,54.031],[45.792,54.004],[45.957,54.005],[46.212,53.909],[46.193,53.85],[46.468,53.654],[46.494,53.511],[46.795,53.408],[46.906,53.335],[46.954,53.191],[46.913,53.079],[46.983,52.771],[46.852,52.726],[46.831,52.616],[46.917,52.637],[47.062,52.57],[47.435,52.57],[47.531,52.611],[47.731,52.587],[47.777,52.68],[47.917,52.675],[47.998,52.754],[48.252,52.81],[48.437,52.78]]]}},
        {"type":"Feature","properties":{"id":"ru_vgg"},"geometry":{"type":"Polygon","coordinates":[[[41.362,50.226],[41.492,50.084],[41.595,50.045],[41.617,49.962],[41.876,49.9],[42.115,49.75],[42.178,49.668],[42.072,49.502],[42.053,49.402],[42.092,49.289],[42.037,49.267],[42.095,49.141],[42.344,49.152],[42.411,49.047],[42.644,48.977],[42.74,48.786],[42.651,48.705],[42.701,48.624],[42.634,48.552],[42.442,48.505],[42.277,48.498],[42.165,48.464],[42.074,48.392],[42.147,48.287],[42.049,48.26],[42.096,48.154],[42.03,48.029],[42.283,48.016],[42.343,48.045],[42.492,48.014],[42.728,47.854],[42.785,47.731],[42.955,47.51],[43.054,47.573],[43.263,47.45],[43.482,47.484],[43.732,47.477],[43.634,47.57],[43.705,47.683],[43.822,47.75],[43.951,47.756],[44.083,47.909],[44.389,47.868],[44.467,47.99],[44.448,48.05],[44.314,48.094],[44.306,48.255],[44.54,48.197],[44.547,48.063],[44.662,48.089],[44.766,48.059],[44.933,48.135],[44.963,48.209],[45.137,48.112],[45.301,48.098],[45.15,48.238],[44.987,48.268],[45.042,48.395],[45.172,48.439],[45.375,48.464],[45.301,48.558],[45.609,48.593],[45.76,48.666],[45.948,48.836],[46.057,48.869],[46.298,48.84],[46.62,48.67],[46.754,48.914],[46.93,49.004],[47.021,49.097],[47.029,49.201],[46.775,49.333],[46.9,49.82],[46.959,49.884],[47.177,49.947],[47.309,50.045],[47.328,50.109],[47.265,50.186],[47.295,50.275],[47.434,50.377],[47.277,50.372],[47.184,50.512],[47.008,50.48],[46.878,50.524],[46.83,50.633],[46.708,50.691],[46.583,50.701],[46.483,50.617],[46.461,50.547],[46.295,50.567],[46.255,50.529],[46.065,50.544],[46.068,50.652],[45.89,50.759],[45.678,50.729],[45.668,50.594],[45.495,50.613],[45.241,50.586],[45.191,50.697],[45.293,50.781],[45.308,50.877],[45.215,50.942],[45.202,51.04],[45.042,51.126],[44.66,51.173],[44.21,51.194],[44.182,51.117],[44.004,51.087],[43.682,51.113],[43.642,51.066],[43.33,51.018],[43.142,51.122],[42.873,51.231],[42.715,51.239],[42.573,51.169],[42.255,51.132],[42.067,51.16],[41.977,51.203],[41.855,51.189],[41.737,51.026],[41.444,50.917],[41.37,50.831],[41.168,50.781],[41.314,50.725],[41.4,50.625],[41.526,50.599],[41.424,50.482],[41.509,50.392],[41.362,50.226]]]}},
        {"type":"Feature","properties":{"id":"ru_vla"},"geometry":{"type":"Polygon","coordinates":[[[38.374,56.697],[38.33,56.562],[38.412,56.369],[38.403,56.264],[38.562,56.083],[38.606,55.959],[38.839,55.901],[39.016,55.925],[39.123,55.83],[39.31,55.831],[39.358,55.761],[39.555,55.776],[39.823,55.833],[39.9,55.734],[40.085,55.613],[40.137,55.434],[40.206,55.309],[40.345,55.34],[40.517,55.328],[40.612,55.207],[40.729,55.204],[40.965,55.26],[41.047,55.183],[41.21,55.221],[41.412,55.131],[41.497,55.157],[41.658,55.109],[41.783,55.119],[41.87,55.158],[41.859,55.241],[41.933,55.33],[42.117,55.422],[42.068,55.481],[42.056,55.613],[42.281,55.77],[42.38,55.777],[42.486,55.852],[42.565,55.969],[42.694,56.003],[42.686,56.122],[42.906,56.152],[42.755,56.22],[42.761,56.306],[42.588,56.42],[42.289,56.471],[42.066,56.368],[41.958,56.391],[41.934,56.517],[41.053,56.475],[40.934,56.502],[40.715,56.598],[40.491,56.584],[40.156,56.434],[39.943,56.53],[39.879,56.646],[39.859,56.78],[39.679,56.822],[39.417,56.772],[39.31,56.684],[39.337,56.609],[39.272,56.538],[39.121,56.594],[39,56.543],[38.847,56.598],[38.629,56.581],[38.374,56.697]]]}},
        {"type":"Feature","properties":{"id":"ru_vlg"},"geometry":{"type":"Polygon","coordinates":[[[35.604,61.188],[35.686,61.121],[35.489,60.959],[35.44,60.862],[35.281,60.85],[35.154,60.787],[35.259,60.585],[35.231,60.341],[35.147,60.269],[35.157,60.067],[35.238,59.985],[35.404,59.974],[35.382,59.875],[35.424,59.701],[35.497,59.647],[35.496,59.554],[35.324,59.507],[35.449,59.428],[35.301,59.301],[35.135,59.254],[34.901,59.238],[34.73,59.103],[34.879,59.043],[34.831,58.991],[35.131,58.937],[35.125,58.815],[35.266,58.765],[35.398,58.844],[35.751,58.827],[35.836,58.745],[36.126,58.695],[36.173,58.525],[36.324,58.5],[36.521,58.558],[36.669,58.685],[36.816,58.758],[36.864,58.843],[37.122,58.866],[37.188,58.771],[37.626,58.49],[37.717,58.622],[37.941,58.641],[38.048,58.736],[38.478,58.706],[38.55,58.777],[38.916,58.744],[39,58.846],[38.94,58.944],[39.119,58.954],[39.5,58.889],[39.62,58.895],[39.969,58.759],[40.161,58.559],[40.293,58.544],[40.565,58.591],[40.926,58.579],[41.218,58.74],[41.146,58.785],[41.245,58.902],[41.522,59.037],[41.687,59.08],[42.012,59.118],[42.09,59.23],[41.959,59.278],[42.058,59.427],[42.188,59.391],[42.197,59.303],[42.632,59.308],[42.671,59.228],[42.8,59.17],[43.026,59.208],[43.151,59.261],[43.294,59.218],[43.498,59.294],[43.582,59.188],[43.742,59.26],[43.96,59.205],[44.103,59.23],[44.207,59.172],[44.391,59.153],[44.991,59.122],[45.091,59.184],[45.366,59.198],[45.918,59.184],[46.004,59.282],[46.182,59.345],[46.356,59.347],[46.406,59.633],[46.757,59.607],[46.875,59.632],[47.114,59.611],[47.113,59.753],[46.935,59.789],[46.923,59.844],[47.036,60.1],[46.608,60.067],[46.404,60.107],[46.349,60.214],[46.441,60.271],[46.75,60.261],[46.807,60.318],[46.862,60.507],[47.049,60.575],[46.959,60.66],[47.084,60.819],[47.043,60.854],[46.753,60.907],[46.737,60.986],[46.527,61.051],[46.285,60.968],[45.878,61.016],[45.767,61.055],[45.723,61.179],[45.332,61.189],[45.229,60.904],[44.455,60.947],[44.206,60.972],[44.158,61.082],[43.776,61.021],[43.715,60.885],[43.536,60.853],[43.511,60.767],[43.15,60.806],[43.049,60.74],[42.823,60.855],[42.65,60.863],[42.395,60.769],[42.024,60.836],[41.801,60.899],[41.519,60.899],[41.394,60.858],[41.412,60.791],[41.34,60.676],[41.059,60.65],[40.819,60.711],[40.757,60.774],[40.534,60.725],[39.923,60.652],[39.764,60.737],[39.648,60.746],[39.338,60.684],[39.068,60.714],[38.948,60.803],[38.789,60.713],[38.633,60.723],[38.574,60.799],[38.43,60.805],[38.418,60.874],[38.213,60.924],[38.166,61.133],[37.963,61.16],[37.857,61.285],[37.773,61.522],[37.278,61.501],[36.996,61.594],[36.873,61.545],[36.578,61.529],[36.467,61.407],[35.604,61.188]]]}},
        {"type":"Feature","properties":{"id":"ru_vor"},"geometry":{"type":"Polygon","coordinates":[[[38.292,51.292],[38.446,51.257],[38.501,51.189],[38.396,51.157],[38.397,51.077],[38.516,51.062],[38.618,50.998],[38.738,51.074],[38.846,51.036],[38.874,50.911],[38.737,50.901],[38.724,50.79],[38.966,50.647],[39.072,50.636],[39.098,50.506],[38.99,50.433],[39.085,50.349],[39.099,50.173],[39.234,50.056],[39.181,49.859],[39.238,49.765],[39.328,49.726],[39.444,49.75],[39.57,49.713],[39.623,49.613],[39.802,49.542],[40.018,49.608],[40.119,49.588],[40.17,49.624],[40.411,49.597],[40.612,49.648],[40.885,49.69],[41.029,49.794],[41.056,49.916],[41.179,50.016],[41.341,50.075],[41.288,50.179],[41.362,50.226],[41.509,50.392],[41.424,50.482],[41.526,50.599],[41.4,50.625],[41.314,50.725],[41.168,50.781],[41.37,50.831],[41.444,50.917],[41.737,51.026],[41.855,51.189],[41.977,51.203],[42.067,51.16],[42.255,51.132],[42.573,51.169],[42.715,51.239],[42.873,51.231],[42.861,51.381],[42.734,51.479],[42.489,51.608],[42.403,51.633],[42.274,51.6],[42.248,51.694],[41.952,51.656],[41.556,51.767],[41.311,51.794],[41.268,51.735],[41.066,51.71],[40.892,51.743],[40.938,51.89],[40.735,51.94],[40.504,51.954],[40.295,51.956],[40.088,51.985],[39.913,51.98],[39.834,51.92],[39.497,51.973],[39.447,52.082],[39.182,52.098],[38.994,52.001],[38.88,52.093],[38.762,52.052],[38.698,52.098],[38.529,52.024],[38.299,51.961],[38.41,51.92],[38.41,51.688],[38.22,51.708],[38.207,51.629],[38.276,51.526],[38.323,51.341],[38.292,51.292]]]}},
        {"type":"Feature","properties":{"id":"ru_yar"},"geometry":{"type":"Polygon","coordinates":[[[40.926,58.579],[40.565,58.591],[40.293,58.544],[40.161,58.559],[39.969,58.759],[39.62,58.895],[39.5,58.889],[39.119,58.954],[38.94,58.944],[39,58.846],[38.916,58.744],[38.55,58.777],[38.478,58.706],[38.048,58.736],[37.941,58.641],[37.717,58.622],[37.626,58.49],[37.644,58.429],[37.449,58.408],[37.35,58.239],[37.562,58.165],[37.673,58.083],[37.549,58.053],[37.484,57.981],[37.367,57.977],[37.391,57.828],[37.81,57.608],[37.794,57.443],[37.984,57.359],[38.148,57.337],[38.27,57.371],[38.306,57.276],[38.143,57.197],[38.25,57.129],[38.199,56.894],[38.154,56.832],[38.257,56.77],[38.374,56.697],[38.629,56.581],[38.847,56.598],[39,56.543],[39.121,56.594],[39.272,56.538],[39.337,56.609],[39.31,56.684],[39.417,56.772],[39.387,56.835],[39.527,56.956],[39.52,57.027],[39.844,57.129],[39.842,57.177],[40.064,57.219],[40.193,57.213],[40.327,57.293],[40.445,57.276],[40.448,57.441],[40.385,57.498],[40.499,57.58],[40.663,57.581],[40.623,57.655],[40.626,57.94],[40.744,58.052],[40.885,58.126],[40.889,58.198],[41.164,58.361],[41.065,58.411],[41.034,58.522],[40.926,58.579]]]}},
        {"type":"Feature","properties":{"id":"se_ac"},"geometry":{"type":"Polygon","coordinates":[[[15.476,66.355],[15.482,66.275],[15.053,66.153],[14.541,66.125],[14.644,65.843],[14.561,65.701],[14.51,65.465],[14.514,65.318],[14.4,65.255],[14.333,65.115],[14.708,65],[14.886,64.879],[15.023,64.844],[15.112,64.757],[15.269,64.722],[15.292,64.645],[15.639,64.473],[15.985,64.354],[16.085,64.263],[16.263,64.256],[16.745,64.017],[16.902,63.96],[17.73,63.889],[18.362,63.983],[18.521,63.852],[18.956,63.77],[19.206,63.594],[19.316,63.458],[19.579,63.521],[19.753,63.524],[20.074,63.666],[20.308,63.654],[20.317,63.74],[20.503,63.822],[20.688,63.799],[20.897,63.984],[20.967,64.149],[21.244,64.307],[21.457,64.372],[21.606,64.452],[21.49,64.487],[21.181,64.836],[21.256,64.957],[21.378,64.96],[21.467,65.055],[21.582,65.068],[21.266,65.164],[20.115,65.312],[19.704,65.25],[19.403,65.162],[19.231,65.262],[18.82,65.375],[18.701,65.442],[18.359,65.495],[18.164,65.583],[17.781,65.657],[17.472,65.755],[16.881,66.006],[16.498,66.076],[15.863,66.276],[15.476,66.355]]]}},
        {"type":"Feature","properties":{"id":"se_bd"},"geometry":{"type":"Polygon","coordinates":[[[18.189,68.538],[18.136,68.396],[18.167,68.158],[17.895,67.97],[17.321,68.105],[17.22,68.04],[16.808,67.911],[16.609,67.647],[16.483,67.558],[16.2,67.508],[16.127,67.423],[16.438,67.2],[16.416,67.053],[16.039,66.888],[15.669,66.599],[15.426,66.491],[15.476,66.355],[15.863,66.276],[16.498,66.076],[16.881,66.006],[17.472,65.755],[17.781,65.657],[18.164,65.583],[18.359,65.495],[18.701,65.442],[18.82,65.375],[19.231,65.262],[19.403,65.162],[19.704,65.25],[20.115,65.312],[21.266,65.164],[21.582,65.068],[21.619,65.148],[21.538,65.231],[21.702,65.286],[21.489,65.393],[21.942,65.412],[22.17,65.553],[22.385,65.628],[22.258,65.665],[22.361,65.761],[22.837,65.808],[23.087,65.728],[23.374,65.823],[23.957,65.789],[24.163,65.823],[24.02,66.049],[23.889,66.161],[23.724,66.207],[23.642,66.436],[23.882,66.564],[23.892,66.751],[24.001,66.812],[23.933,66.889],[23.684,67.05],[23.581,67.153],[23.622,67.269],[23.735,67.29],[23.765,67.42],[23.431,67.486],[23.554,67.587],[23.485,67.737],[23.499,67.882],[23.661,67.933],[23.383,68.051],[23.331,68.128],[23.152,68.13],[23.155,68.217],[23.052,68.298],[22.608,68.425],[22.303,68.476],[22.072,68.477],[21.919,68.568],[21.464,68.687],[21.072,68.869],[20.906,68.895],[20.935,68.967],[20.623,69.036],[20.102,69.022],[20.341,68.91],[20.357,68.805],[20.237,68.659],[19.962,68.541],[20.246,68.477],[19.931,68.35],[19.038,68.506],[18.645,68.501],[18.436,68.574],[18.189,68.538]]]}},
        {"type":"Feature","properties":{"id":"se_c"},"geometry":{"type":"Polygon","coordinates":[[[17.226,60.31],[17.386,60.201],[17.288,60.059],[17.211,60.042],[17.181,59.885],[17.05,59.839],[16.859,59.884],[16.797,59.785],[16.9,59.669],[16.966,59.532],[17.245,59.5],[17.444,59.385],[17.342,59.325],[17.285,59.227],[17.386,58.998],[17.586,58.965],[17.761,59.037],[17.749,58.924],[17.931,58.91],[18.043,59.06],[18.393,59.176],[18.279,59.262],[18.482,59.348],[18.318,59.376],[18.173,59.327],[18.042,59.397],[18.146,59.444],[18.277,59.423],[18.687,59.606],[18.781,59.702],[19.085,59.772],[18.862,59.803],[19.072,59.896],[18.903,59.947],[18.824,60.068],[18.651,60.148],[18.555,60.121],[18.42,60.194],[18.428,60.349],[18.278,60.349],[17.967,60.519],[17.919,60.6],[17.638,60.515],[17.575,60.648],[17.377,60.624],[17.316,60.486],[17.217,60.385],[17.226,60.31]]]}},
        {"type":"Feature","properties":{"id":"se_e"},"geometry":{"type":"Polygon","coordinates":[[[13.117,57.157],[13.239,57.097],[13.395,57.121],[13.592,57.068],[13.694,56.983],[14.065,57.05],[14.159,57.014],[14.234,56.917],[14.393,56.955],[14.356,57.022],[14.382,57.142],[14.809,57.228],[14.951,57.152],[15.233,57.234],[15.551,57.211],[15.495,57.302],[15.528,57.44],[15.629,57.461],[15.663,57.603],[15.443,57.712],[15.634,57.846],[15.767,57.858],[15.931,57.819],[16.042,57.863],[16.076,57.976],[16.039,58.08],[16.173,58.073],[16.302,58.124],[16.44,58.125],[16.597,58.079],[16.687,57.989],[16.821,58.207],[16.73,58.269],[16.779,58.326],[16.72,58.437],[16.866,58.483],[16.786,58.573],[16.636,58.627],[16.409,58.597],[16.234,58.669],[16.781,58.634],[16.63,58.689],[16.453,58.692],[16.298,58.824],[15.848,59.01],[15.724,58.985],[15.625,58.966],[15.539,58.874],[15.279,58.845],[15.011,58.699],[14.812,58.646],[14.429,58.224],[14.237,58.002],[14.212,57.916],[14.045,57.864],[13.751,57.853],[13.683,57.565],[13.542,57.436],[13.315,57.317],[13.117,57.157]]]}},
        {"type":"Feature","properties":{"id":"se_g"},"geometry":{"type":"Polygon","coordinates":[[[11.913,57.583],[11.945,57.49],[12.109,57.394],[12.204,57.148],[12.333,57.021],[12.375,56.912],[12.598,56.821],[12.616,56.75],[12.732,56.647],[12.872,56.649],[12.934,56.547],[12.911,56.474],[13.016,56.371],[13.231,56.343],[13.391,56.419],[13.501,56.424],[13.993,56.479],[14.095,56.541],[14.541,56.477],[14.414,56.346],[14.45,56.265],[14.542,56.239],[14.587,56.155],[14.553,56.054],[14.612,56.011],[14.768,56.031],[14.686,56.147],[14.953,56.173],[15.049,56.154],[15.493,56.176],[15.573,56.206],[15.852,56.086],[16.038,56.255],[16.066,56.336],[15.8,56.375],[15.597,56.502],[15.363,56.482],[15.419,56.678],[15.392,56.757],[15.559,56.824],[15.528,56.903],[15.783,56.908],[15.806,57.02],[15.551,57.211],[15.233,57.234],[14.951,57.152],[14.809,57.228],[14.382,57.142],[14.356,57.022],[14.393,56.955],[14.234,56.917],[14.159,57.014],[14.065,57.05],[13.694,56.983],[13.592,57.068],[13.395,57.121],[13.239,57.097],[13.117,57.157],[12.953,57.2],[12.944,57.278],[12.595,57.351],[12.434,57.306],[12.416,57.436],[12.337,57.491],[12.302,57.616],[12.069,57.573],[11.913,57.583]]]}},
        {"type":"Feature","properties":{"id":"se_h"},"geometry":{"type":"MultiPolygon","coordinates":[[[[15.551,57.211],[15.806,57.02],[15.783,56.908],[15.528,56.903],[15.559,56.824],[15.392,56.757],[15.419,56.678],[15.363,56.482],[15.597,56.502],[15.8,56.375],[16.066,56.336],[16.095,56.419],[16.213,56.548],[16.255,56.65],[16.379,56.676],[16.357,56.758],[16.468,56.949],[16.44,57.014],[16.553,57.11],[16.465,57.177],[16.535,57.36],[16.689,57.472],[16.629,57.557],[16.611,57.682],[16.675,57.764],[16.46,57.895],[16.687,57.989],[16.597,58.079],[16.44,58.125],[16.302,58.124],[16.173,58.073],[16.039,58.08],[16.076,57.976],[16.042,57.863],[15.931,57.819],[15.767,57.858],[15.634,57.846],[15.443,57.712],[15.663,57.603],[15.629,57.461],[15.528,57.44],[15.495,57.302],[15.551,57.211]]],[[[17.125,57.319],[16.966,57.305],[16.888,57.118],[16.717,56.892],[16.621,56.872],[16.399,56.545],[16.413,56.229],[16.491,56.24],[16.566,56.346],[16.643,56.568],[16.782,56.811],[16.883,56.916],[17.125,57.319]]],[[[19.04,57.868],[18.898,57.898],[18.784,57.84],[18.658,57.902],[18.595,57.831],[18.463,57.803],[18.325,57.673],[18.161,57.578],[18.112,57.511],[18.179,57.38],[18.099,57.259],[18.228,57.134],[18.204,56.915],[18.358,56.99],[18.345,57.083],[18.431,57.154],[18.714,57.243],[18.667,57.297],[18.77,57.364],[18.761,57.508],[18.81,57.71],[18.941,57.73],[19.04,57.868]]]]}},
        {"type":"Feature","properties":{"id":"se_m"},"geometry":{"type":"Polygon","coordinates":[[[12.911,56.474],[12.714,56.467],[12.622,56.419],[12.834,56.266],[12.705,56.222],[12.505,56.275],[12.61,56.117],[12.752,55.997],[12.821,55.887],[12.926,55.834],[12.923,55.749],[13.061,55.674],[12.929,55.579],[13,55.4],[13.281,55.345],[13.381,55.346],[13.63,55.418],[13.882,55.433],[14.181,55.391],[14.363,55.524],[14.358,55.564],[14.196,55.726],[14.209,55.821],[14.346,55.953],[14.553,56.054],[14.587,56.155],[14.542,56.239],[14.45,56.265],[14.414,56.346],[14.541,56.477],[14.095,56.541],[13.993,56.479],[13.501,56.424],[13.391,56.419],[13.231,56.343],[13.016,56.371],[12.911,56.474]]]}},
        {"type":"Feature","properties":{"id":"se_o"},"geometry":{"type":"MultiPolygon","coordinates":[[[[11.811,59.249],[11.664,58.92],[11.452,58.896],[11.438,58.992],[11.355,59.092],[11.22,59.09],[11.108,58.954],[11.19,58.908],[11.232,58.8],[11.179,58.736],[11.25,58.649],[11.258,58.482],[11.225,58.371],[11.382,58.354],[11.567,58.249],[11.807,58.327],[11.876,58.199],[11.803,58.037],[11.694,57.881],[11.752,57.785],[11.706,57.722],[11.845,57.683],[11.913,57.583],[12.069,57.573],[12.302,57.616],[12.337,57.491],[12.416,57.436],[12.434,57.306],[12.595,57.351],[12.944,57.278],[12.953,57.2],[13.117,57.157],[13.315,57.317],[13.542,57.436],[13.683,57.565],[13.751,57.853],[14.045,57.864],[14.212,57.916],[14.237,58.002],[14.429,58.224],[14.812,58.646],[14.695,58.734],[14.521,58.728],[14.41,58.845],[14.313,59.016],[14.227,59.045],[13.615,59.055],[13.457,58.968],[13.38,58.843],[13.446,58.76],[13.288,58.742],[12.928,58.815],[12.859,58.988],[12.756,59.137],[12.596,59.125],[12.256,59.215],[12.07,59.201],[11.811,59.249]]],[[[11.739,58.059],[11.525,58.051],[11.528,57.954],[11.732,57.998],[11.739,58.059]]],[[[11.807,58.23],[11.739,58.285],[11.429,58.161],[11.708,58.098],[11.805,58.126],[11.807,58.23]]]]}},
        {"type":"Feature","properties":{"id":"se_s"},"geometry":{"type":"Polygon","coordinates":[[[11.875,59.885],[11.884,59.805],[11.892,59.706],[11.694,59.622],[11.677,59.559],[11.784,59.361],[11.811,59.249],[12.07,59.201],[12.256,59.215],[12.596,59.125],[12.756,59.137],[12.859,58.988],[12.928,58.815],[13.288,58.742],[13.446,58.76],[13.38,58.843],[13.457,58.968],[13.615,59.055],[14.227,59.045],[14.313,59.016],[14.33,59.301],[14.469,59.498],[14.418,59.926],[14.451,60.037],[14.257,60.107],[14.158,60.229],[13.845,60.261],[13.669,60.407],[13.528,60.447],[13.098,60.817],[12.756,61.001],[12.711,61.057],[12.281,61.015],[12.256,60.981],[12.377,60.754],[12.594,60.515],[12.594,60.395],[12.487,60.296],[12.511,60.118],[12.447,60.051],[12.144,59.898],[11.875,59.885]]]}},
        {"type":"Feature","properties":{"id":"se_t"},"geometry":{"type":"Polygon","coordinates":[[[14.451,60.037],[14.418,59.926],[14.469,59.498],[14.33,59.301],[14.313,59.016],[14.41,58.845],[14.521,58.728],[14.695,58.734],[14.812,58.646],[15.011,58.699],[15.279,58.845],[15.539,58.874],[15.625,58.966],[15.724,58.985],[15.848,59.01],[16.298,58.824],[16.453,58.692],[16.63,58.689],[16.781,58.634],[16.924,58.625],[17.093,58.661],[17.162,58.732],[17.276,58.731],[17.46,58.791],[17.627,58.918],[17.586,58.965],[17.386,58.998],[17.285,59.227],[17.342,59.325],[17.444,59.385],[17.245,59.5],[16.966,59.532],[16.9,59.669],[16.797,59.785],[16.859,59.884],[17.05,59.839],[17.181,59.885],[17.211,60.042],[17.288,60.059],[17.386,60.201],[17.226,60.31],[16.981,60.297],[16.81,60.211],[16.717,60.216],[16.554,60.176],[16.473,60.111],[16.32,60.078],[16.167,60.104],[16.132,60.163],[15.975,60.189],[15.75,60.147],[15.682,59.969],[15.535,59.973],[15.455,59.883],[15.238,60.016],[14.769,60.098],[14.717,60.018],[14.451,60.037]]]}},
        {"type":"Feature","properties":{"id":"se_w"},"geometry":{"type":"Polygon","coordinates":[[[12.315,62.272],[12.317,62.234],[12.162,61.725],[12.416,61.582],[12.614,61.547],[12.877,61.371],[12.82,61.205],[12.711,61.057],[12.756,61.001],[13.098,60.817],[13.528,60.447],[13.669,60.407],[13.845,60.261],[14.158,60.229],[14.257,60.107],[14.451,60.037],[14.717,60.018],[14.769,60.098],[15.238,60.016],[15.455,59.883],[15.535,59.973],[15.682,59.969],[15.75,60.147],[15.975,60.189],[16.132,60.163],[16.167,60.104],[16.32,60.078],[16.473,60.111],[16.554,60.176],[16.717,60.216],[16.543,60.358],[16.399,60.419],[16.203,60.58],[16.395,60.75],[16.404,60.795],[16.156,60.999],[15.801,61.063],[15.703,61.128],[15.637,61.246],[15.451,61.346],[15.186,61.544],[15.102,61.492],[14.712,61.492],[14.667,61.563],[14.482,61.591],[13.606,61.658],[13.327,61.906],[13.382,62.004],[13.285,62.047],[13.049,62.081],[12.797,62.207],[12.315,62.272]]]}},
        {"type":"Feature","properties":{"id":"se_x"},"geometry":{"type":"Polygon","coordinates":[[[14.482,61.591],[14.667,61.563],[14.712,61.492],[15.102,61.492],[15.186,61.544],[15.451,61.346],[15.637,61.246],[15.703,61.128],[15.801,61.063],[16.156,60.999],[16.404,60.795],[16.395,60.75],[16.203,60.58],[16.399,60.419],[16.543,60.358],[16.717,60.216],[16.81,60.211],[16.981,60.297],[17.226,60.31],[17.217,60.385],[17.316,60.486],[17.377,60.624],[17.238,60.698],[17.283,60.781],[17.246,60.898],[17.158,60.948],[17.213,61.235],[17.121,61.308],[17.104,61.399],[17.177,61.487],[17.082,61.571],[17.097,61.636],[17.399,61.722],[17.344,61.924],[17.469,62.062],[17.499,62.148],[17.011,62.18],[16.488,62.251],[16.209,62.261],[15.627,62.355],[15.359,62.282],[15.455,62.16],[15.417,62.117],[15.125,62],[15.126,61.851],[14.838,61.84],[14.684,61.869],[14.602,61.812],[14.482,61.591]]]}},
        {"type":"Feature","properties":{"id":"se_y"},"geometry":{"type":"Polygon","coordinates":[[[16.745,64.017],[16.592,63.737],[16.487,63.707],[16.162,63.702],[15.938,63.664],[16.021,63.462],[16.969,62.993],[16.658,62.922],[16.314,62.725],[15.886,62.71],[15.609,62.653],[15.172,62.603],[14.825,62.585],[14.851,62.425],[15.066,62.298],[15.359,62.282],[15.627,62.355],[16.209,62.261],[16.488,62.251],[17.011,62.18],[17.499,62.148],[17.547,62.249],[17.393,62.328],[17.341,62.498],[17.438,62.537],[17.576,62.44],[17.693,62.498],[17.862,62.501],[18.042,62.592],[17.926,62.822],[18.146,62.822],[18.268,62.883],[18.4,62.842],[18.513,62.904],[18.468,63.024],[18.611,63.179],[18.756,63.157],[18.913,63.212],[19.032,63.182],[19.157,63.319],[19.27,63.342],[19.316,63.458],[19.206,63.594],[18.956,63.77],[18.521,63.852],[18.362,63.983],[17.73,63.889],[16.902,63.96],[16.745,64.017]]]}},
        {"type":"Feature","properties":{"id":"se_z"},"geometry":{"type":"Polygon","coordinates":[[[14.332,65.114],[13.643,64.584],[14.116,64.441],[14.161,64.205],[13.939,64.01],[13.234,64.091],[12.982,64.059],[12.682,63.956],[12.293,63.657],[12.17,63.598],[12.205,63.455],[11.992,63.289],[12.06,63.205],[12.223,63.001],[12.104,62.923],[12.156,62.734],[12.091,62.586],[12.28,62.344],[12.315,62.272],[12.797,62.207],[13.049,62.081],[13.285,62.047],[13.382,62.004],[13.327,61.906],[13.606,61.658],[14.482,61.591],[14.602,61.812],[14.684,61.869],[14.838,61.84],[15.126,61.851],[15.125,62],[15.417,62.117],[15.455,62.16],[15.359,62.282],[15.066,62.298],[14.851,62.425],[14.825,62.585],[15.172,62.603],[15.609,62.653],[15.886,62.71],[16.314,62.725],[16.658,62.922],[16.969,62.993],[16.021,63.462],[15.938,63.664],[16.162,63.702],[16.487,63.707],[16.592,63.737],[16.745,64.017],[16.263,64.256],[16.085,64.263],[15.985,64.354],[15.639,64.473],[15.292,64.645],[15.269,64.722],[15.112,64.757],[15.023,64.844],[14.886,64.879],[14.708,65],[14.333,65.115],[14.332,65.114]]]}},
        {"type":"Feature","properties":{"id":"si_048"},"geometry":{"type":"Polygon","coordinates":[[[16.028,46.837],[15.971,46.775],[16.017,46.671],[15.968,46.695],[15.785,46.712],[15.622,46.678],[15.52,46.648],[15.514,46.633],[15.435,46.627],[15.333,46.644],[15.173,46.641],[15.106,46.646],[15.086,46.648],[14.92,46.615],[14.894,46.605],[14.815,46.551],[14.797,46.519],[14.673,46.46],[14.562,46.392],[14.437,46.419],[14.242,46.438],[14.148,46.44],[14.015,46.483],[13.891,46.512],[13.701,46.52],[13.686,46.464],[13.6,46.443],[13.396,46.307],[13.41,46.208],[13.627,46.182],[13.641,46.171],[13.523,46.075],[13.462,46.006],[13.601,45.985],[13.615,45.946],[13.599,45.912],[13.574,45.819],[13.589,45.806],[13.7,45.771],[13.779,45.743],[13.894,45.634],[13.868,45.602],[13.712,45.593],[13.675,45.545],[13.611,45.538],[13.59,45.489],[13.66,45.46],[13.889,45.424],[13.987,45.512],[14.117,45.473],[14.219,45.497],[14.373,45.478],[14.492,45.579],[14.569,45.664],[14.664,45.57],[14.668,45.534],[14.882,45.47],[14.977,45.492],[15.066,45.474],[15.226,45.436],[15.314,45.451],[15.282,45.571],[15.35,45.67],[15.25,45.714],[15.331,45.752],[15.43,45.776],[15.55,45.824],[15.666,45.832],[15.675,45.972],[15.693,46.042],[15.624,46.076],[15.627,46.195],[15.678,46.214],[15.8,46.249],[15.879,46.259],[15.881,46.259],[15.919,46.273],[15.994,46.291],[16.05,46.317],[16.089,46.373],[16.28,46.379],[16.234,46.485],[16.261,46.514],[16.302,46.527],[16.311,46.531],[16.34,46.544],[16.515,46.502],[16.372,46.636],[16.403,46.663],[16.366,46.696],[16.365,46.697],[16.299,46.78],[16.311,46.798],[16.297,46.847],[16.179,46.858],[16.13,46.857],[16.094,46.863],[16.053,46.846],[16.028,46.837]]]}},
        {"type":"Feature","properties":{"id":"sk_bc"},"geometry":{"type":"Polygon","coordinates":[[[19.449,49.6],[19.249,49.516],[19.173,49.402],[18.962,49.389],[18.932,49.504],[18.833,49.51],[18.733,49.48],[18.536,49.482],[18.387,49.378],[18.362,49.33],[18.19,49.277],[18.118,49.203],[18.103,49.092],[18.013,49.019],[17.914,49.01],[17.646,48.842],[17.535,48.813],[17.411,48.83],[17.534,48.628],[17.71,48.684],[17.785,48.648],[17.988,48.616],[18.003,48.708],[18.116,48.692],[18.251,48.612],[18.228,48.571],[18.367,48.492],[18.49,48.549],[18.576,48.345],[18.755,48.414],[18.855,48.306],[18.818,48.251],[18.872,48.163],[19.058,48.207],[19.019,48.065],[19.223,48.061],[19.428,48.086],[19.503,48.189],[19.623,48.227],[19.767,48.159],[19.905,48.124],[20.038,48.177],[20.135,48.247],[20.272,48.252],[20.37,48.334],[20.466,48.464],[20.336,48.463],[20.348,48.599],[20.188,48.727],[20.199,48.816],[20.273,48.873],[20.175,48.905],[19.996,48.907],[20.027,49.103],[19.901,49.138],[19.868,49.201],[19.761,49.194],[19.769,49.393],[19.627,49.402],[19.449,49.6]]]}},
        {"type":"Feature","properties":{"id":"sk_ni"},"geometry":{"type":"Polygon","coordinates":[[[17.148,48.005],[17.262,48.007],[17.369,47.981],[17.472,47.889],[17.719,47.774],[17.884,47.753],[18.236,47.754],[18.553,47.793],[18.693,47.778],[18.815,47.832],[18.749,47.871],[18.755,47.952],[18.838,48.04],[18.934,48.054],[19.019,48.065],[19.058,48.207],[18.872,48.163],[18.818,48.251],[18.855,48.306],[18.755,48.414],[18.576,48.345],[18.49,48.549],[18.367,48.492],[18.228,48.571],[18.251,48.612],[18.116,48.692],[18.003,48.708],[17.988,48.616],[17.785,48.648],[17.71,48.684],[17.534,48.628],[17.411,48.83],[17.167,48.86],[17.025,48.746],[16.945,48.604],[16.949,48.545],[16.861,48.444],[16.844,48.366],[16.951,48.277],[16.982,48.161],[17.062,48.113],[17.07,48.036],[17.148,48.005]]]}},
        {"type":"Feature","properties":{"id":"sk_pv"},"geometry":{"type":"Polygon","coordinates":[[[20.466,48.464],[20.482,48.526],[20.784,48.569],[21.109,48.489],[21.425,48.561],[21.613,48.44],[21.728,48.341],[22.133,48.405],[22.154,48.586],[22.322,48.7],[22.371,48.858],[22.54,49.072],[22.39,49.093],[22.198,49.172],[22.012,49.211],[21.993,49.278],[21.82,49.377],[21.514,49.417],[21.274,49.447],[21.173,49.398],[21.054,49.414],[20.942,49.296],[20.778,49.331],[20.69,49.401],[20.522,49.374],[20.33,49.392],[20.284,49.339],[20.13,49.304],[20.07,49.183],[19.868,49.201],[19.901,49.138],[20.027,49.103],[19.996,48.907],[20.175,48.905],[20.273,48.873],[20.199,48.816],[20.188,48.727],[20.348,48.599],[20.336,48.463],[20.466,48.464]]]}},
        {"type":"Feature","properties":{"id":"sm_06"},"geometry":{"type":"Polygon","coordinates":[[[12.427,43.969],[12.417,43.964],[12.386,43.925],[12.39,43.918],[12.421,43.895],[12.441,43.893],[12.464,43.9],[12.478,43.923],[12.483,43.929],[12.492,43.949],[12.491,43.965],[12.427,43.969]]]}},
        {"type":"Feature","properties":{"id":"tr_01"},"geometry":{"type":"Polygon","coordinates":[[[36.506,38.323],[36.4,38.457],[36.267,38.458],[36.146,38.395],[35.979,38.155],[35.608,37.954],[35.63,37.77],[35.577,37.75],[35.363,37.807],[35.191,37.818],[35.06,37.714],[34.86,37.717],[34.828,37.68],[34.865,37.553],[34.795,37.457],[34.792,37.388],[34.91,37.243],[34.935,37.084],[35.082,37.026],[35.052,36.964],[35.067,36.796],[34.933,36.727],[35.042,36.695],[35.348,36.544],[35.513,36.613],[35.631,36.607],[35.607,36.74],[35.805,36.775],[35.933,36.873],[36.059,36.918],[36.189,36.802],[36.216,36.658],[36.189,36.604],[36.037,36.527],[35.789,36.32],[35.948,36.088],[35.975,36.019],[35.923,35.932],[35.992,35.877],[36.138,35.82],[36.197,35.952],[36.356,36.022],[36.36,36.182],[36.499,36.228],[36.664,36.229],[36.588,36.325],[36.535,36.494],[36.603,36.747],[36.66,36.827],[36.452,36.961],[36.583,37.097],[36.721,37.271],[36.551,37.39],[36.304,37.349],[36.22,37.506],[36.279,37.591],[36.28,37.669],[36.36,37.732],[36.326,37.912],[36.418,38.219],[36.506,38.323]]]}},
        {"type":"Feature","properties":{"id":"tr_03"},"geometry":{"type":"Polygon","coordinates":[[[29.39,37.069],[29.415,37.175],[29.584,37.41],[29.538,37.576],[29.666,37.63],[29.689,37.674],[29.846,37.759],[30.015,37.777],[30.165,37.81],[30.211,37.962],[30.53,38.193],[30.781,38.278],[31.1,38.515],[31.254,38.423],[31.431,38.514],[31.595,38.666],[31.608,38.782],[31.715,38.928],[31.675,39],[31.698,39.093],[31.453,39.091],[31.378,39.136],[31.258,39.282],[30.962,39.155],[30.869,39.211],[30.77,39.141],[30.621,39.087],[30.442,39.206],[30.372,39.122],[30.253,39.081],[30.165,38.886],[30.096,38.804],[29.888,38.707],[29.753,38.45],[29.629,38.429],[29.628,38.31],[29.559,38.278],[29.412,38.283],[29.219,38.213],[29.152,38.246],[29.045,38.219],[28.931,38.255],[28.838,38.239],[28.784,38.12],[28.698,38.104],[28.778,38.029],[28.804,37.905],[28.771,37.845],[28.9,37.71],[28.83,37.691],[28.73,37.598],[28.583,37.59],[28.609,37.477],[28.627,37.382],[28.735,37.36],[28.812,37.234],[29.062,37.103],[29.09,36.978],[29.27,36.912],[29.39,37.069]]]}},
        {"type":"Feature","properties":{"id":"tr_04"},"geometry":{"type":"Polygon","coordinates":[[[44.381,40.01],[44.255,40.043],[44.032,40.009],[43.912,40.024],[43.665,40.11],[43.356,40.041],[43.318,39.969],[43.064,39.989],[42.757,39.922],[42.564,39.952],[42.382,39.871],[42.353,39.792],[42.495,39.748],[42.473,39.579],[42.431,39.491],[42.501,39.373],[42.641,39.235],[42.628,39.002],[42.787,39.072],[42.972,39.104],[43.113,39.162],[43.115,39.262],[43.244,39.41],[43.39,39.382],[43.492,39.313],[43.614,39.3],[43.706,39.34],[43.906,39.308],[44.047,39.338],[44.061,39.4],[44.2,39.409],[44.27,39.383],[44.405,39.434],[44.419,39.574],[44.458,39.643],[44.459,39.698],[44.566,39.766],[44.807,39.64],[44.775,39.703],[44.522,39.934],[44.381,40.01]]]}},
        {"type":"Feature","properties":{"id":"tr_06"},"geometry":{"type":"Polygon","coordinates":[[[30.864,40.143],[30.922,40.02],[31.082,40.048],[31.191,40.024],[31.247,40.058],[31.389,40.057],[31.431,40.024],[31.727,40.024],[31.757,39.92],[31.845,39.876],[31.841,39.776],[31.897,39.621],[31.991,39.496],[31.983,39.348],[32.043,39.275],[31.861,39.171],[32.127,39.034],[32.282,39.064],[32.479,38.997],[32.601,39.058],[32.676,39.034],[32.86,39.157],[33.009,39.105],[33.062,39.222],[33.223,39.175],[33.321,39.12],[33.374,39.023],[33.366,38.799],[33.467,38.644],[33.722,38.718],[33.812,38.715],[33.933,38.792],[33.897,38.935],[33.93,39.001],[33.937,39.035],[33.739,39.109],[33.545,39.211],[33.524,39.267],[33.445,39.387],[33.406,39.53],[33.298,39.643],[33.273,39.727],[33.373,39.982],[33.562,40.016],[33.595,40.34],[33.398,40.396],[33.271,40.331],[33.173,40.43],[33.043,40.502],[32.959,40.594],[32.665,40.698],[32.507,40.705],[32.443,40.673],[32.477,40.539],[32.396,40.448],[32.315,40.415],[32.177,40.431],[31.821,40.338],[31.658,40.336],[31.568,40.308],[31.42,40.36],[31.251,40.346],[31.069,40.411],[31.007,40.242],[30.864,40.143]]]}},
        {"type":"Feature","properties":{"id":"tr_07"},"geometry":{"type":"Polygon","coordinates":[[[29.261,36.294],[29.494,36.211],[29.602,36.207],[29.668,36.144],[29.795,36.145],[29.912,36.217],[30.145,36.254],[30.255,36.308],[30.441,36.239],[30.52,36.342],[30.475,36.402],[30.57,36.528],[30.57,36.781],[30.687,36.891],[30.776,36.85],[30.94,36.857],[31.341,36.809],[31.408,36.763],[31.737,36.642],[31.769,36.61],[32.026,36.543],[32.102,36.486],[32.192,36.358],[32.365,36.178],[32.572,36.094],[32.647,36.269],[32.652,36.438],[32.532,36.534],[32.456,36.673],[32.426,36.832],[32.305,36.854],[32.324,36.958],[32.128,37.076],[32.033,37.169],[31.815,37.298],[31.415,37.355],[31.332,37.422],[31.023,37.351],[30.935,37.38],[30.786,37.235],[30.441,37.231],[30.295,37.305],[30.086,37.247],[29.906,37.172],[29.836,37.037],[29.744,36.931],[29.689,36.914],[29.58,36.716],[29.575,36.599],[29.481,36.537],[29.477,36.482],[29.362,36.463],[29.261,36.294]]]}},
        {"type":"Feature","properties":{"id":"tr_10"},"geometry":{"type":"MultiPolygon","coordinates":[[[[26.781,40.659],[26.829,40.602],[26.67,40.511],[26.596,40.51],[26.219,40.331],[26.267,40.258],[26.215,40.146],[26.231,40.065],[26.376,40.154],[26.445,40.242],[26.617,40.36],[26.683,40.455],[26.964,40.561],[26.932,40.715],[26.786,40.726],[26.781,40.659]]],[[[26.667,39.551],[26.893,39.584],[26.926,39.486],[26.67,39.306],[26.779,39.17],[26.994,39.291],[27.05,39.351],[27.291,39.464],[27.42,39.38],[27.497,39.411],[27.656,39.352],[27.871,39.345],[27.854,39.236],[27.968,39.243],[28.074,39.153],[28.125,39.063],[28.256,39.071],[28.321,39.116],[28.659,39.157],[28.667,39.238],[28.811,39.291],[28.896,39.4],[28.967,39.589],[28.78,39.619],[28.712,39.663],[28.689,39.747],[28.546,39.745],[28.281,39.896],[28.246,39.996],[28.173,40.051],[28.113,40.153],[28.149,40.226],[28.099,40.297],[28.208,40.399],[27.945,40.366],[28.017,40.451],[27.97,40.503],[27.76,40.537],[27.684,40.502],[27.867,40.369],[27.79,40.32],[27.572,40.316],[27.452,40.322],[27.338,40.37],[27.303,40.458],[27.096,40.452],[27.013,40.392],[26.736,40.404],[26.501,40.213],[26.408,40.194],[26.393,40.108],[26.311,40.019],[26.198,40.009],[26.153,39.943],[26.148,39.626],[26.07,39.496],[26.153,39.459],[26.362,39.481],[26.457,39.521],[26.667,39.551]]],[[[26.012,40.167],[25.913,40.241],[25.759,40.207],[25.663,40.126],[25.766,40.097],[26.012,40.167]]]]}},
        {"type":"Feature","properties":{"id":"tr_13"},"geometry":{"type":"Polygon","coordinates":[[[42.431,39.491],[42.199,39.426],[42.156,39.299],[42.037,39.227],[41.834,39.169],[41.663,39.199],[41.446,39.372],[41.205,39.366],[41.172,39.305],[41.201,39.202],[41.27,39.116],[41.265,39.032],[41.164,38.888],[41.26,38.739],[41.378,38.649],[41.421,38.535],[41.531,38.554],[41.616,38.529],[41.674,38.339],[41.677,38.221],[41.888,38.183],[42.06,38.227],[42.251,38.117],[42.438,38.064],[42.669,37.944],[42.737,37.982],[42.736,38.09],[42.787,38.181],[42.734,38.196],[42.678,38.405],[42.704,38.462],[42.875,38.544],[43.005,38.71],[43.132,38.799],[43.161,38.872],[43.004,38.977],[42.972,39.104],[42.787,39.072],[42.628,39.002],[42.641,39.235],[42.501,39.373],[42.431,39.491]]]}},
        {"type":"Feature","properties":{"id":"tr_14"},"geometry":{"type":"Polygon","coordinates":[[[32.799,41.86],[32.613,41.84],[32.352,41.729],[32.263,41.72],[32.134,41.599],[31.872,41.505],[31.659,41.398],[31.404,41.316],[31.401,41.202],[31.346,41.151],[31.169,41.092],[30.956,41.082],[30.962,41.022],[30.869,40.922],[30.891,40.727],[30.828,40.689],[30.825,40.596],[30.691,40.574],[30.601,40.423],[30.626,40.331],[30.739,40.168],[30.864,40.143],[31.007,40.242],[31.069,40.411],[31.251,40.346],[31.42,40.36],[31.568,40.308],[31.658,40.336],[31.821,40.338],[32.177,40.431],[32.315,40.415],[32.396,40.448],[32.477,40.539],[32.443,40.673],[32.507,40.705],[32.526,40.789],[32.748,40.897],[32.833,40.979],[32.93,40.971],[33.027,41.012],[33.069,41.093],[32.93,41.153],[32.919,41.294],[33.017,41.38],[33.115,41.395],[33.059,41.533],[32.986,41.573],[32.818,41.576],[32.873,41.682],[32.799,41.86]]]}},
        {"type":"Feature","properties":{"id":"tr_16"},"geometry":{"type":"Polygon","coordinates":[[[29.428,40.691],[29.282,40.666],[28.986,40.645],[28.793,40.553],[28.917,40.471],[28.98,40.465],[29.112,40.466],[29.066,40.376],[28.957,40.363],[28.772,40.403],[28.638,40.365],[28.545,40.391],[28.208,40.399],[28.099,40.297],[28.149,40.226],[28.113,40.153],[28.173,40.051],[28.246,39.996],[28.281,39.896],[28.546,39.745],[28.689,39.747],[28.712,39.663],[28.78,39.619],[28.967,39.589],[29.191,39.552],[29.246,39.579],[29.399,39.896],[29.678,39.906],[29.666,39.779],[29.716,39.709],[29.945,39.608],[30.136,39.639],[30.235,39.748],[30.245,39.85],[30.334,39.92],[30.44,39.936],[30.524,40.012],[30.555,40.115],[30.636,40.165],[30.739,40.168],[30.626,40.331],[30.499,40.34],[30.426,40.394],[30.169,40.371],[30.081,40.391],[29.941,40.534],[29.926,40.577],[29.789,40.615],[29.535,40.552],[29.421,40.563],[29.428,40.691]]]}},
        {"type":"Feature","properties":{"id":"tr_21"},"geometry":{"type":"Polygon","coordinates":[[[41.421,38.535],[41.378,38.649],[41.26,38.739],[40.9,38.601],[40.645,38.619],[40.491,38.586],[40.418,38.481],[40.301,38.478],[39.966,38.469],[39.847,38.497],[39.784,38.403],[39.42,38.34],[39.252,38.362],[39.115,38.344],[39.149,38.284],[39.115,38.193],[39.222,38.205],[39.256,38.153],[39.189,38.043],[39.268,38.009],[39.463,37.977],[39.589,37.883],[39.863,37.778],[39.884,37.55],[40,37.376],[40.098,37.476],[40.412,37.652],[40.492,37.657],[40.552,37.73],[40.662,37.748],[41.012,37.741],[41.075,37.765],[41.035,37.862],[41.133,37.949],[41.215,38.115],[41.209,38.28],[41.272,38.453],[41.421,38.535]]]}},
        {"type":"Feature","properties":{"id":"tr_23"},"geometry":{"type":"Polygon","coordinates":[[[38.688,39.023],[38.617,39.02],[38.619,38.748],[38.484,38.753],[38.349,38.596],[38.374,38.537],[38.482,38.476],[38.689,38.421],[38.81,38.44],[38.886,38.364],[38.992,38.326],[39.115,38.344],[39.252,38.362],[39.42,38.34],[39.784,38.403],[39.847,38.497],[39.966,38.469],[40.301,38.478],[40.418,38.481],[40.491,38.586],[40.645,38.619],[40.9,38.601],[41.26,38.739],[41.164,38.888],[41.265,39.032],[41.27,39.116],[41.201,39.202],[41.172,39.305],[41.205,39.366],[41.118,39.464],[40.983,39.497],[40.855,39.581],[40.708,39.522],[40.619,39.532],[40.555,39.549],[40.465,39.494],[40.392,39.502],[40.302,39.421],[40.208,39.408],[40.042,39.338],[40.015,39.097],[39.879,39.059],[39.894,38.985],[39.854,38.896],[39.7,38.814],[39.532,38.806],[39.476,38.763],[39.225,38.858],[38.999,38.897],[38.813,38.877],[38.746,39.038],[38.688,39.023]]]}},
        {"type":"Feature","properties":{"id":"tr_24"},"geometry":{"type":"Polygon","coordinates":[[[38.762,40.055],[38.737,39.965],[38.546,39.937],[38.407,39.951],[38.377,39.836],[38.519,39.852],[38.379,39.703],[38.356,39.526],[38.447,39.46],[38.367,39.389],[38.393,39.211],[38.362,39.15],[38.624,39.082],[38.688,39.023],[38.746,39.038],[38.813,38.877],[38.999,38.897],[39.225,38.858],[39.476,38.763],[39.532,38.806],[39.7,38.814],[39.854,38.896],[39.894,38.985],[39.879,39.059],[40.015,39.097],[40.042,39.338],[40.208,39.408],[40.302,39.421],[40.392,39.502],[40.465,39.494],[40.555,39.549],[40.619,39.532],[40.68,39.688],[40.567,39.752],[40.467,39.913],[40.242,39.937],[40.281,40.047],[40.118,40.073],[40.03,40.03],[39.869,40.015],[39.788,39.935],[39.622,39.894],[39.385,39.893],[39.05,40.039],[38.933,40.071],[38.762,40.055]]]}},
        {"type":"Feature","properties":{"id":"tr_25"},"geometry":{"type":"Polygon","coordinates":[[[40.489,40.542],[40.575,40.284],[40.8,40.212],[40.748,40.149],[40.567,40.095],[40.481,40.037],[40.281,40.047],[40.242,39.937],[40.467,39.913],[40.567,39.752],[40.68,39.688],[40.619,39.532],[40.708,39.522],[40.855,39.581],[40.983,39.497],[41.118,39.464],[41.205,39.366],[41.446,39.372],[41.663,39.199],[41.834,39.169],[42.037,39.227],[42.156,39.299],[42.199,39.426],[42.431,39.491],[42.473,39.579],[42.495,39.748],[42.353,39.792],[42.382,39.871],[42.564,39.952],[42.485,40.059],[42.379,40.125],[42.231,40.16],[42.15,40.241],[42.181,40.294],[42.327,40.332],[42.538,40.431],[42.537,40.599],[42.299,40.848],[42.279,40.925],[42.024,40.912],[41.959,40.877],[41.953,40.796],[41.887,40.724],[41.821,40.588],[41.657,40.641],[41.401,40.556],[41.333,40.601],[41.365,40.755],[41.127,40.813],[40.944,40.709],[40.822,40.687],[40.792,40.629],[40.651,40.604],[40.489,40.542]]]}},
        {"type":"Feature","properties":{"id":"tr_26"},"geometry":{"type":"Polygon","coordinates":[[[30.739,40.168],[30.636,40.165],[30.555,40.115],[30.524,40.012],[30.44,39.936],[30.334,39.92],[30.245,39.85],[30.235,39.748],[30.136,39.639],[30.284,39.51],[30.324,39.372],[30.424,39.269],[30.442,39.206],[30.621,39.087],[30.77,39.141],[30.869,39.211],[30.962,39.155],[31.258,39.282],[31.378,39.136],[31.453,39.091],[31.698,39.093],[31.835,39.098],[31.861,39.171],[32.043,39.275],[31.983,39.348],[31.991,39.496],[31.897,39.621],[31.841,39.776],[31.845,39.876],[31.757,39.92],[31.727,40.024],[31.431,40.024],[31.389,40.057],[31.247,40.058],[31.191,40.024],[31.082,40.048],[30.922,40.02],[30.864,40.143],[30.739,40.168]]]}},
        {"type":"Feature","properties":{"id":"tr_28"},"geometry":{"type":"Polygon","coordinates":[[[40.352,40.994],[40.143,40.923],[39.999,40.982],[39.859,40.964],[39.73,41.017],[39.592,41.025],[39.43,41.112],[39.273,41.05],[39.148,41.072],[38.928,41.043],[38.718,40.955],[38.637,40.976],[38.539,40.927],[38.331,40.918],[38.287,40.947],[38.114,40.958],[38.063,40.846],[38.085,40.752],[38.063,40.605],[38.158,40.524],[38.275,40.186],[38.454,40.1],[38.556,40.119],[38.762,40.055],[38.933,40.071],[39.05,40.039],[39.385,39.893],[39.622,39.894],[39.788,39.935],[39.869,40.015],[40.03,40.03],[40.118,40.073],[40.281,40.047],[40.481,40.037],[40.567,40.095],[40.748,40.149],[40.8,40.212],[40.575,40.284],[40.489,40.542],[40.487,40.673],[40.352,40.994]]]}},
        {"type":"Feature","properties":{"id":"tr_32"},"geometry":{"type":"Polygon","coordinates":[[[29.689,36.914],[29.744,36.931],[29.836,37.037],[29.906,37.172],[30.086,37.247],[30.295,37.305],[30.441,37.231],[30.786,37.235],[30.935,37.38],[31.023,37.351],[31.332,37.422],[31.368,37.538],[31.329,37.639],[31.405,37.681],[31.451,37.781],[31.425,37.938],[31.447,38.003],[31.614,38.072],[31.621,38.105],[31.283,38.35],[31.254,38.423],[31.1,38.515],[30.781,38.278],[30.53,38.193],[30.211,37.962],[30.165,37.81],[30.015,37.777],[29.846,37.759],[29.689,37.674],[29.666,37.63],[29.538,37.576],[29.584,37.41],[29.415,37.175],[29.39,37.069],[29.483,36.996],[29.604,37.009],[29.689,36.914]]]}},
        {"type":"Feature","properties":{"id":"tr_33"},"geometry":{"type":"Polygon","coordinates":[[[32.572,36.094],[32.671,36.047],[32.804,36.027],[32.941,36.104],[33.088,36.083],[33.134,36.132],[33.544,36.144],[33.799,36.231],[33.871,36.315],[33.931,36.29],[34.078,36.329],[34.077,36.414],[34.178,36.473],[34.276,36.587],[34.415,36.663],[34.555,36.768],[34.771,36.816],[34.933,36.727],[35.067,36.796],[35.052,36.964],[35.082,37.026],[34.935,37.084],[34.91,37.243],[34.792,37.388],[34.722,37.401],[34.512,37.352],[34.482,37.309],[34.21,37.201],[34.149,37.155],[34.057,37.285],[33.805,37.504],[33.778,37.632],[33.639,37.647],[33.514,37.541],[33.413,37.511],[33.107,37.489],[33.013,37.459],[32.844,37.308],[32.629,37.078],[32.61,36.976],[32.73,36.95],[32.712,36.855],[32.456,36.673],[32.532,36.534],[32.652,36.438],[32.647,36.269],[32.572,36.094]]]}},
        {"type":"Feature","properties":{"id":"tr_34"},"geometry":{"type":"MultiPolygon","coordinates":[[[[28.175,41.081],[28.461,41.033],[28.625,40.968],[28.822,40.962],[28.982,41.002],[29.071,41.13],[29.109,41.235],[28.908,41.267],[28.384,41.447],[28.203,41.54],[28.156,41.492],[28.193,41.355],[28.149,41.213],[28.175,41.081]]],[[[29.254,40.875],[29.429,40.776],[29.666,40.784],[29.753,40.725],[29.56,40.691],[29.428,40.691],[29.421,40.563],[29.535,40.552],[29.789,40.615],[29.926,40.577],[29.941,40.534],[30.081,40.391],[30.169,40.371],[30.426,40.394],[30.499,40.34],[30.626,40.331],[30.601,40.423],[30.691,40.574],[30.825,40.596],[30.828,40.689],[30.891,40.727],[30.869,40.922],[30.962,41.022],[30.956,41.082],[30.748,41.092],[30.699,41.122],[30.429,41.171],[30.271,41.211],[30.137,41.144],[29.885,41.149],[29.619,41.179],[29.232,41.241],[29.13,41.212],[29.028,40.982],[29.254,40.875]]]]}},
        {"type":"Feature","properties":{"id":"tr_35"},"geometry":{"type":"Polygon","coordinates":[[[26.779,39.17],[26.883,39.072],[26.806,39.034],[26.806,38.95],[26.962,38.94],[27.013,38.871],[26.818,38.755],[26.719,38.721],[26.753,38.618],[26.849,38.597],[26.939,38.434],[26.925,38.378],[26.767,38.364],[26.612,38.416],[26.63,38.519],[26.506,38.653],[26.414,38.679],[26.349,38.621],[26.404,38.488],[26.513,38.433],[26.476,38.367],[26.265,38.287],[26.329,38.235],[26.442,38.212],[26.607,38.108],[26.636,38.204],[26.76,38.217],[26.865,38.04],[26.949,38.067],[27.116,37.994],[27.239,37.988],[27.262,37.888],[27.41,37.914],[27.583,37.984],[27.829,37.969],[28.061,38.018],[28.254,38.02],[28.562,38.106],[28.448,38.29],[28.299,38.331],[28.163,38.309],[28.095,38.395],[27.939,38.407],[27.899,38.342],[27.806,38.363],[27.778,38.425],[27.63,38.492],[27.583,38.57],[27.38,38.576],[27.228,38.735],[27.309,38.85],[27.327,38.925],[27.538,39.041],[27.42,39.38],[27.291,39.464],[27.05,39.351],[26.994,39.291],[26.779,39.17]]]}},
        {"type":"Feature","properties":{"id":"tr_36"},"geometry":{"type":"Polygon","coordinates":[[[42.537,40.599],[42.538,40.431],[42.327,40.332],[42.181,40.294],[42.15,40.241],[42.231,40.16],[42.379,40.125],[42.485,40.059],[42.564,39.952],[42.757,39.922],[43.064,39.989],[43.318,39.969],[43.356,40.041],[43.665,40.11],[43.721,40.169],[43.69,40.24],[43.594,40.345],[43.624,40.411],[43.564,40.465],[43.653,40.529],[43.729,40.677],[43.711,40.782],[43.605,40.963],[43.46,41.023],[43.44,41.107],[43.438,41.156],[43.323,41.192],[43.231,41.173],[43.124,41.313],[42.958,41.437],[42.767,41.504],[42.801,41.579],[42.587,41.579],[42.451,41.431],[42.158,41.5],[41.948,41.506],[41.801,41.426],[41.695,41.489],[41.521,41.514],[41.39,41.379],[41.2,41.301],[40.897,41.188],[40.827,41.198],[40.698,41.098],[40.557,41.042],[40.465,41.05],[40.352,40.994],[40.487,40.673],[40.489,40.542],[40.651,40.604],[40.792,40.629],[40.822,40.687],[40.944,40.709],[41.127,40.813],[41.365,40.755],[41.333,40.601],[41.401,40.556],[41.657,40.641],[41.821,40.588],[41.887,40.724],[41.953,40.796],[41.959,40.877],[42.024,40.912],[42.279,40.925],[42.299,40.848],[42.537,40.599]]]}},
        {"type":"Feature","properties":{"id":"tr_37"},"geometry":{"type":"Polygon","coordinates":[[[34.216,41.96],[34.004,41.983],[33.874,41.974],[33.324,42.019],[32.926,41.882],[32.799,41.86],[32.873,41.682],[32.818,41.576],[32.986,41.573],[33.059,41.533],[33.115,41.395],[33.017,41.38],[32.919,41.294],[32.93,41.153],[33.069,41.093],[33.027,41.012],[32.93,40.971],[32.833,40.979],[32.748,40.897],[32.526,40.789],[32.507,40.705],[32.665,40.698],[32.959,40.594],[33.043,40.502],[33.173,40.43],[33.271,40.331],[33.398,40.396],[33.595,40.34],[33.871,40.272],[33.964,40.266],[34.082,40.31],[34.15,40.423],[34.091,40.531],[34.044,40.719],[34.077,40.798],[34.027,40.861],[34.256,40.919],[34.28,40.969],[34.208,41.039],[34.419,41.302],[34.472,41.311],[34.492,41.552],[34.588,41.657],[34.532,41.713],[34.14,41.767],[34.221,41.904],[34.216,41.96]]]}},
        {"type":"Feature","properties":{"id":"tr_38"},"geometry":{"type":"Polygon","coordinates":[[[34.792,37.388],[34.795,37.457],[34.865,37.553],[34.828,37.68],[34.86,37.717],[35.06,37.714],[35.191,37.818],[35.363,37.807],[35.577,37.75],[35.63,37.77],[35.608,37.954],[35.979,38.155],[36.146,38.395],[36.267,38.458],[36.4,38.457],[36.506,38.323],[36.65,38.459],[36.747,38.599],[36.852,38.876],[36.936,39.044],[36.9,39.133],[36.821,39.166],[36.641,39.179],[36.551,39.155],[36.452,39.198],[36.287,39.216],[36.112,39.206],[35.921,39.312],[35.82,39.334],[35.736,39.244],[35.255,39.013],[35.028,39.041],[34.953,38.848],[35.069,38.705],[35.071,38.566],[34.915,38.379],[34.81,38.348],[34.69,38.404],[34.49,38.389],[34.16,38.002],[34.206,37.91],[34.3,37.875],[34.445,37.717],[34.457,37.66],[34.394,37.561],[34.389,37.486],[34.512,37.352],[34.722,37.401],[34.792,37.388]]]}},
        {"type":"Feature","properties":{"id":"tr_42"},"geometry":{"type":"Polygon","coordinates":[[[32.456,36.673],[32.712,36.855],[32.73,36.95],[32.61,36.976],[32.629,37.078],[32.844,37.308],[33.013,37.459],[33.107,37.489],[33.413,37.511],[33.514,37.541],[33.639,37.647],[33.778,37.632],[33.805,37.504],[34.057,37.285],[34.149,37.155],[34.21,37.201],[34.482,37.309],[34.512,37.352],[34.389,37.486],[34.394,37.561],[34.457,37.66],[34.445,37.717],[34.3,37.875],[34.206,37.91],[34.16,38.002],[34.085,38.012],[33.854,37.958],[33.456,37.933],[33.348,38.029],[33.265,38.204],[33.272,38.286],[33.368,38.532],[33.467,38.644],[33.366,38.799],[33.374,39.023],[33.321,39.12],[33.223,39.175],[33.062,39.222],[33.009,39.105],[32.86,39.157],[32.676,39.034],[32.601,39.058],[32.479,38.997],[32.282,39.064],[32.127,39.034],[31.861,39.171],[31.835,39.098],[31.698,39.093],[31.675,39],[31.715,38.928],[31.608,38.782],[31.595,38.666],[31.431,38.514],[31.254,38.423],[31.283,38.35],[31.621,38.105],[31.614,38.072],[31.447,38.003],[31.425,37.938],[31.451,37.781],[31.405,37.681],[31.329,37.639],[31.368,37.538],[31.332,37.422],[31.415,37.355],[31.815,37.298],[32.033,37.169],[32.128,37.076],[32.324,36.958],[32.305,36.854],[32.426,36.832],[32.456,36.673]]]}},
        {"type":"Feature","properties":{"id":"tr_43"},"geometry":{"type":"Polygon","coordinates":[[[28.967,39.589],[28.896,39.4],[28.811,39.291],[28.667,39.238],[28.659,39.157],[28.73,39.101],[28.91,39.06],[28.991,38.948],[28.982,38.887],[29.032,38.73],[28.918,38.654],[28.852,38.565],[28.903,38.535],[28.895,38.363],[28.838,38.303],[28.931,38.255],[29.045,38.219],[29.152,38.246],[29.219,38.213],[29.412,38.283],[29.559,38.278],[29.628,38.31],[29.629,38.429],[29.753,38.45],[29.888,38.707],[30.096,38.804],[30.165,38.886],[30.253,39.081],[30.372,39.122],[30.442,39.206],[30.424,39.269],[30.324,39.372],[30.284,39.51],[30.136,39.639],[29.945,39.608],[29.716,39.709],[29.666,39.779],[29.678,39.906],[29.399,39.896],[29.246,39.579],[29.191,39.552],[28.967,39.589]]]}},
        {"type":"Feature","properties":{"id":"tr_44"},"geometry":{"type":"Polygon","coordinates":[[[39.189,38.043],[39.256,38.153],[39.222,38.205],[39.115,38.193],[39.149,38.284],[39.115,38.344],[38.992,38.326],[38.886,38.364],[38.81,38.44],[38.689,38.421],[38.482,38.476],[38.374,38.537],[38.349,38.596],[38.484,38.753],[38.619,38.748],[38.617,39.02],[38.688,39.023],[38.624,39.082],[38.362,39.15],[38.212,39.088],[37.932,39.062],[37.702,38.984],[37.618,39.017],[37.552,38.969],[37.597,38.834],[37.51,38.737],[37.284,38.604],[37.226,38.526],[37.311,38.475],[37.46,38.45],[37.734,38.346],[37.782,38.278],[37.715,38.093],[37.658,38.027],[37.565,37.82],[37.422,37.694],[37.457,37.59],[37.625,37.519],[37.844,37.536],[38.04,37.446],[38.197,37.424],[38.272,37.476],[38.515,37.511],[38.646,37.624],[38.868,37.651],[38.865,37.699],[38.954,37.801],[39.06,37.988],[39.189,38.043]]]}},
        {"type":"Feature","properties":{"id":"tr_45"},"geometry":{"type":"Polygon","coordinates":[[[27.42,39.38],[27.538,39.041],[27.327,38.925],[27.309,38.85],[27.228,38.735],[27.38,38.576],[27.583,38.57],[27.63,38.492],[27.778,38.425],[27.806,38.363],[27.899,38.342],[27.939,38.407],[28.095,38.395],[28.163,38.309],[28.299,38.331],[28.448,38.29],[28.562,38.106],[28.698,38.104],[28.784,38.12],[28.838,38.239],[28.931,38.255],[28.838,38.303],[28.895,38.363],[28.903,38.535],[28.852,38.565],[28.918,38.654],[29.032,38.73],[28.982,38.887],[28.991,38.948],[28.91,39.06],[28.73,39.101],[28.659,39.157],[28.321,39.116],[28.256,39.071],[28.125,39.063],[28.074,39.153],[27.968,39.243],[27.854,39.236],[27.871,39.345],[27.656,39.352],[27.497,39.411],[27.42,39.38]]]}},
        {"type":"Feature","properties":{"id":"tr_46"},"geometry":{"type":"Polygon","coordinates":[[[38.04,37.446],[37.844,37.536],[37.625,37.519],[37.457,37.59],[37.422,37.694],[37.565,37.82],[37.658,38.027],[37.715,38.093],[37.782,38.278],[37.734,38.346],[37.46,38.45],[37.311,38.475],[37.226,38.526],[37.284,38.604],[37.06,38.588],[36.879,38.625],[36.747,38.599],[36.65,38.459],[36.506,38.323],[36.418,38.219],[36.326,37.912],[36.36,37.732],[36.28,37.669],[36.279,37.591],[36.22,37.506],[36.304,37.349],[36.551,37.39],[36.721,37.271],[36.583,37.097],[36.452,36.961],[36.66,36.827],[36.965,36.754],[37.015,36.642],[37.242,36.659],[37.446,36.634],[37.522,36.674],[37.654,36.732],[37.82,36.761],[38.026,36.835],[38.008,36.957],[37.869,37.065],[37.841,37.268],[37.974,37.435],[38.04,37.446]]]}},
        {"type":"Feature","properties":{"id":"tr_47"},"geometry":{"type":"Polygon","coordinates":[[[43.023,37.732],[42.983,37.806],[43.029,37.999],[43.016,38.152],[42.787,38.181],[42.736,38.09],[42.737,37.982],[42.669,37.944],[42.438,38.064],[42.251,38.117],[42.06,38.227],[41.888,38.183],[41.677,38.221],[41.674,38.339],[41.616,38.529],[41.531,38.554],[41.421,38.535],[41.272,38.453],[41.209,38.28],[41.215,38.115],[41.133,37.949],[41.035,37.862],[41.075,37.765],[41.012,37.741],[40.662,37.748],[40.552,37.73],[40.492,37.657],[40.412,37.652],[40.098,37.476],[40,37.376],[40.014,37.258],[40.125,37.17],[40.128,37.069],[40.261,36.923],[40.435,37.011],[40.526,37.026],[40.709,37.1],[40.896,37.123],[41.201,37.065],[41.48,37.076],[41.896,37.154],[42.009,37.176],[42.179,37.306],[42.353,37.227],[42.357,37.11],[42.561,37.147],[42.702,37.325],[42.772,37.375],[42.937,37.32],[43.084,37.369],[43.263,37.311],[43.363,37.304],[43.409,37.465],[43.36,37.585],[43.387,37.734],[43.29,37.727],[43.103,37.766],[43.023,37.732]]]}},
        {"type":"Feature","properties":{"id":"tr_48"},"geometry":{"type":"Polygon","coordinates":[[[27.262,37.888],[27.25,37.744],[27.127,37.689],[27.209,37.597],[27.223,37.477],[27.191,37.357],[27.33,37.352],[27.403,37.413],[27.397,37.323],[27.616,37.275],[27.555,37.13],[27.475,37.093],[27.303,37.12],[27.229,37.062],[27.263,36.963],[27.438,37.028],[27.484,36.991],[27.78,36.994],[27.987,37.035],[28.093,37.021],[28.305,37.051],[28.185,36.939],[28.042,36.939],[28.031,36.792],[27.645,36.806],[27.612,36.765],[27.427,36.736],[27.468,36.653],[27.555,36.685],[27.671,36.658],[27.736,36.761],[28.042,36.72],[28.112,36.604],[28.253,36.728],[28.237,36.813],[28.396,36.789],[28.425,36.829],[28.604,36.734],[28.864,36.693],[28.956,36.728],[29.096,36.665],[29.021,36.59],[29.115,36.553],[29.124,36.418],[29.175,36.34],[29.261,36.294],[29.362,36.463],[29.477,36.482],[29.481,36.537],[29.575,36.599],[29.58,36.716],[29.689,36.914],[29.604,37.009],[29.483,36.996],[29.39,37.069],[29.27,36.912],[29.09,36.978],[29.062,37.103],[28.812,37.234],[28.735,37.36],[28.627,37.382],[28.609,37.477],[28.583,37.59],[28.73,37.598],[28.83,37.691],[28.9,37.71],[28.771,37.845],[28.804,37.905],[28.778,38.029],[28.698,38.104],[28.562,38.106],[28.254,38.02],[28.061,38.018],[27.829,37.969],[27.583,37.984],[27.41,37.914],[27.262,37.888]]]}},
        {"type":"Feature","properties":{"id":"tr_55"},"geometry":{"type":"Polygon","coordinates":[[[37.152,41.147],[37.04,41.182],[36.985,41.295],[36.837,41.351],[36.62,41.375],[36.571,41.298],[36.451,41.24],[36.237,41.359],[36.134,41.462],[36.12,41.628],[36.045,41.701],[35.894,41.707],[35.62,41.633],[35.5,41.642],[35.225,41.762],[35.099,41.913],[35.105,42.022],[35.024,42.093],[34.948,42.099],[34.889,42.008],[34.694,41.946],[34.483,41.975],[34.331,41.948],[34.216,41.96],[34.221,41.904],[34.14,41.767],[34.532,41.713],[34.588,41.657],[34.492,41.552],[34.472,41.311],[34.67,41.266],[34.837,41.202],[34.888,41.27],[34.975,41.087],[35.089,41.087],[35.4,41.021],[35.461,41.029],[35.706,40.879],[35.953,40.876],[36.031,40.847],[36.155,40.901],[36.243,41.007],[36.443,40.87],[36.6,40.907],[36.705,40.862],[36.828,40.888],[36.999,40.98],[37.152,41.147]]]}},
        {"type":"Feature","properties":{"id":"tr_58"},"geometry":{"type":"Polygon","coordinates":[[[38.158,40.524],[38.008,40.481],[37.98,40.401],[37.898,40.404],[37.802,40.336],[37.69,40.379],[37.635,40.461],[37.524,40.317],[37.351,40.259],[37.089,40.243],[36.922,40.205],[36.734,40.191],[36.667,40.034],[36.488,39.966],[36.322,39.96],[36.089,39.924],[36.213,39.724],[36.183,39.643],[36.024,39.535],[35.903,39.395],[35.82,39.334],[35.921,39.312],[36.112,39.206],[36.287,39.216],[36.452,39.198],[36.551,39.155],[36.641,39.179],[36.821,39.166],[36.9,39.133],[36.936,39.044],[36.852,38.876],[36.747,38.599],[36.879,38.625],[37.06,38.588],[37.284,38.604],[37.51,38.737],[37.597,38.834],[37.552,38.969],[37.618,39.017],[37.702,38.984],[37.932,39.062],[38.212,39.088],[38.362,39.15],[38.393,39.211],[38.367,39.389],[38.447,39.46],[38.356,39.526],[38.379,39.703],[38.519,39.852],[38.377,39.836],[38.407,39.951],[38.546,39.937],[38.737,39.965],[38.762,40.055],[38.556,40.119],[38.454,40.1],[38.275,40.186],[38.158,40.524]]]}},
        {"type":"Feature","properties":{"id":"tr_59"},"geometry":{"type":"Polygon","coordinates":[[[27.048,42.083],[26.939,41.996],[26.838,41.975],[26.624,41.969],[26.553,41.882],[26.526,41.824],[26.376,41.817],[26.333,41.713],[26.596,41.598],[26.637,41.378],[26.54,41.352],[26.395,41.259],[26.332,41.254],[26.322,41.089],[26.359,40.965],[26.26,40.92],[26.135,40.767],[26.044,40.738],[26.077,40.612],[26.303,40.601],[26.781,40.659],[26.786,40.726],[26.932,40.715],[26.964,40.561],[27.048,40.612],[27.178,40.633],[27.288,40.704],[27.425,40.831],[27.524,40.989],[27.738,41.013],[27.941,40.971],[28.013,41.041],[28.175,41.081],[28.149,41.213],[28.193,41.355],[28.156,41.492],[28.203,41.54],[28.076,41.661],[27.972,41.822],[28.017,41.973],[27.808,41.993],[27.609,41.953],[27.533,41.908],[27.273,42.092],[27.174,42.057],[27.048,42.083]]]}},
        {"type":"Feature","properties":{"id":"tr_60"},"geometry":{"type":"Polygon","coordinates":[[[38.114,40.958],[37.896,40.982],[37.785,41.06],[37.784,41.123],[37.655,41.118],[37.608,41.05],[37.505,41.043],[37.395,41.108],[37.263,41.148],[37.152,41.147],[36.999,40.98],[36.828,40.888],[36.705,40.862],[36.6,40.907],[36.443,40.87],[36.243,41.007],[36.155,40.901],[36.031,40.847],[35.953,40.876],[35.706,40.879],[35.461,41.029],[35.4,41.021],[35.089,41.087],[35.049,40.984],[35.031,40.818],[35.109,40.689],[35.306,40.652],[35.432,40.608],[35.435,40.453],[35.348,40.352],[35.327,40.234],[35.51,40.189],[35.657,40.087],[35.829,40.081],[36.006,40.115],[36.039,39.988],[36.089,39.924],[36.322,39.96],[36.488,39.966],[36.667,40.034],[36.734,40.191],[36.922,40.205],[37.089,40.243],[37.351,40.259],[37.524,40.317],[37.635,40.461],[37.69,40.379],[37.802,40.336],[37.898,40.404],[37.98,40.401],[38.008,40.481],[38.158,40.524],[38.063,40.605],[38.085,40.752],[38.063,40.846],[38.114,40.958]]]}},
        {"type":"Feature","properties":{"id":"tr_63"},"geometry":{"type":"Polygon","coordinates":[[[40,37.376],[39.884,37.55],[39.863,37.778],[39.589,37.883],[39.463,37.977],[39.268,38.009],[39.189,38.043],[39.06,37.988],[38.954,37.801],[38.865,37.699],[38.868,37.651],[38.646,37.624],[38.515,37.511],[38.272,37.476],[38.197,37.424],[38.04,37.446],[37.974,37.435],[37.841,37.268],[37.869,37.065],[38.008,36.957],[38.026,36.835],[38.19,36.906],[38.29,36.902],[38.529,36.834],[38.664,36.72],[38.795,36.687],[39.032,36.701],[39.24,36.661],[39.765,36.742],[39.98,36.807],[40.261,36.923],[40.128,37.069],[40.125,37.17],[40.014,37.258],[40,37.376]]]}},
        {"type":"Feature","properties":{"id":"tr_65"},"geometry":{"type":"Polygon","coordinates":[[[43.363,37.304],[43.48,37.243],[43.894,37.225],[43.99,37.313],[44.088,37.311],[44.223,37.254],[44.24,37.158],[44.18,37.088],[44.234,36.984],[44.428,37.065],[44.578,37.166],[44.772,37.161],[44.802,37.293],[44.566,37.447],[44.587,37.584],[44.541,37.633],[44.596,37.716],[44.45,37.767],[44.378,37.854],[44.205,37.905],[44.221,37.969],[44.334,38.101],[44.372,38.25],[44.459,38.322],[44.425,38.377],[44.29,38.382],[44.297,38.622],[44.249,38.722],[44.275,38.844],[44.192,38.891],[44.139,38.994],[44.187,39.145],[44.078,39.2],[44.047,39.338],[43.906,39.308],[43.706,39.34],[43.614,39.3],[43.492,39.313],[43.39,39.382],[43.244,39.41],[43.115,39.262],[43.113,39.162],[42.972,39.104],[43.004,38.977],[43.161,38.872],[43.132,38.799],[43.005,38.71],[42.875,38.544],[42.704,38.462],[42.678,38.405],[42.734,38.196],[42.787,38.181],[43.016,38.152],[43.029,37.999],[42.983,37.806],[43.023,37.732],[43.103,37.766],[43.29,37.727],[43.387,37.734],[43.36,37.585],[43.409,37.465],[43.363,37.304]]]}},
        {"type":"Feature","properties":{"id":"tr_66"},"geometry":{"type":"Polygon","coordinates":[[[34.472,41.311],[34.419,41.302],[34.208,41.039],[34.28,40.969],[34.256,40.919],[34.027,40.861],[34.077,40.798],[34.044,40.719],[34.091,40.531],[34.15,40.423],[34.082,40.31],[33.964,40.266],[34.016,40.147],[34.084,40.109],[34.098,40.024],[34.053,39.908],[34.073,39.826],[34.168,39.795],[34.27,39.714],[34.395,39.701],[34.574,39.505],[34.668,39.476],[34.737,39.4],[34.861,39.297],[34.893,39.227],[34.974,39.188],[35.028,39.041],[35.255,39.013],[35.736,39.244],[35.82,39.334],[35.903,39.395],[36.024,39.535],[36.183,39.643],[36.213,39.724],[36.089,39.924],[36.039,39.988],[36.006,40.115],[35.829,40.081],[35.657,40.087],[35.51,40.189],[35.327,40.234],[35.348,40.352],[35.435,40.453],[35.432,40.608],[35.306,40.652],[35.109,40.689],[35.031,40.818],[35.049,40.984],[35.089,41.087],[34.975,41.087],[34.888,41.27],[34.837,41.202],[34.67,41.266],[34.472,41.311]]]}},
        {"type":"Feature","properties":{"id":"tr_68"},"geometry":{"type":"Polygon","coordinates":[[[33.467,38.644],[33.368,38.532],[33.272,38.286],[33.265,38.204],[33.348,38.029],[33.456,37.933],[33.854,37.958],[34.085,38.012],[34.16,38.002],[34.49,38.389],[34.69,38.404],[34.81,38.348],[34.915,38.379],[35.071,38.566],[35.069,38.705],[34.953,38.848],[35.028,39.041],[34.974,39.188],[34.893,39.227],[34.861,39.297],[34.737,39.4],[34.668,39.476],[34.574,39.505],[34.395,39.701],[34.27,39.714],[34.168,39.795],[34.073,39.826],[34.053,39.908],[34.098,40.024],[34.084,40.109],[34.016,40.147],[33.964,40.266],[33.871,40.272],[33.595,40.34],[33.562,40.016],[33.373,39.982],[33.273,39.727],[33.298,39.643],[33.406,39.53],[33.445,39.387],[33.524,39.267],[33.545,39.211],[33.739,39.109],[33.937,39.035],[33.93,39.001],[33.897,38.935],[33.933,38.792],[33.812,38.715],[33.722,38.718],[33.467,38.644]]]}},
        {"type":"Feature","properties":{"id":"ua_05"},"geometry":{"type":"Polygon","coordinates":[[[27.868,49.76],[27.752,49.674],[27.809,49.618],[27.729,49.489],[27.877,49.277],[27.889,49.163],[27.767,49.116],[27.64,49.156],[27.5,49.126],[27.399,49.021],[27.372,48.93],[27.425,48.777],[27.37,48.63],[27.438,48.603],[27.504,48.472],[27.752,48.452],[27.885,48.378],[28.003,48.326],[28.2,48.212],[28.294,48.236],[28.5,48.109],[28.574,48.155],[28.799,48.112],[28.862,48.001],[29.046,48.083],[29.104,48.144],[29.246,48.085],[29.435,48.113],[29.68,48.092],[29.666,48.169],[29.775,48.203],[29.738,48.27],[29.859,48.417],[29.94,48.376],[30.076,48.455],[29.959,48.652],[29.772,48.769],[29.675,48.987],[29.597,49.023],[29.704,49.128],[29.697,49.227],[29.5,49.366],[29.561,49.413],[29.562,49.536],[29.447,49.651],[29.269,49.586],[29.002,49.59],[28.956,49.691],[29.004,49.731],[28.91,49.872],[28.835,49.881],[28.71,49.794],[28.431,49.808],[28.025,49.76],[27.868,49.76]]]}},
        {"type":"Feature","properties":{"id":"ua_07"},"geometry":{"type":"Polygon","coordinates":[[[25.547,51.919],[25.352,51.921],[25.183,51.95],[25.003,51.91],[24.722,51.882],[24.391,51.88],[24.244,51.718],[23.981,51.586],[23.75,51.644],[23.594,51.605],[23.606,51.517],[23.698,51.404],[23.634,51.339],[23.743,51.216],[23.875,51.136],[23.912,51.007],[23.979,50.938],[24.13,50.869],[23.97,50.825],[23.974,50.776],[24.108,50.63],[24.248,50.582],[24.379,50.601],[24.538,50.511],[24.457,50.461],[24.773,50.341],[24.932,50.37],[25.063,50.295],[25.195,50.37],[25.093,50.465],[25.271,50.54],[25.295,50.616],[25.603,50.707],[25.837,50.636],[25.868,50.781],[26.09,50.976],[26.024,51.073],[26.056,51.184],[25.929,51.24],[25.808,51.332],[25.821,51.373],[25.554,51.358],[25.556,51.535],[25.515,51.615],[25.524,51.725],[25.628,51.804],[25.655,51.893],[25.547,51.919]]]}},
        {"type":"Feature","properties":{"id":"ua_09"},"geometry":{"type":"Polygon","coordinates":[[[38.023,49.909],[38.065,49.837],[37.944,49.597],[37.963,49.52],[37.864,49.417],[37.885,49.313],[37.847,49.232],[37.895,49.156],[38.041,49.07],[38.058,48.937],[38.21,48.924],[38.275,48.842],[38.304,48.729],[38.249,48.664],[38.302,48.459],[38.406,48.437],[38.561,48.279],[38.63,48.166],[38.814,48.111],[38.862,48.02],[39.027,48.007],[39.036,47.857],[39.093,47.832],[39.32,47.846],[39.392,47.823],[39.759,47.833],[39.843,48.12],[39.993,48.273],[39.816,48.308],[39.924,48.376],[39.809,48.584],[39.632,48.587],[39.703,48.747],[39.897,48.88],[39.759,48.895],[39.681,49.02],[39.919,49.048],[39.952,49.125],[40.142,49.246],[40.16,49.334],[40.041,49.455],[40.119,49.588],[40.018,49.608],[39.802,49.542],[39.623,49.613],[39.57,49.713],[39.444,49.75],[39.328,49.726],[39.238,49.765],[39.181,49.859],[38.937,49.803],[38.852,49.866],[38.687,49.914],[38.664,49.963],[38.498,49.948],[38.344,49.992],[38.3,50.061],[38.174,50.06],[38.166,49.941],[38.023,49.909]]]}},
        {"type":"Feature","properties":{"id":"ua_12"},"geometry":{"type":"Polygon","coordinates":[[[34.984,49.164],[34.837,49.181],[34.43,49.075],[34.301,48.964],[34.316,48.84],[34.237,48.746],[33.919,48.866],[33.85,48.794],[33.658,48.806],[33.604,48.72],[33.757,48.698],[33.723,48.617],[33.478,48.541],[33.516,48.243],[33.396,48.173],[33.226,48.133],[33.057,48.026],[33.035,47.967],[33.069,47.911],[33.06,47.776],[32.984,47.71],[33.005,47.592],[33.089,47.583],[33.371,47.515],[33.477,47.53],[33.654,47.487],[33.902,47.514],[34.204,47.478],[34.446,47.523],[34.584,47.567],[34.833,47.526],[34.9,47.592],[34.945,47.739],[34.82,47.907],[34.915,47.943],[34.816,48.026],[34.877,48.084],[35.029,48.119],[35.245,48.13],[35.547,48.085],[35.674,48.127],[35.809,48.067],[35.964,48.089],[35.979,48.026],[36.115,47.94],[36.079,47.845],[36.308,47.814],[36.576,47.844],[36.534,47.905],[36.575,48.058],[36.665,48.088],[36.839,48.034],[36.893,48.068],[36.872,48.167],[36.927,48.202],[36.906,48.294],[36.812,48.331],[36.809,48.413],[36.892,48.538],[36.725,48.626],[36.576,48.605],[36.455,48.638],[36.342,48.531],[36.271,48.647],[36.138,48.721],[36.072,48.829],[35.931,48.976],[35.784,48.935],[35.456,48.977],[35.148,49.153],[34.984,49.164]]]}},
        {"type":"Feature","properties":{"id":"ua_14"},"geometry":{"type":"Polygon","coordinates":[[[36.725,48.626],[36.892,48.538],[36.809,48.413],[36.812,48.331],[36.906,48.294],[36.927,48.202],[36.872,48.167],[36.893,48.068],[36.839,48.034],[36.665,48.088],[36.575,48.058],[36.534,47.905],[36.576,47.844],[36.65,47.79],[36.72,47.658],[36.893,47.551],[36.988,47.553],[37.1,47.478],[37.221,47.455],[37.164,47.346],[37.072,47.301],[36.914,47.284],[37.011,47.066],[37.118,47.028],[37.01,46.915],[37.038,46.877],[37.208,46.934],[37.335,46.882],[37.483,47.036],[37.581,47.09],[37.753,47.075],[37.861,47.102],[38.13,47.075],[38.217,47.103],[38.201,47.291],[38.258,47.393],[38.26,47.493],[38.353,47.607],[38.562,47.627],[38.735,47.677],[38.771,47.781],[38.877,47.861],[39.036,47.857],[39.027,48.007],[38.862,48.02],[38.814,48.111],[38.63,48.166],[38.561,48.279],[38.406,48.437],[38.302,48.459],[38.249,48.664],[38.304,48.729],[38.275,48.842],[38.21,48.924],[38.058,48.937],[38.041,49.07],[37.895,49.156],[37.847,49.232],[37.771,49.204],[37.547,49.227],[37.601,49.145],[37.374,49.053],[37.181,48.831],[36.69,48.778],[36.725,48.626]]]}},
        {"type":"Feature","properties":{"id":"ua_18"},"geometry":{"type":"Polygon","coordinates":[[[27.666,51.49],[27.502,51.44],[27.449,51.228],[27.295,51.044],[27.198,50.991],[27.272,50.737],[27.192,50.618],[27.192,50.541],[27.26,50.49],[27.229,50.395],[27.472,50.252],[27.646,50.169],[27.548,50.008],[27.661,49.799],[27.868,49.76],[28.025,49.76],[28.431,49.808],[28.71,49.794],[28.835,49.881],[28.91,49.872],[29.004,49.731],[28.956,49.691],[29.002,49.59],[29.269,49.586],[29.447,49.651],[29.437,49.791],[29.63,49.863],[29.734,49.947],[29.676,50.009],[29.696,50.258],[29.581,50.391],[29.494,50.423],[29.479,50.594],[29.592,50.711],[29.489,50.789],[29.508,50.859],[29.423,50.945],[29.483,51.072],[29.347,51.145],[29.27,51.237],[29.389,51.317],[29.353,51.377],[29.221,51.467],[29.16,51.603],[29.044,51.626],[28.955,51.563],[28.8,51.533],[28.704,51.443],[28.631,51.464],[28.604,51.554],[28.488,51.572],[28.347,51.525],[28.21,51.652],[28.071,51.558],[27.813,51.602],[27.787,51.511],[27.666,51.49]]]}},
        {"type":"Feature","properties":{"id":"ua_21"},"geometry":{"type":"Polygon","coordinates":[[[24.57,47.937],[24.639,48.048],[24.538,48.134],[24.495,48.267],[24.305,48.388],[24.145,48.375],[24.137,48.527],[23.943,48.47],[23.895,48.55],[23.533,48.724],[23.378,48.737],[23.18,48.79],[23.105,48.871],[23.012,48.855],[22.892,48.935],[22.865,49.013],[22.54,49.072],[22.371,48.858],[22.322,48.7],[22.154,48.586],[22.133,48.405],[22.158,48.402],[22.272,48.403],[22.357,48.243],[22.481,48.243],[22.6,48.101],[22.746,48.116],[22.831,48.072],[22.878,47.947],[22.939,48.006],[23.063,48.007],[23.119,48.092],[23.231,48.08],[23.36,47.993],[23.485,47.974],[23.563,48.006],[23.78,47.988],[23.877,47.934],[23.977,47.962],[24.231,47.897],[24.429,47.953],[24.57,47.937]]]}},
        {"type":"Feature","properties":{"id":"ua_23"},"geometry":{"type":"Polygon","coordinates":[[[36.576,47.844],[36.308,47.814],[36.079,47.845],[36.115,47.94],[35.979,48.026],[35.964,48.089],[35.809,48.067],[35.674,48.127],[35.547,48.085],[35.245,48.13],[35.029,48.119],[34.877,48.084],[34.816,48.026],[34.915,47.943],[34.82,47.907],[34.945,47.739],[34.9,47.592],[34.833,47.526],[34.584,47.567],[34.446,47.523],[34.204,47.478],[34.298,47.272],[34.476,47.27],[34.51,47.113],[34.604,46.966],[34.718,46.929],[34.797,46.832],[34.687,46.724],[34.759,46.55],[34.858,46.542],[35.035,46.456],[35.06,46.306],[35.105,46.295],[35.214,46.412],[35.292,46.336],[35.265,46.261],[35.28,46.255],[35.38,46.368],[35.511,46.457],[35.629,46.498],[35.771,46.601],[35.902,46.653],[36.189,46.669],[36.284,46.636],[36.371,46.708],[36.524,46.759],[36.696,46.78],[36.83,46.732],[36.886,46.804],[37.038,46.877],[37.01,46.915],[37.118,47.028],[37.011,47.066],[36.914,47.284],[37.072,47.301],[37.164,47.346],[37.221,47.455],[37.1,47.478],[36.988,47.553],[36.893,47.551],[36.72,47.658],[36.65,47.79],[36.576,47.844]]]}},
        {"type":"Feature","properties":{"id":"ua_26"},"geometry":{"type":"Polygon","coordinates":[[[24.57,47.937],[24.661,47.854],[24.794,47.804],[24.929,47.714],[24.942,47.716],[25.08,47.743],[25.262,47.899],[25.753,47.935],[26.103,47.978],[26.173,47.993],[26.287,48.125],[26.303,48.212],[26.618,48.259],[26.843,48.394],[26.943,48.351],[27.026,48.397],[27.176,48.362],[27.252,48.378],[27.342,48.436],[27.504,48.472],[27.438,48.603],[27.37,48.63],[27.248,48.57],[27.113,48.559],[26.945,48.581],[26.788,48.568],[26.688,48.493],[26.566,48.457],[26.471,48.538],[26.381,48.517],[26.149,48.54],[26.062,48.628],[25.912,48.588],[25.794,48.67],[25.636,48.678],[25.629,48.76],[25.431,48.849],[25.277,48.781],[25.12,48.951],[24.978,48.977],[24.967,49.113],[24.871,49.112],[24.881,49.202],[24.833,49.34],[24.707,49.492],[24.572,49.525],[24.45,49.517],[24.387,49.391],[24.364,49.237],[24.441,49.194],[24.158,49.135],[23.906,49.107],[23.755,49.115],[23.682,49.083],[23.576,48.969],[23.575,48.834],[23.533,48.724],[23.895,48.55],[23.943,48.47],[24.137,48.527],[24.145,48.375],[24.305,48.388],[24.495,48.267],[24.538,48.134],[24.639,48.048],[24.57,47.937]]]}},
        {"type":"Feature","properties":{"id":"ua_32"},"geometry":{"type":"Polygon","coordinates":[[[30.555,51.243],[30.355,51.305],[30.329,51.389],[30.149,51.484],[29.886,51.465],[29.829,51.43],[29.618,51.486],[29.466,51.385],[29.353,51.377],[29.389,51.317],[29.27,51.237],[29.347,51.145],[29.483,51.072],[29.423,50.945],[29.508,50.859],[29.489,50.789],[29.592,50.711],[29.479,50.594],[29.494,50.423],[29.581,50.391],[29.696,50.258],[29.676,50.009],[29.734,49.947],[29.63,49.863],[29.437,49.791],[29.447,49.651],[29.562,49.536],[29.561,49.413],[29.5,49.366],[29.697,49.227],[29.862,49.174],[29.92,49.246],[30.104,49.298],[30.35,49.258],[30.42,49.336],[30.615,49.355],[30.73,49.322],[30.868,49.361],[31.156,49.556],[31.212,49.854],[31.43,49.906],[31.476,49.855],[31.707,49.847],[31.874,50.031],[31.85,50.095],[32.069,50.239],[32.139,50.35],[32.011,50.428],[32.031,50.504],[31.847,50.624],[31.748,50.553],[31.463,50.5],[31.275,50.521],[31.18,50.588],[31.205,50.671],[31.084,50.769],[30.939,50.747],[30.738,50.76],[30.78,50.844],[30.655,50.892],[30.625,51],[30.512,51.017],[30.516,51.225],[30.555,51.243]]]}},
        {"type":"Feature","properties":{"id":"ua_35"},"geometry":{"type":"Polygon","coordinates":[[[30.293,48.136],[30.348,48.164],[30.626,48.146],[30.705,48.182],[30.913,48.158],[31.007,48.211],[31.183,48.208],[31.25,48.121],[31.499,48.119],[31.76,48.092],[31.71,48.017],[31.866,47.88],[31.868,47.795],[31.986,47.813],[32.139,47.748],[32.234,47.82],[32.467,47.781],[32.64,47.8],[32.683,47.955],[32.979,48.043],[33.035,47.967],[33.057,48.026],[33.226,48.133],[33.396,48.173],[33.516,48.243],[33.478,48.541],[33.723,48.617],[33.757,48.698],[33.604,48.72],[33.658,48.806],[33.85,48.794],[33.919,48.866],[33.778,48.923],[33.543,48.903],[33.376,48.941],[33.038,49.182],[32.789,49.262],[32.753,49.188],[32.845,49.001],[32.556,48.952],[32.332,49.09],[32.149,48.98],[31.895,48.862],[31.81,48.924],[31.689,48.945],[31.544,48.924],[31.462,48.761],[31.333,48.724],[31.18,48.751],[31.055,48.728],[30.938,48.756],[30.702,48.765],[30.615,48.722],[30.541,48.619],[30.574,48.565],[30.255,48.485],[30.076,48.455],[29.94,48.376],[29.859,48.417],[29.738,48.27],[29.775,48.203],[29.892,48.185],[29.997,48.221],[30.083,48.144],[30.293,48.136]]]}},
        {"type":"Feature","properties":{"id":"ua_43"},"geometry":{"type":"Polygon","coordinates":[[[33.629,46.125],[33.647,45.98],[33.709,45.91],[33.554,45.847],[33.482,45.854],[33.265,45.754],[32.937,45.663],[32.525,45.458],[32.513,45.341],[32.663,45.32],[32.75,45.363],[32.899,45.354],[33.079,45.272],[33.26,45.156],[33.413,45.185],[33.563,45.094],[33.62,44.931],[33.571,44.852],[33.547,44.71],[33.477,44.607],[33.38,44.565],[33.645,44.425],[33.73,44.398],[33.958,44.383],[34.147,44.45],[34.275,44.546],[34.341,44.558],[34.469,44.73],[34.757,44.821],[35.006,44.835],[35.081,44.794],[35.154,44.901],[35.389,45.002],[35.417,45.071],[35.547,45.12],[35.771,45.066],[35.848,44.992],[35.993,44.998],[36.048,45.049],[36.225,45.008],[36.278,45.046],[36.44,45.067],[36.418,45.23],[36.502,45.347],[36.614,45.409],[36.412,45.436],[36.3,45.473],[36.137,45.462],[36.022,45.368],[35.792,45.412],[35.695,45.33],[35.481,45.298],[35.332,45.371],[35.002,45.729],[34.952,45.722],[34.789,45.804],[34.784,45.899],[34.689,45.974],[34.465,45.955],[34.362,46.056],[34.236,46.098],[34.105,46.095],[33.846,46.196],[33.671,46.173],[33.629,46.125]]]}},
        {"type":"Feature","properties":{"id":"ua_46"},"geometry":{"type":"Polygon","coordinates":[[[24.108,50.63],[24.106,50.539],[24.011,50.493],[23.981,50.405],[23.748,50.389],[23.659,50.327],[23.436,50.193],[23.101,49.957],[22.827,49.697],[22.777,49.68],[22.641,49.529],[22.724,49.367],[22.706,49.169],[22.853,49.085],[22.865,49.013],[22.892,48.935],[23.012,48.855],[23.105,48.871],[23.18,48.79],[23.378,48.737],[23.533,48.724],[23.575,48.834],[23.576,48.969],[23.682,49.083],[23.755,49.115],[23.906,49.107],[24.158,49.135],[24.441,49.194],[24.364,49.237],[24.387,49.391],[24.45,49.517],[24.572,49.525],[24.707,49.492],[24.729,49.555],[24.948,49.627],[25.016,49.713],[25.106,49.729],[25.099,49.817],[25.39,49.88],[25.428,49.955],[25.368,50.013],[25.202,50.095],[25.207,50.25],[25.063,50.295],[24.932,50.37],[24.773,50.341],[24.457,50.461],[24.538,50.511],[24.379,50.601],[24.248,50.582],[24.108,50.63]]]}},
        {"type":"Feature","properties":{"id":"ua_48"},"geometry":{"type":"MultiPolygon","coordinates":[[[[31.187,46.629],[31.338,46.601],[31.481,46.646],[31.579,46.617],[31.674,46.653],[31.858,46.629],[31.965,46.722],[32.172,46.747],[32.223,46.805],[32.359,46.801],[32.632,46.861],[32.822,46.827],[33.001,46.951],[33.059,47.021],[32.915,47.104],[32.976,47.187],[33.105,47.272],[33.124,47.416],[33.089,47.583],[33.005,47.592],[32.984,47.71],[33.06,47.776],[33.069,47.911],[33.035,47.967],[32.979,48.043],[32.683,47.955],[32.64,47.8],[32.467,47.781],[32.234,47.82],[32.139,47.748],[31.986,47.813],[31.868,47.795],[31.866,47.88],[31.71,48.017],[31.76,48.092],[31.499,48.119],[31.25,48.121],[31.183,48.208],[31.007,48.211],[30.913,48.158],[30.705,48.182],[30.626,48.146],[30.348,48.164],[30.293,48.136],[30.222,48.074],[30.216,47.999],[30.298,47.945],[30.322,47.837],[30.395,47.792],[30.42,47.648],[30.476,47.622],[30.78,47.634],[30.868,47.543],[30.834,47.43],[30.915,47.277],[31.04,47.251],[31.116,47.182],[31.224,47.166],[31.295,47.05],[31.215,46.974],[31.037,46.953],[31.162,46.825],[31.187,46.629]]],[[[31.852,46.522],[31.756,46.554],[31.582,46.545],[31.641,46.482],[31.816,46.483],[31.852,46.522]]]]}},
        {"type":"Feature","properties":{"id":"ua_51"},"geometry":{"type":"Polygon","coordinates":[[[28.199,45.462],[28.215,45.45],[28.267,45.44],[28.33,45.323],[28.577,45.248],[28.71,45.227],[28.816,45.326],[28.966,45.32],[29.322,45.444],[29.57,45.395],[29.65,45.346],[29.659,45.216],[29.756,45.321],[29.747,45.463],[29.59,45.559],[29.603,45.691],[29.685,45.704],[29.746,45.623],[29.865,45.672],[29.802,45.737],[29.953,45.772],[29.969,45.839],[30.138,45.82],[30.261,45.895],[30.494,46.08],[30.772,46.396],[30.755,46.516],[30.991,46.601],[31.187,46.629],[31.162,46.825],[31.037,46.953],[31.215,46.974],[31.295,47.05],[31.224,47.166],[31.116,47.182],[31.04,47.251],[30.915,47.277],[30.834,47.43],[30.868,47.543],[30.78,47.634],[30.476,47.622],[30.42,47.648],[30.395,47.792],[30.322,47.837],[30.298,47.945],[30.216,47.999],[30.222,48.074],[30.293,48.136],[30.083,48.144],[29.997,48.221],[29.892,48.185],[29.775,48.203],[29.666,48.169],[29.68,48.092],[29.435,48.113],[29.246,48.085],[29.104,48.144],[29.046,48.083],[28.862,48.001],[28.936,47.942],[29.124,47.976],[29.239,47.756],[29.137,47.484],[29.359,47.353],[29.371,47.304],[29.557,47.324],[29.53,47.124],[29.603,47.046],[29.561,46.961],[29.754,46.858],[29.931,46.803],[29.953,46.725],[29.899,46.553],[30.06,46.437],[30.081,46.374],[29.919,46.374],[29.848,46.341],[29.727,46.456],[29.599,46.363],[29.475,46.432],[29.457,46.484],[29.375,46.416],[29.201,46.357],[29.183,46.538],[29.056,46.499],[28.919,46.405],[28.984,46.221],[28.932,45.993],[28.758,45.961],[28.738,45.838],[28.564,45.735],[28.474,45.658],[28.504,45.566],[28.481,45.502],[28.27,45.521],[28.199,45.462]]]}},
        {"type":"Feature","properties":{"id":"ua_53"},"geometry":{"type":"Polygon","coordinates":[[[32.139,50.35],[32.069,50.239],[32.268,50.128],[32.409,49.976],[32.427,49.807],[32.568,49.757],[32.693,49.672],[32.754,49.547],[32.676,49.482],[32.789,49.334],[32.789,49.262],[33.038,49.182],[33.376,48.941],[33.543,48.903],[33.778,48.923],[33.919,48.866],[34.237,48.746],[34.316,48.84],[34.301,48.964],[34.43,49.075],[34.837,49.181],[34.984,49.164],[34.955,49.24],[35.025,49.317],[35.188,49.292],[35.361,49.392],[35.314,49.468],[35.475,49.56],[35.42,49.637],[35.239,49.705],[35.191,49.832],[34.888,49.918],[34.841,50],[34.913,50.056],[34.908,50.146],[34.814,50.16],[34.634,50.115],[34.504,50.175],[34.378,50.343],[34.259,50.436],[34.246,50.535],[34.048,50.471],[33.913,50.53],[33.721,50.463],[33.34,50.525],[33.062,50.538],[32.883,50.401],[32.727,50.358],[32.503,50.37],[32.376,50.409],[32.224,50.343],[32.139,50.35]]]}},
        {"type":"Feature","properties":{"id":"ua_56"},"geometry":{"type":"Polygon","coordinates":[[[27.512,51.623],[27.254,51.595],[27.178,51.747],[27.022,51.765],[26.855,51.749],[26.666,51.801],[26.446,51.806],[26.408,51.851],[26.175,51.857],[26.081,51.901],[25.768,51.929],[25.547,51.919],[25.655,51.893],[25.628,51.804],[25.524,51.725],[25.515,51.615],[25.556,51.535],[25.554,51.358],[25.821,51.373],[25.808,51.332],[25.929,51.24],[26.056,51.184],[26.024,51.073],[26.09,50.976],[25.868,50.781],[25.837,50.636],[25.603,50.707],[25.295,50.616],[25.271,50.54],[25.093,50.465],[25.195,50.37],[25.063,50.295],[25.207,50.25],[25.202,50.095],[25.368,50.013],[25.467,50.105],[25.693,50.173],[25.809,50.179],[25.947,50.265],[26.166,50.242],[26.233,50.152],[26.399,50.249],[26.465,50.248],[26.637,50.356],[26.746,50.467],[26.909,50.532],[26.976,50.519],[27.126,50.582],[27.192,50.541],[27.192,50.618],[27.272,50.737],[27.198,50.991],[27.295,51.044],[27.449,51.228],[27.502,51.44],[27.666,51.49],[27.705,51.568],[27.512,51.623]]]}},
        {"type":"Feature","properties":{"id":"ua_59"},"geometry":{"type":"Polygon","coordinates":[[[33.062,50.538],[33.34,50.525],[33.721,50.463],[33.913,50.53],[34.048,50.471],[34.246,50.535],[34.259,50.436],[34.378,50.343],[34.504,50.175],[34.634,50.115],[34.814,50.16],[34.908,50.146],[35.135,50.245],[35.426,50.33],[35.494,50.302],[35.692,50.344],[35.57,50.376],[35.523,50.46],[35.425,50.5],[35.378,50.622],[35.445,50.688],[35.342,50.916],[35.282,50.961],[35.309,51.047],[35.173,51.041],[35.099,51.183],[34.962,51.215],[34.748,51.165],[34.622,51.225],[34.409,51.253],[34.282,51.226],[34.28,51.361],[34.22,51.427],[34.224,51.515],[34.128,51.681],[34.376,51.709],[34.371,51.827],[34.146,51.952],[34.068,52.031],[34.056,52.17],[33.804,52.355],[33.688,52.356],[33.532,52.289],[33.401,52.344],[33.318,52.21],[33.33,52.151],[33.449,52.088],[33.373,52.047],[33.366,51.947],[33.161,51.904],[33.062,51.793],[33.153,51.693],[33.151,51.559],[33.074,51.285],[32.945,51.095],[33.065,51.066],[33.182,50.971],[33.062,50.538]]]}},
        {"type":"Feature","properties":{"id":"ua_61"},"geometry":{"type":"Polygon","coordinates":[[[25.368,50.013],[25.428,49.955],[25.39,49.88],[25.099,49.817],[25.106,49.729],[25.016,49.713],[24.948,49.627],[24.729,49.555],[24.707,49.492],[24.833,49.34],[24.881,49.202],[24.871,49.112],[24.967,49.113],[24.978,48.977],[25.12,48.951],[25.277,48.781],[25.431,48.849],[25.629,48.76],[25.636,48.678],[25.794,48.67],[25.912,48.588],[26.062,48.628],[26.149,48.54],[26.381,48.517],[26.235,48.685],[26.239,48.819],[26.193,48.902],[26.232,49.079],[26.199,49.175],[26.256,49.294],[26.229,49.397],[26.148,49.517],[26.253,49.662],[26.151,49.957],[26.272,50.117],[26.233,50.152],[26.166,50.242],[25.947,50.265],[25.809,50.179],[25.693,50.173],[25.467,50.105],[25.368,50.013]]]}},
        {"type":"Feature","properties":{"id":"ua_63"},"geometry":{"type":"Polygon","coordinates":[[[34.908,50.146],[34.913,50.056],[34.841,50],[34.888,49.918],[35.191,49.832],[35.239,49.705],[35.42,49.637],[35.475,49.56],[35.314,49.468],[35.361,49.392],[35.188,49.292],[35.025,49.317],[34.955,49.24],[34.984,49.164],[35.148,49.153],[35.456,48.977],[35.784,48.935],[35.931,48.976],[36.072,48.829],[36.138,48.721],[36.271,48.647],[36.342,48.531],[36.455,48.638],[36.576,48.605],[36.725,48.626],[36.69,48.778],[37.181,48.831],[37.374,49.053],[37.601,49.145],[37.547,49.227],[37.771,49.204],[37.847,49.232],[37.885,49.313],[37.864,49.417],[37.963,49.52],[37.944,49.597],[38.065,49.837],[38.023,49.909],[37.916,50.003],[37.728,50.079],[37.589,50.215],[37.599,50.291],[37.48,50.34],[37.435,50.425],[37.285,50.415],[37.197,50.362],[36.914,50.339],[36.683,50.261],[36.4,50.307],[36.269,50.281],[36.106,50.421],[35.837,50.423],[35.692,50.344],[35.494,50.302],[35.426,50.33],[35.135,50.245],[34.908,50.146]]]}},
        {"type":"Feature","properties":{"id":"ua_65"},"geometry":{"type":"Polygon","coordinates":[[[35.002,45.729],[34.874,45.926],[34.811,46.166],[34.839,46.208],[35.031,46.252],[35.105,46.295],[35.06,46.306],[35.035,46.456],[34.858,46.542],[34.759,46.55],[34.687,46.724],[34.797,46.832],[34.718,46.929],[34.604,46.966],[34.51,47.113],[34.476,47.27],[34.298,47.272],[34.204,47.478],[33.902,47.514],[33.654,47.487],[33.477,47.53],[33.371,47.515],[33.089,47.583],[33.124,47.416],[33.105,47.272],[32.976,47.187],[32.915,47.104],[33.059,47.021],[33.001,46.951],[32.822,46.827],[32.632,46.861],[32.359,46.801],[32.223,46.805],[32.172,46.747],[31.965,46.722],[32.023,46.629],[32.336,46.562],[32.427,46.499],[32.276,46.471],[32.112,46.512],[31.852,46.522],[31.816,46.483],[32.008,46.449],[31.968,46.351],[31.817,46.348],[32.115,46.215],[32.239,46.195],[32.262,46.128],[32.503,46.076],[32.79,46.134],[32.913,46.115],[33.293,46.136],[33.424,46.053],[33.532,46.122],[33.629,46.125],[33.671,46.173],[33.846,46.196],[34.105,46.095],[34.236,46.098],[34.362,46.056],[34.465,45.955],[34.689,45.974],[34.784,45.899],[34.789,45.804],[34.952,45.722],[35.002,45.729]]]}},
        {"type":"Feature","properties":{"id":"ua_68"},"geometry":{"type":"Polygon","coordinates":[[[26.233,50.152],[26.272,50.117],[26.151,49.957],[26.253,49.662],[26.148,49.517],[26.229,49.397],[26.256,49.294],[26.199,49.175],[26.232,49.079],[26.193,48.902],[26.239,48.819],[26.235,48.685],[26.381,48.517],[26.471,48.538],[26.566,48.457],[26.688,48.493],[26.788,48.568],[26.945,48.581],[27.113,48.559],[27.248,48.57],[27.37,48.63],[27.425,48.777],[27.372,48.93],[27.399,49.021],[27.5,49.126],[27.64,49.156],[27.767,49.116],[27.889,49.163],[27.877,49.277],[27.729,49.489],[27.809,49.618],[27.752,49.674],[27.868,49.76],[27.661,49.799],[27.548,50.008],[27.646,50.169],[27.472,50.252],[27.229,50.395],[27.26,50.49],[27.192,50.541],[27.126,50.582],[26.976,50.519],[26.909,50.532],[26.746,50.467],[26.637,50.356],[26.465,50.248],[26.399,50.249],[26.233,50.152]]]}},
        {"type":"Feature","properties":{"id":"ua_71"},"geometry":{"type":"Polygon","coordinates":[[[29.697,49.227],[29.704,49.128],[29.597,49.023],[29.675,48.987],[29.772,48.769],[29.959,48.652],[30.076,48.455],[30.255,48.485],[30.574,48.565],[30.541,48.619],[30.615,48.722],[30.702,48.765],[30.938,48.756],[31.055,48.728],[31.18,48.751],[31.333,48.724],[31.462,48.761],[31.544,48.924],[31.689,48.945],[31.81,48.924],[31.895,48.862],[32.149,48.98],[32.332,49.09],[32.556,48.952],[32.845,49.001],[32.753,49.188],[32.789,49.262],[32.789,49.334],[32.676,49.482],[32.754,49.547],[32.693,49.672],[32.568,49.757],[32.427,49.807],[32.409,49.976],[32.268,50.128],[32.069,50.239],[31.85,50.095],[31.874,50.031],[31.707,49.847],[31.476,49.855],[31.43,49.906],[31.212,49.854],[31.156,49.556],[30.868,49.361],[30.73,49.322],[30.615,49.355],[30.42,49.336],[30.35,49.258],[30.104,49.298],[29.92,49.246],[29.862,49.174],[29.697,49.227]]]}},
        {"type":"Feature","properties":{"id":"ua_74"},"geometry":{"type":"Polygon","coordinates":[[[31.764,52.101],[31.475,52.118],[31.304,52.097],[31.252,52.044],[31.135,52.077],[30.959,52.075],[30.941,52.02],[30.662,51.819],[30.57,51.7],[30.534,51.553],[30.638,51.336],[30.555,51.243],[30.516,51.225],[30.512,51.017],[30.625,51],[30.655,50.892],[30.78,50.844],[30.738,50.76],[30.939,50.747],[31.084,50.769],[31.205,50.671],[31.18,50.588],[31.275,50.521],[31.463,50.5],[31.748,50.553],[31.847,50.624],[32.031,50.504],[32.011,50.428],[32.139,50.35],[32.224,50.343],[32.376,50.409],[32.503,50.37],[32.727,50.358],[32.883,50.401],[33.062,50.538],[33.182,50.971],[33.065,51.066],[32.945,51.095],[33.074,51.285],[33.151,51.559],[33.153,51.693],[33.062,51.793],[33.161,51.904],[33.366,51.947],[33.373,52.047],[33.449,52.088],[33.33,52.151],[33.318,52.21],[33.401,52.344],[33.197,52.369],[32.927,52.247],[32.725,52.252],[32.528,52.316],[32.34,52.287],[32.307,52.141],[32.233,52.081],[32.096,52.041],[31.892,52.036],[31.764,52.101]]]}},
        {"type":"Feature","properties":{"id":"va_x01"},"geometry":{"type":"Polygon","coordinates":[[[12.453,41.904],[12.453,41.903],[12.454,41.903],[12.454,41.904],[12.453,41.904]]]}},
        {"type":"Feature","properties":{"id":"xk_x18"},"geometry":{"type":"Polygon","coordinates":[[[21.564,42.246],[21.515,42.318],[21.597,42.372],[21.619,42.449],[21.718,42.551],[21.744,42.679],[21.613,42.68],[21.48,42.732],[21.387,42.755],[21.408,42.842],[21.232,42.911],[21.093,43.091],[20.993,43.104],[20.912,43.139],[20.839,43.17],[20.81,43.26],[20.598,43.185],[20.644,43.052],[20.617,43.022],[20.476,42.966],[20.494,42.887],[20.345,42.827],[20.319,42.824],[20.226,42.807],[20.183,42.743],[20.056,42.764],[20.037,42.707],[20.104,42.653],[20.065,42.547],[20.153,42.493],[20.25,42.319],[20.333,42.318],[20.474,42.237],[20.552,42.074],[20.599,41.948],[20.567,41.873],[20.714,41.859],[20.751,41.91],[20.751,41.94],[20.785,42.082],[20.904,42.117],[20.975,42.135],[21.041,42.16],[21.098,42.196],[21.229,42.104],[21.246,42.096],[21.301,42.098],[21.361,42.22],[21.472,42.239],[21.482,42.248],[21.564,42.246]]]}}
    ]
}
